id,text,language
0,مقبول لكنه ليس الأفضل,ar
1,Absolutely fantastic experience!,en
2,من خیلی ناراحتم,fa
3,من خیلی ناراحتم,fa
4,Ich bin enttäuscht.,de
5,What a beautiful day!,en
6,مقبول لكنه ليس الأفضل,ar
7,This is terrible...,en
8,Das war unglaublich!,de
9,مقبول لكنه ليس الأفضل,ar
10,"Nicht schlecht, aber nicht gut.",de
11,I love this!,en
12,Ich bin enttäuscht.,de
13,I am so tired of this nonsense.,en
14,Absolutely fantastic experience!,en
15,Das war unglaublich!,de
16,I love this!,en
17,این بهترین روز من بود,fa
18,I love this!,en
19,"Nicht schlecht, aber nicht gut.",de
20,I love this!,en
21,I love this!,en
22,Could be better.,en
23,This is terrible...,en
24,Absolutely fantastic experience!,en
25,Absolutely fantastic experience!,en
26,मैं इससे खुश नहीं हूँ।,hi
27,خوب بود اما می‌توانست بهتر باشد,fa
28,What a beautiful day!,en
29,Absolutely fantastic experience!,en
30,من خیلی ناراحتم,fa
31,اليوم كان رائعًا,ar
32,من خیلی ناراحتم,fa
33,I am so tired of this nonsense.,en
34,मैं इससे खुश नहीं हूँ।,hi
35,خوب بود اما می‌توانست بهتر باشد,fa
36,मैं इससे खुश नहीं हूँ।,hi
37,Could be better.,en
38,این بهترین روز من بود,fa
39,This is terrible...,en
40,مقبول لكنه ليس الأفضل,ar
41,اليوم كان رائعًا,ar
42,यह ठीक था।,hi
43,این بهترین روز من بود,fa
44,من خیلی ناراحتم,fa
45,What a beautiful day!,en
46,I am so tired of this nonsense.,en
47,I love this!,en
48,Could be better.,en
49,خوب بود اما می‌توانست بهتر باشد,fa
50,Das war unglaublich!,de
51,I am so tired of this nonsense.,en
52,बहुत ही अच्छा प्रदर्शन!,hi
53,Das war unglaublich!,de
54,اليوم كان رائعًا,ar
55,Ich bin enttäuscht.,de
56,What a beautiful day!,en
57,I love this!,en
58,यह ठीक था।,hi
59,मैं इससे खुश नहीं हूँ।,hi
60,What a beautiful day!,en
61,मैं इससे खुश नहीं हूँ।,hi
62,من خیلی ناراحتم,fa
63,من خیلی ناراحتم,fa
64,اليوم كان رائعًا,ar
65,I love this!,en
66,اليوم كان رائعًا,ar
67,خوب بود اما می‌توانست بهتر باشد,fa
68,لا يعجبني هذا,ar
69,यह ठीक था।,hi
70,बहुत ही अच्छा प्रदर्शन!,hi
71,Worst day ever.,en
72,What a beautiful day!,en
73,I am so tired of this nonsense.,en
74,मैं इससे खुश नहीं हूँ।,hi
75,من خیلی ناراحتم,fa
76,I love this!,en
77,Could be better.,en
78,What a beautiful day!,en
79,Das war unglaublich!,de
80,I am so tired of this nonsense.,en
81,Worst day ever.,en
82,What a beautiful day!,en
83,"Nicht schlecht, aber nicht gut.",de
84,What a beautiful day!,en
85,बहुत ही अच्छा प्रदर्शन!,hi
86,This is terrible...,en
87,Ich bin enttäuscht.,de
88,خوب بود اما می‌توانست بهتر باشد,fa
89,Could be better.,en
90,यह ठीक था।,hi
91,مقبول لكنه ليس الأفضل,ar
92,"Nicht schlecht, aber nicht gut.",de
93,Das war unglaublich!,de
94,I love this!,en
95,Worst day ever.,en
96,Could be better.,en
97,مقبول لكنه ليس الأفضل,ar
98,لا يعجبني هذا,ar
99,این بهترین روز من بود,fa
100,I am so tired of this nonsense.,en
101,Worst day ever.,en
102,मैं इससे खुश नहीं हूँ।,hi
103,यह ठीक था।,hi
104,لا يعجبني هذا,ar
105,Ich bin enttäuscht.,de
106,خوب بود اما می‌توانست بهتر باشد,fa
107,Das war unglaublich!,de
108,I am so tired of this nonsense.,en
109,यह ठीक था।,hi
110,Absolutely fantastic experience!,en
111,Das war unglaublich!,de
112,बहुत ही अच्छा प्रदर्शन!,hi
113,मैं इससे खुश नहीं हूँ।,hi
114,I love this!,en
115,I am so tired of this nonsense.,en
116,यह ठीक था।,hi
117,What a beautiful day!,en
118,مقبول لكنه ليس الأفضل,ar
119,This is terrible...,en
120,बहुत ही अच्छा प्रदर्शन!,hi
121,اليوم كان رائعًا,ar
122,من خیلی ناراحتم,fa
123,Das war unglaublich!,de
124,من خیلی ناراحتم,fa
125,यह ठीक था।,hi
126,خوب بود اما می‌توانست بهتر باشد,fa
127,من خیلی ناراحتم,fa
128,لا يعجبني هذا,ar
129,This is terrible...,en
130,خوب بود اما می‌توانست بهتر باشد,fa
131,यह ठीक था।,hi
132,बहुत ही अच्छा प्रदर्शन!,hi
133,What a beautiful day!,en
134,خوب بود اما می‌توانست بهتر باشد,fa
135,خوب بود اما می‌توانست بهتر باشد,fa
136,I love this!,en
137,I love this!,en
138,This is terrible...,en
139,من خیلی ناراحتم,fa
140,"Nicht schlecht, aber nicht gut.",de
141,من خیلی ناراحتم,fa
142,I love this!,en
143,مقبول لكنه ليس الأفضل,ar
144,لا يعجبني هذا,ar
145,Absolutely fantastic experience!,en
146,I love this!,en
147,Could be better.,en
148,اليوم كان رائعًا,ar
149,बहुत ही अच्छा प्रदर्शन!,hi
150,این بهترین روز من بود,fa
151,बहुत ही अच्छा प्रदर्शन!,hi
152,"Nicht schlecht, aber nicht gut.",de
153,خوب بود اما می‌توانست بهتر باشد,fa
154,"Nicht schlecht, aber nicht gut.",de
155,Worst day ever.,en
156,مقبول لكنه ليس الأفضل,ar
157,यह ठीक था।,hi
158,من خیلی ناراحتم,fa
159,Could be better.,en
160,Absolutely fantastic experience!,en
161,मैं इससे खुश नहीं हूँ।,hi
162,Could be better.,en
163,این بهترین روز من بود,fa
164,Ich bin enttäuscht.,de
165,اليوم كان رائعًا,ar
166,I am so tired of this nonsense.,en
167,مقبول لكنه ليس الأفضل,ar
168,"Nicht schlecht, aber nicht gut.",de
169,Ich bin enttäuscht.,de
170,Ich bin enttäuscht.,de
171,خوب بود اما می‌توانست بهتر باشد,fa
172,Could be better.,en
173,This is terrible...,en
174,यह ठीक था।,hi
175,बहुत ही अच्छा प्रदर्शन!,hi
176,मैं इससे खुश नहीं हूँ।,hi
177,Das war unglaublich!,de
178,What a beautiful day!,en
179,این بهترین روز من بود,fa
180,خوب بود اما می‌توانست بهتر باشد,fa
181,मैं इससे खुश नहीं हूँ।,hi
182,Worst day ever.,en
183,Absolutely fantastic experience!,en
184,اليوم كان رائعًا,ar
185,Worst day ever.,en
186,यह ठीक था।,hi
187,I love this!,en
188,این بهترین روز من بود,fa
189,لا يعجبني هذا,ar
190,خوب بود اما می‌توانست بهتر باشد,fa
191,बहुत ही अच्छा प्रदर्शन!,hi
192,Could be better.,en
193,I am so tired of this nonsense.,en
194,Absolutely fantastic experience!,en
195,خوب بود اما می‌توانست بهتر باشد,fa
196,I am so tired of this nonsense.,en
197,من خیلی ناراحتم,fa
198,मैं इससे खुश नहीं हूँ।,hi
199,اليوم كان رائعًا,ar
200,خوب بود اما می‌توانست بهتر باشد,fa
201,What a beautiful day!,en
202,Could be better.,en
203,"Nicht schlecht, aber nicht gut.",de
204,Could be better.,en
205,این بهترین روز من بود,fa
206,यह ठीक था।,hi
207,Worst day ever.,en
208,बहुत ही अच्छा प्रदर्शन!,hi
209,मैं इससे खुश नहीं हूँ।,hi
210,What a beautiful day!,en
211,"Nicht schlecht, aber nicht gut.",de
212,What a beautiful day!,en
213,لا يعجبني هذا,ar
214,I love this!,en
215,من خیلی ناراحتم,fa
216,This is terrible...,en
217,Das war unglaublich!,de
218,من خیلی ناراحتم,fa
219,اليوم كان رائعًا,ar
220,What a beautiful day!,en
221,I love this!,en
222,Absolutely fantastic experience!,en
223,Ich bin enttäuscht.,de
224,Worst day ever.,en
225,Das war unglaublich!,de
226,مقبول لكنه ليس الأفضل,ar
227,What a beautiful day!,en
228,Das war unglaublich!,de
229,This is terrible...,en
230,خوب بود اما می‌توانست بهتر باشد,fa
231,Ich bin enttäuscht.,de
232,यह ठीक था।,hi
233,I am so tired of this nonsense.,en
234,اليوم كان رائعًا,ar
235,"Nicht schlecht, aber nicht gut.",de
236,What a beautiful day!,en
237,مقبول لكنه ليس الأفضل,ar
238,मैं इससे खुश नहीं हूँ।,hi
239,Worst day ever.,en
240,Could be better.,en
241,Could be better.,en
242,Ich bin enttäuscht.,de
243,اليوم كان رائعًا,ar
244,This is terrible...,en
245,Could be better.,en
246,मैं इससे खुश नहीं हूँ।,hi
247,"Nicht schlecht, aber nicht gut.",de
248,مقبول لكنه ليس الأفضل,ar
249,I love this!,en
250,مقبول لكنه ليس الأفضل,ar
251,यह ठीक था।,hi
252,I love this!,en
253,Ich bin enttäuscht.,de
254,من خیلی ناراحتم,fa
255,لا يعجبني هذا,ar
256,Absolutely fantastic experience!,en
257,"Nicht schlecht, aber nicht gut.",de
258,I love this!,en
259,لا يعجبني هذا,ar
260,Could be better.,en
261,This is terrible...,en
262,خوب بود اما می‌توانست بهتر باشد,fa
263,Ich bin enttäuscht.,de
264,"Nicht schlecht, aber nicht gut.",de
265,مقبول لكنه ليس الأفضل,ar
266,Worst day ever.,en
267,"Nicht schlecht, aber nicht gut.",de
268,خوب بود اما می‌توانست بهتر باشد,fa
269,اليوم كان رائعًا,ar
270,यह ठीक था।,hi
271,This is terrible...,en
272,Worst day ever.,en
273,Could be better.,en
274,خوب بود اما می‌توانست بهتر باشد,fa
275,Worst day ever.,en
276,خوب بود اما می‌توانست بهتر باشد,fa
277,This is terrible...,en
278,मैं इससे खुश नहीं हूँ।,hi
279,Das war unglaublich!,de
280,لا يعجبني هذا,ar
281,من خیلی ناراحتم,fa
282,Could be better.,en
283,बहुत ही अच्छा प्रदर्शन!,hi
284,مقبول لكنه ليس الأفضل,ar
285,خوب بود اما می‌توانست بهتر باشد,fa
286,خوب بود اما می‌توانست بهتر باشد,fa
287,خوب بود اما می‌توانست بهتر باشد,fa
288,Absolutely fantastic experience!,en
289,यह ठीक था।,hi
290,این بهترین روز من بود,fa
291,Das war unglaublich!,de
292,What a beautiful day!,en
293,Worst day ever.,en
294,I am so tired of this nonsense.,en
295,"Nicht schlecht, aber nicht gut.",de
296,من خیلی ناراحتم,fa
297,बहुत ही अच्छा प्रदर्शन!,hi
298,I am so tired of this nonsense.,en
299,यह ठीक था।,hi
300,I love this!,en
301,Could be better.,en
302,لا يعجبني هذا,ar
303,Das war unglaublich!,de
304,मैं इससे खुश नहीं हूँ।,hi
305,बहुत ही अच्छा प्रदर्शन!,hi
306,मैं इससे खुश नहीं हूँ।,hi
307,این بهترین روز من بود,fa
308,مقبول لكنه ليس الأفضل,ar
309,من خیلی ناراحتم,fa
310,Could be better.,en
311,What a beautiful day!,en
312,این بهترین روز من بود,fa
313,اليوم كان رائعًا,ar
314,Absolutely fantastic experience!,en
315,اليوم كان رائعًا,ar
316,اليوم كان رائعًا,ar
317,لا يعجبني هذا,ar
318,बहुत ही अच्छा प्रदर्शन!,hi
319,لا يعجبني هذا,ar
320,"Nicht schlecht, aber nicht gut.",de
321,Das war unglaublich!,de
322,Ich bin enttäuscht.,de
323,I love this!,en
324,این بهترین روز من بود,fa
325,यह ठीक था।,hi
326,Could be better.,en
327,خوب بود اما می‌توانست بهتر باشد,fa
328,What a beautiful day!,en
329,Could be better.,en
330,"Nicht schlecht, aber nicht gut.",de
331,این بهترین روز من بود,fa
332,خوب بود اما می‌توانست بهتر باشد,fa
333,I am so tired of this nonsense.,en
334,مقبول لكنه ليس الأفضل,ar
335,Das war unglaublich!,de
336,This is terrible...,en
337,Worst day ever.,en
338,اليوم كان رائعًا,ar
339,बहुत ही अच्छा प्रदर्शन!,hi
340,لا يعجبني هذا,ar
341,बहुत ही अच्छा प्रदर्शन!,hi
342,من خیلی ناراحتم,fa
343,لا يعجبني هذا,ar
344,Das war unglaublich!,de
345,I am so tired of this nonsense.,en
346,خوب بود اما می‌توانست بهتر باشد,fa
347,مقبول لكنه ليس الأفضل,ar
348,This is terrible...,en
349,Worst day ever.,en
350,Das war unglaublich!,de
351,"Nicht schlecht, aber nicht gut.",de
352,Das war unglaublich!,de
353,Worst day ever.,en
354,Das war unglaublich!,de
355,Das war unglaublich!,de
356,I love this!,en
357,این بهترین روز من بود,fa
358,मैं इससे खुश नहीं हूँ।,hi
359,Absolutely fantastic experience!,en
360,I am so tired of this nonsense.,en
361,मैं इससे खुश नहीं हूँ।,hi
362,बहुत ही अच्छा प्रदर्शन!,hi
363,لا يعجبني هذا,ar
364,خوب بود اما می‌توانست بهتر باشد,fa
365,Could be better.,en
366,Absolutely fantastic experience!,en
367,I love this!,en
368,Could be better.,en
369,मैं इससे खुश नहीं हूँ।,hi
370,I love this!,en
371,I love this!,en
372,This is terrible...,en
373,What a beautiful day!,en
374,Worst day ever.,en
375,خوب بود اما می‌توانست بهتر باشد,fa
376,Absolutely fantastic experience!,en
377,Could be better.,en
378,مقبول لكنه ليس الأفضل,ar
379,मैं इससे खुश नहीं हूँ।,hi
380,من خیلی ناراحتم,fa
381,I am so tired of this nonsense.,en
382,Absolutely fantastic experience!,en
383,What a beautiful day!,en
384,Absolutely fantastic experience!,en
385,Ich bin enttäuscht.,de
386,من خیلی ناراحتم,fa
387,What a beautiful day!,en
388,اليوم كان رائعًا,ar
389,Absolutely fantastic experience!,en
390,خوب بود اما می‌توانست بهتر باشد,fa
391,Das war unglaublich!,de
392,خوب بود اما می‌توانست بهتر باشد,fa
393,لا يعجبني هذا,ar
394,I love this!,en
395,Worst day ever.,en
396,"Nicht schlecht, aber nicht gut.",de
397,बहुत ही अच्छा प्रदर्शन!,hi
398,I love this!,en
399,مقبول لكنه ليس الأفضل,ar
400,Absolutely fantastic experience!,en
401,اليوم كان رائعًا,ar
402,لا يعجبني هذا,ar
403,من خیلی ناراحتم,fa
404,What a beautiful day!,en
405,मैं इससे खुश नहीं हूँ।,hi
406,این بهترین روز من بود,fa
407,Das war unglaublich!,de
408,Could be better.,en
409,What a beautiful day!,en
410,This is terrible...,en
411,बहुत ही अच्छा प्रदर्शन!,hi
412,خوب بود اما می‌توانست بهتر باشد,fa
413,मैं इससे खुश नहीं हूँ।,hi
414,من خیلی ناراحتم,fa
415,این بهترین روز من بود,fa
416,मैं इससे खुश नहीं हूँ।,hi
417,यह ठीक था।,hi
418,This is terrible...,en
419,خوب بود اما می‌توانست بهتر باشد,fa
420,I love this!,en
421,बहुत ही अच्छा प्रदर्शन!,hi
422,Absolutely fantastic experience!,en
423,I love this!,en
424,I am so tired of this nonsense.,en
425,Das war unglaublich!,de
426,لا يعجبني هذا,ar
427,I am so tired of this nonsense.,en
428,"Nicht schlecht, aber nicht gut.",de
429,مقبول لكنه ليس الأفضل,ar
430,मैं इससे खुश नहीं हूँ।,hi
431,बहुत ही अच्छा प्रदर्शन!,hi
432,I love this!,en
433,Worst day ever.,en
434,من خیلی ناراحتم,fa
435,Worst day ever.,en
436,Das war unglaublich!,de
437,I love this!,en
438,I love this!,en
439,مقبول لكنه ليس الأفضل,ar
440,لا يعجبني هذا,ar
441,मैं इससे खुश नहीं हूँ।,hi
442,यह ठीक था।,hi
443,What a beautiful day!,en
444,خوب بود اما می‌توانست بهتر باشد,fa
445,Absolutely fantastic experience!,en
446,I love this!,en
447,Das war unglaublich!,de
448,لا يعجبني هذا,ar
449,این بهترین روز من بود,fa
450,اليوم كان رائعًا,ar
451,Das war unglaublich!,de
452,यह ठीक था।,hi
453,Das war unglaublich!,de
454,I am so tired of this nonsense.,en
455,"Nicht schlecht, aber nicht gut.",de
456,What a beautiful day!,en
457,बहुत ही अच्छा प्रदर्शन!,hi
458,I am so tired of this nonsense.,en
459,خوب بود اما می‌توانست بهتر باشد,fa
460,यह ठीक था।,hi
461,Could be better.,en
462,This is terrible...,en
463,این بهترین روز من بود,fa
464,خوب بود اما می‌توانست بهتر باشد,fa
465,لا يعجبني هذا,ar
466,خوب بود اما می‌توانست بهتر باشد,fa
467,Absolutely fantastic experience!,en
468,مقبول لكنه ليس الأفضل,ar
469,Ich bin enttäuscht.,de
470,Das war unglaublich!,de
471,"Nicht schlecht, aber nicht gut.",de
472,Das war unglaublich!,de
473,مقبول لكنه ليس الأفضل,ar
474,यह ठीक था।,hi
475,اليوم كان رائعًا,ar
476,Could be better.,en
477,Ich bin enttäuscht.,de
478,What a beautiful day!,en
479,I love this!,en
480,Could be better.,en
481,"Nicht schlecht, aber nicht gut.",de
482,"Nicht schlecht, aber nicht gut.",de
483,Ich bin enttäuscht.,de
484,Das war unglaublich!,de
485,این بهترین روز من بود,fa
486,Ich bin enttäuscht.,de
487,This is terrible...,en
488,خوب بود اما می‌توانست بهتر باشد,fa
489,Could be better.,en
490,Could be better.,en
491,What a beautiful day!,en
492,What a beautiful day!,en
493,این بهترین روز من بود,fa
494,This is terrible...,en
495,Ich bin enttäuscht.,de
496,Could be better.,en
497,من خیلی ناراحتم,fa
498,من خیلی ناراحتم,fa
499,I am so tired of this nonsense.,en
500,Could be better.,en
501,"Nicht schlecht, aber nicht gut.",de
502,Could be better.,en
503,Worst day ever.,en
504,این بهترین روز من بود,fa
505,Das war unglaublich!,de
506,Das war unglaublich!,de
507,Ich bin enttäuscht.,de
508,خوب بود اما می‌توانست بهتر باشد,fa
509,I am so tired of this nonsense.,en
510,Das war unglaublich!,de
511,Absolutely fantastic experience!,en
512,यह ठीक था।,hi
513,لا يعجبني هذا,ar
514,बहुत ही अच्छा प्रदर्शन!,hi
515,خوب بود اما می‌توانست بهتر باشد,fa
516,من خیلی ناراحتم,fa
517,Das war unglaublich!,de
518,What a beautiful day!,en
519,لا يعجبني هذا,ar
520,This is terrible...,en
521,این بهترین روز من بود,fa
522,لا يعجبني هذا,ar
523,مقبول لكنه ليس الأفضل,ar
524,This is terrible...,en
525,This is terrible...,en
526,مقبول لكنه ليس الأفضل,ar
527,این بهترین روز من بود,fa
528,यह ठीक था।,hi
529,यह ठीक था।,hi
530,What a beautiful day!,en
531,I love this!,en
532,Absolutely fantastic experience!,en
533,Could be better.,en
534,What a beautiful day!,en
535,Worst day ever.,en
536,اليوم كان رائعًا,ar
537,मैं इससे खुश नहीं हूँ।,hi
538,من خیلی ناراحتم,fa
539,من خیلی ناراحتم,fa
540,Ich bin enttäuscht.,de
541,बहुत ही अच्छा प्रदर्शन!,hi
542,من خیلی ناراحتم,fa
543,اليوم كان رائعًا,ar
544,मैं इससे खुश नहीं हूँ।,hi
545,این بهترین روز من بود,fa
546,مقبول لكنه ليس الأفضل,ar
547,لا يعجبني هذا,ar
548,I am so tired of this nonsense.,en
549,I love this!,en
550,مقبول لكنه ليس الأفضل,ar
551,यह ठीक था।,hi
552,Das war unglaublich!,de
553,यह ठीक था।,hi
554,I am so tired of this nonsense.,en
555,Ich bin enttäuscht.,de
556,لا يعجبني هذا,ar
557,I am so tired of this nonsense.,en
558,خوب بود اما می‌توانست بهتر باشد,fa
559,Absolutely fantastic experience!,en
560,मैं इससे खुश नहीं हूँ।,hi
561,این بهترین روز من بود,fa
562,What a beautiful day!,en
563,I am so tired of this nonsense.,en
564,لا يعجبني هذا,ar
565,این بهترین روز من بود,fa
566,I love this!,en
567,Could be better.,en
568,اليوم كان رائعًا,ar
569,बहुत ही अच्छा प्रदर्शन!,hi
570,من خیلی ناراحتم,fa
571,مقبول لكنه ليس الأفضل,ar
572,Worst day ever.,en
573,I love this!,en
574,من خیلی ناراحتم,fa
575,I am so tired of this nonsense.,en
576,मैं इससे खुश नहीं हूँ।,hi
577,मैं इससे खुश नहीं हूँ।,hi
578,Das war unglaublich!,de
579,यह ठीक था।,hi
580,मैं इससे खुश नहीं हूँ।,hi
581,What a beautiful day!,en
582,این بهترین روز من بود,fa
583,Absolutely fantastic experience!,en
584,"Nicht schlecht, aber nicht gut.",de
585,I am so tired of this nonsense.,en
586,I am so tired of this nonsense.,en
587,What a beautiful day!,en
588,Absolutely fantastic experience!,en
589,Das war unglaublich!,de
590,This is terrible...,en
591,مقبول لكنه ليس الأفضل,ar
592,Absolutely fantastic experience!,en
593,बहुत ही अच्छा प्रदर्शन!,hi
594,This is terrible...,en
595,बहुत ही अच्छा प्रदर्शन!,hi
596,خوب بود اما می‌توانست بهتر باشد,fa
597,Das war unglaublich!,de
598,बहुत ही अच्छा प्रदर्शन!,hi
599,اليوم كان رائعًا,ar
600,Ich bin enttäuscht.,de
601,मैं इससे खुश नहीं हूँ।,hi
602,لا يعجبني هذا,ar
603,Ich bin enttäuscht.,de
604,I am so tired of this nonsense.,en
605,لا يعجبني هذا,ar
606,बहुत ही अच्छा प्रदर्शन!,hi
607,Worst day ever.,en
608,यह ठीक था।,hi
609,من خیلی ناراحتم,fa
610,Das war unglaublich!,de
611,"Nicht schlecht, aber nicht gut.",de
612,This is terrible...,en
613,What a beautiful day!,en
614,मैं इससे खुश नहीं हूँ।,hi
615,बहुत ही अच्छा प्रदर्शन!,hi
616,यह ठीक था।,hi
617,اليوم كان رائعًا,ar
618,I love this!,en
619,من خیلی ناراحتم,fa
620,"Nicht schlecht, aber nicht gut.",de
621,من خیلی ناراحتم,fa
622,What a beautiful day!,en
623,I love this!,en
624,This is terrible...,en
625,اليوم كان رائعًا,ar
626,Worst day ever.,en
627,Absolutely fantastic experience!,en
628,این بهترین روز من بود,fa
629,Could be better.,en
630,مقبول لكنه ليس الأفضل,ar
631,मैं इससे खुश नहीं हूँ।,hi
632,Ich bin enttäuscht.,de
633,این بهترین روز من بود,fa
634,من خیلی ناراحتم,fa
635,من خیلی ناراحتم,fa
636,Absolutely fantastic experience!,en
637,Could be better.,en
638,این بهترین روز من بود,fa
639,خوب بود اما می‌توانست بهتر باشد,fa
640,Ich bin enttäuscht.,de
641,مقبول لكنه ليس الأفضل,ar
642,Das war unglaublich!,de
643,مقبول لكنه ليس الأفضل,ar
644,What a beautiful day!,en
645,What a beautiful day!,en
646,यह ठीक था।,hi
647,خوب بود اما می‌توانست بهتر باشد,fa
648,I am so tired of this nonsense.,en
649,मैं इससे खुश नहीं हूँ।,hi
650,"Nicht schlecht, aber nicht gut.",de
651,"Nicht schlecht, aber nicht gut.",de
652,मैं इससे खुश नहीं हूँ।,hi
653,यह ठीक था।,hi
654,मैं इससे खुश नहीं हूँ।,hi
655,What a beautiful day!,en
656,"Nicht schlecht, aber nicht gut.",de
657,Worst day ever.,en
658,यह ठीक था।,hi
659,This is terrible...,en
660,What a beautiful day!,en
661,Could be better.,en
662,Worst day ever.,en
663,This is terrible...,en
664,What a beautiful day!,en
665,I am so tired of this nonsense.,en
666,خوب بود اما می‌توانست بهتر باشد,fa
667,این بهترین روز من بود,fa
668,I am so tired of this nonsense.,en
669,خوب بود اما می‌توانست بهتر باشد,fa
670,I love this!,en
671,"Nicht schlecht, aber nicht gut.",de
672,Could be better.,en
673,This is terrible...,en
674,Worst day ever.,en
675,यह ठीक था।,hi
676,Could be better.,en
677,من خیلی ناراحتم,fa
678,Ich bin enttäuscht.,de
679,Worst day ever.,en
680,This is terrible...,en
681,مقبول لكنه ليس الأفضل,ar
682,I am so tired of this nonsense.,en
683,"Nicht schlecht, aber nicht gut.",de
684,لا يعجبني هذا,ar
685,बहुत ही अच्छा प्रदर्शन!,hi
686,Worst day ever.,en
687,خوب بود اما می‌توانست بهتر باشد,fa
688,This is terrible...,en
689,This is terrible...,en
690,What a beautiful day!,en
691,यह ठीक था।,hi
692,I am so tired of this nonsense.,en
693,यह ठीक था।,hi
694,Das war unglaublich!,de
695,مقبول لكنه ليس الأفضل,ar
696,I am so tired of this nonsense.,en
697,यह ठीक था।,hi
698,यह ठीक था।,hi
699,This is terrible...,en
700,لا يعجبني هذا,ar
701,I am so tired of this nonsense.,en
702,यह ठीक था।,hi
703,Ich bin enttäuscht.,de
704,This is terrible...,en
705,यह ठीक था।,hi
706,Das war unglaublich!,de
707,اليوم كان رائعًا,ar
708,बहुत ही अच्छा प्रदर्शन!,hi
709,خوب بود اما می‌توانست بهتر باشد,fa
710,मैं इससे खुश नहीं हूँ।,hi
711,Worst day ever.,en
712,من خیلی ناراحتم,fa
713,What a beautiful day!,en
714,What a beautiful day!,en
715,"Nicht schlecht, aber nicht gut.",de
716,बहुत ही अच्छा प्रदर्शन!,hi
717,Worst day ever.,en
718,I love this!,en
719,خوب بود اما می‌توانست بهتر باشد,fa
720,What a beautiful day!,en
721,What a beautiful day!,en
722,What a beautiful day!,en
723,لا يعجبني هذا,ar
724,Worst day ever.,en
725,مقبول لكنه ليس الأفضل,ar
726,مقبول لكنه ليس الأفضل,ar
727,"Nicht schlecht, aber nicht gut.",de
728,बहुत ही अच्छा प्रदर्शन!,hi
729,I love this!,en
730,این بهترین روز من بود,fa
731,اليوم كان رائعًا,ar
732,Worst day ever.,en
733,I love this!,en
734,Could be better.,en
735,Worst day ever.,en
736,Absolutely fantastic experience!,en
737,बहुत ही अच्छा प्रदर्शन!,hi
738,This is terrible...,en
739,What a beautiful day!,en
740,What a beautiful day!,en
741,यह ठीक था।,hi
742,خوب بود اما می‌توانست بهتر باشد,fa
743,این بهترین روز من بود,fa
744,I love this!,en
745,این بهترین روز من بود,fa
746,خوب بود اما می‌توانست بهتر باشد,fa
747,Das war unglaublich!,de
748,Ich bin enttäuscht.,de
749,Worst day ever.,en
750,I love this!,en
751,बहुत ही अच्छा प्रदर्शन!,hi
752,Worst day ever.,en
753,मैं इससे खुश नहीं हूँ।,hi
754,I love this!,en
755,मैं इससे खुश नहीं हूँ।,hi
756,Worst day ever.,en
757,यह ठीक था।,hi
758,Absolutely fantastic experience!,en
759,I love this!,en
760,مقبول لكنه ليس الأفضل,ar
761,This is terrible...,en
762,Worst day ever.,en
763,यह ठीक था।,hi
764,I am so tired of this nonsense.,en
765,This is terrible...,en
766,خوب بود اما می‌توانست بهتر باشد,fa
767,Worst day ever.,en
768,Absolutely fantastic experience!,en
769,I am so tired of this nonsense.,en
770,من خیلی ناراحتم,fa
771,Das war unglaublich!,de
772,यह ठीक था।,hi
773,Ich bin enttäuscht.,de
774,Das war unglaublich!,de
775,This is terrible...,en
776,مقبول لكنه ليس الأفضل,ar
777,Das war unglaublich!,de
778,यह ठीक था।,hi
779,Worst day ever.,en
780,"Nicht schlecht, aber nicht gut.",de
781,I am so tired of this nonsense.,en
782,این بهترین روز من بود,fa
783,این بهترین روز من بود,fa
784,من خیلی ناراحتم,fa
785,यह ठीक था।,hi
786,Ich bin enttäuscht.,de
787,What a beautiful day!,en
788,خوب بود اما می‌توانست بهتر باشد,fa
789,मैं इससे खुश नहीं हूँ।,hi
790,لا يعجبني هذا,ar
791,خوب بود اما می‌توانست بهتر باشد,fa
792,Could be better.,en
793,बहुत ही अच्छा प्रदर्शन!,hi
794,لا يعجبني هذا,ar
795,Das war unglaublich!,de
796,This is terrible...,en
797,I am so tired of this nonsense.,en
798,Ich bin enttäuscht.,de
799,Could be better.,en
800,Das war unglaublich!,de
801,من خیلی ناراحتم,fa
802,اليوم كان رائعًا,ar
803,مقبول لكنه ليس الأفضل,ar
804,اليوم كان رائعًا,ar
805,Ich bin enttäuscht.,de
806,این بهترین روز من بود,fa
807,This is terrible...,en
808,این بهترین روز من بود,fa
809,What a beautiful day!,en
810,मैं इससे खुश नहीं हूँ।,hi
811,What a beautiful day!,en
812,What a beautiful day!,en
813,बहुत ही अच्छा प्रदर्शन!,hi
814,मैं इससे खुश नहीं हूँ।,hi
815,Das war unglaublich!,de
816,Das war unglaublich!,de
817,Ich bin enttäuscht.,de
818,I love this!,en
819,این بهترین روز من بود,fa
820,Das war unglaublich!,de
821,خوب بود اما می‌توانست بهتر باشد,fa
822,"Nicht schlecht, aber nicht gut.",de
823,من خیلی ناراحتم,fa
824,Das war unglaublich!,de
825,यह ठीक था।,hi
826,What a beautiful day!,en
827,Could be better.,en
828,لا يعجبني هذا,ar
829,बहुत ही अच्छा प्रदर्शन!,hi
830,मैं इससे खुश नहीं हूँ।,hi
831,This is terrible...,en
832,I am so tired of this nonsense.,en
833,لا يعجبني هذا,ar
834,यह ठीक था।,hi
835,What a beautiful day!,en
836,This is terrible...,en
837,Could be better.,en
838,मैं इससे खुश नहीं हूँ।,hi
839,خوب بود اما می‌توانست بهتر باشد,fa
840,اليوم كان رائعًا,ar
841,यह ठीक था।,hi
842,मैं इससे खुश नहीं हूँ।,hi
843,Absolutely fantastic experience!,en
844,خوب بود اما می‌توانست بهتر باشد,fa
845,Ich bin enttäuscht.,de
846,Worst day ever.,en
847,Das war unglaublich!,de
848,این بهترین روز من بود,fa
849,Absolutely fantastic experience!,en
850,This is terrible...,en
851,Ich bin enttäuscht.,de
852,यह ठीक था।,hi
853,من خیلی ناراحتم,fa
854,مقبول لكنه ليس الأفضل,ar
855,Absolutely fantastic experience!,en
856,اليوم كان رائعًا,ar
857,I love this!,en
858,मैं इससे खुश नहीं हूँ।,hi
859,لا يعجبني هذا,ar
860,This is terrible...,en
861,اليوم كان رائعًا,ar
862,I am so tired of this nonsense.,en
863,Das war unglaublich!,de
864,Worst day ever.,en
865,What a beautiful day!,en
866,Could be better.,en
867,Worst day ever.,en
868,What a beautiful day!,en
869,این بهترین روز من بود,fa
870,I am so tired of this nonsense.,en
871,यह ठीक था।,hi
872,I am so tired of this nonsense.,en
873,مقبول لكنه ليس الأفضل,ar
874,I love this!,en
875,اليوم كان رائعًا,ar
876,من خیلی ناراحتم,fa
877,این بهترین روز من بود,fa
878,Absolutely fantastic experience!,en
879,यह ठीक था।,hi
880,Ich bin enttäuscht.,de
881,Absolutely fantastic experience!,en
882,I love this!,en
883,I love this!,en
884,बहुत ही अच्छा प्रदर्शन!,hi
885,مقبول لكنه ليس الأفضل,ar
886,خوب بود اما می‌توانست بهتر باشد,fa
887,این بهترین روز من بود,fa
888,मैं इससे खुश नहीं हूँ।,hi
889,Could be better.,en
890,"Nicht schlecht, aber nicht gut.",de
891,Worst day ever.,en
892,Could be better.,en
893,I am so tired of this nonsense.,en
894,यह ठीक था।,hi
895,خوب بود اما می‌توانست بهتر باشد,fa
896,خوب بود اما می‌توانست بهتر باشد,fa
897,Could be better.,en
898,Ich bin enttäuscht.,de
899,"Nicht schlecht, aber nicht gut.",de
900,I love this!,en
901,Ich bin enttäuscht.,de
902,What a beautiful day!,en
903,این بهترین روز من بود,fa
904,I am so tired of this nonsense.,en
905,Worst day ever.,en
906,Could be better.,en
907,این بهترین روز من بود,fa
908,बहुत ही अच्छा प्रदर्शन!,hi
909,I love this!,en
910,"Nicht schlecht, aber nicht gut.",de
911,Could be better.,en
912,من خیلی ناراحتم,fa
913,I love this!,en
914,من خیلی ناراحتم,fa
915,Worst day ever.,en
916,बहुत ही अच्छा प्रदर्शन!,hi
917,لا يعجبني هذا,ar
918,لا يعجبني هذا,ar
919,I am so tired of this nonsense.,en
920,I love this!,en
921,This is terrible...,en
922,من خیلی ناراحتم,fa
923,من خیلی ناراحتم,fa
924,Das war unglaublich!,de
925,मैं इससे खुश नहीं हूँ।,hi
926,I love this!,en
927,مقبول لكنه ليس الأفضل,ar
928,बहुत ही अच्छा प्रदर्शन!,hi
929,من خیلی ناراحتم,fa
930,خوب بود اما می‌توانست بهتر باشد,fa
931,خوب بود اما می‌توانست بهتر باشد,fa
932,من خیلی ناراحتم,fa
933,Absolutely fantastic experience!,en
934,This is terrible...,en
935,I love this!,en
936,मैं इससे खुश नहीं हूँ।,hi
937,This is terrible...,en
938,"Nicht schlecht, aber nicht gut.",de
939,Absolutely fantastic experience!,en
940,این بهترین روز من بود,fa
941,لا يعجبني هذا,ar
942,मैं इससे खुश नहीं हूँ।,hi
943,Absolutely fantastic experience!,en
944,यह ठीक था।,hi
945,مقبول لكنه ليس الأفضل,ar
946,This is terrible...,en
947,This is terrible...,en
948,I am so tired of this nonsense.,en
949,"Nicht schlecht, aber nicht gut.",de
950,यह ठीक था।,hi
951,I love this!,en
952,What a beautiful day!,en
953,"Nicht schlecht, aber nicht gut.",de
954,مقبول لكنه ليس الأفضل,ar
955,اليوم كان رائعًا,ar
956,Worst day ever.,en
957,اليوم كان رائعًا,ar
958,Ich bin enttäuscht.,de
959,"Nicht schlecht, aber nicht gut.",de
960,यह ठीक था।,hi
961,Absolutely fantastic experience!,en
962,मैं इससे खुश नहीं हूँ।,hi
963,Absolutely fantastic experience!,en
964,बहुत ही अच्छा प्रदर्शन!,hi
965,Worst day ever.,en
966,من خیلی ناراحتم,fa
967,Ich bin enttäuscht.,de
968,I am so tired of this nonsense.,en
969,لا يعجبني هذا,ar
970,Absolutely fantastic experience!,en
971,لا يعجبني هذا,ar
972,این بهترین روز من بود,fa
973,Could be better.,en
974,मैं इससे खुश नहीं हूँ।,hi
975,यह ठीक था।,hi
976,لا يعجبني هذا,ar
977,बहुत ही अच्छा प्रदर्शन!,hi
978,این بهترین روز من بود,fa
979,बहुत ही अच्छा प्रदर्शन!,hi
980,Absolutely fantastic experience!,en
981,مقبول لكنه ليس الأفضل,ar
982,This is terrible...,en
983,من خیلی ناراحتم,fa
984,Absolutely fantastic experience!,en
985,Could be better.,en
986,Das war unglaublich!,de
987,What a beautiful day!,en
988,मैं इससे खुश नहीं हूँ।,hi
989,"Nicht schlecht, aber nicht gut.",de
990,من خیلی ناراحتم,fa
991,What a beautiful day!,en
992,बहुत ही अच्छा प्रदर्शन!,hi
993,لا يعجبني هذا,ar
994,बहुत ही अच्छा प्रदर्शन!,hi
995,What a beautiful day!,en
996,This is terrible...,en
997,यह ठीक था।,hi
998,This is terrible...,en
999,I am so tired of this nonsense.,en
1000,मैं इससे खुश नहीं हूँ।,hi
1001,What a beautiful day!,en
1002,यह ठीक था।,hi
1003,من خیلی ناراحتم,fa
1004,لا يعجبني هذا,ar
1005,اليوم كان رائعًا,ar
1006,I am so tired of this nonsense.,en
1007,Could be better.,en
1008,What a beautiful day!,en
1009,I love this!,en
1010,Absolutely fantastic experience!,en
1011,I love this!,en
1012,من خیلی ناراحتم,fa
1013,What a beautiful day!,en
1014,لا يعجبني هذا,ar
1015,لا يعجبني هذا,ar
1016,I am so tired of this nonsense.,en
1017,I love this!,en
1018,اليوم كان رائعًا,ar
1019,خوب بود اما می‌توانست بهتر باشد,fa
1020,لا يعجبني هذا,ar
1021,لا يعجبني هذا,ar
1022,Das war unglaublich!,de
1023,"Nicht schlecht, aber nicht gut.",de
1024,Could be better.,en
1025,Could be better.,en
1026,Could be better.,en
1027,Das war unglaublich!,de
1028,Absolutely fantastic experience!,en
1029,बहुत ही अच्छा प्रदर्शन!,hi
1030,مقبول لكنه ليس الأفضل,ar
1031,What a beautiful day!,en
1032,Ich bin enttäuscht.,de
1033,यह ठीक था।,hi
1034,What a beautiful day!,en
1035,"Nicht schlecht, aber nicht gut.",de
1036,Ich bin enttäuscht.,de
1037,मैं इससे खुश नहीं हूँ।,hi
1038,Worst day ever.,en
1039,این بهترین روز من بود,fa
1040,"Nicht schlecht, aber nicht gut.",de
1041,मैं इससे खुश नहीं हूँ।,hi
1042,خوب بود اما می‌توانست بهتر باشد,fa
1043,I love this!,en
1044,बहुत ही अच्छा प्रदर्शन!,hi
1045,मैं इससे खुश नहीं हूँ।,hi
1046,Worst day ever.,en
1047,I love this!,en
1048,Ich bin enttäuscht.,de
1049,I am so tired of this nonsense.,en
1050,यह ठीक था।,hi
1051,من خیلی ناراحتم,fa
1052,What a beautiful day!,en
1053,What a beautiful day!,en
1054,Could be better.,en
1055,Das war unglaublich!,de
1056,बहुत ही अच्छा प्रदर्शन!,hi
1057,لا يعجبني هذا,ar
1058,What a beautiful day!,en
1059,Ich bin enttäuscht.,de
1060,This is terrible...,en
1061,این بهترین روز من بود,fa
1062,Could be better.,en
1063,مقبول لكنه ليس الأفضل,ar
1064,I love this!,en
1065,Worst day ever.,en
1066,"Nicht schlecht, aber nicht gut.",de
1067,این بهترین روز من بود,fa
1068,Worst day ever.,en
1069,من خیلی ناراحتم,fa
1070,What a beautiful day!,en
1071,مقبول لكنه ليس الأفضل,ar
1072,این بهترین روز من بود,fa
1073,Could be better.,en
1074,This is terrible...,en
1075,What a beautiful day!,en
1076,خوب بود اما می‌توانست بهتر باشد,fa
1077,مقبول لكنه ليس الأفضل,ar
1078,من خیلی ناراحتم,fa
1079,من خیلی ناراحتم,fa
1080,اليوم كان رائعًا,ar
1081,I am so tired of this nonsense.,en
1082,What a beautiful day!,en
1083,من خیلی ناراحتم,fa
1084,Could be better.,en
1085,خوب بود اما می‌توانست بهتر باشد,fa
1086,This is terrible...,en
1087,I am so tired of this nonsense.,en
1088,این بهترین روز من بود,fa
1089,این بهترین روز من بود,fa
1090,لا يعجبني هذا,ar
1091,Could be better.,en
1092,Absolutely fantastic experience!,en
1093,बहुत ही अच्छा प्रदर्शन!,hi
1094,यह ठीक था।,hi
1095,من خیلی ناراحتم,fa
1096,Absolutely fantastic experience!,en
1097,اليوم كان رائعًا,ar
1098,I love this!,en
1099,I am so tired of this nonsense.,en
1100,خوب بود اما می‌توانست بهتر باشد,fa
1101,لا يعجبني هذا,ar
1102,Could be better.,en
1103,बहुत ही अच्छा प्रदर्शन!,hi
1104,این بهترین روز من بود,fa
1105,من خیلی ناراحتم,fa
1106,Worst day ever.,en
1107,"Nicht schlecht, aber nicht gut.",de
1108,لا يعجبني هذا,ar
1109,من خیلی ناراحتم,fa
1110,این بهترین روز من بود,fa
1111,I love this!,en
1112,What a beautiful day!,en
1113,اليوم كان رائعًا,ar
1114,This is terrible...,en
1115,"Nicht schlecht, aber nicht gut.",de
1116,This is terrible...,en
1117,Ich bin enttäuscht.,de
1118,Ich bin enttäuscht.,de
1119,اليوم كان رائعًا,ar
1120,Could be better.,en
1121,Das war unglaublich!,de
1122,I love this!,en
1123,"Nicht schlecht, aber nicht gut.",de
1124,مقبول لكنه ليس الأفضل,ar
1125,मैं इससे खुश नहीं हूँ।,hi
1126,I am so tired of this nonsense.,en
1127,What a beautiful day!,en
1128,मैं इससे खुश नहीं हूँ।,hi
1129,This is terrible...,en
1130,Das war unglaublich!,de
1131,لا يعجبني هذا,ar
1132,बहुत ही अच्छा प्रदर्शन!,hi
1133,"Nicht schlecht, aber nicht gut.",de
1134,Das war unglaublich!,de
1135,यह ठीक था।,hi
1136,این بهترین روز من بود,fa
1137,Das war unglaublich!,de
1138,Worst day ever.,en
1139,Ich bin enttäuscht.,de
1140,मैं इससे खुश नहीं हूँ।,hi
1141,I am so tired of this nonsense.,en
1142,मैं इससे खुश नहीं हूँ।,hi
1143,اليوم كان رائعًا,ar
1144,This is terrible...,en
1145,Ich bin enttäuscht.,de
1146,مقبول لكنه ليس الأفضل,ar
1147,I am so tired of this nonsense.,en
1148,لا يعجبني هذا,ar
1149,اليوم كان رائعًا,ar
1150,خوب بود اما می‌توانست بهتر باشد,fa
1151,Das war unglaublich!,de
1152,Das war unglaublich!,de
1153,बहुत ही अच्छा प्रदर्शन!,hi
1154,मैं इससे खुश नहीं हूँ।,hi
1155,لا يعجبني هذا,ar
1156,Ich bin enttäuscht.,de
1157,Absolutely fantastic experience!,en
1158,I love this!,en
1159,Worst day ever.,en
1160,مقبول لكنه ليس الأفضل,ar
1161,"Nicht schlecht, aber nicht gut.",de
1162,मैं इससे खुश नहीं हूँ।,hi
1163,خوب بود اما می‌توانست بهتر باشد,fa
1164,اليوم كان رائعًا,ar
1165,مقبول لكنه ليس الأفضل,ar
1166,مقبول لكنه ليس الأفضل,ar
1167,مقبول لكنه ليس الأفضل,ar
1168,"Nicht schlecht, aber nicht gut.",de
1169,مقبول لكنه ليس الأفضل,ar
1170,Das war unglaublich!,de
1171,What a beautiful day!,en
1172,Ich bin enttäuscht.,de
1173,यह ठीक था।,hi
1174,Absolutely fantastic experience!,en
1175,Ich bin enttäuscht.,de
1176,من خیلی ناراحتم,fa
1177,यह ठीक था।,hi
1178,Ich bin enttäuscht.,de
1179,Absolutely fantastic experience!,en
1180,این بهترین روز من بود,fa
1181,Absolutely fantastic experience!,en
1182,बहुत ही अच्छा प्रदर्शन!,hi
1183,I love this!,en
1184,"Nicht schlecht, aber nicht gut.",de
1185,I am so tired of this nonsense.,en
1186,यह ठीक था।,hi
1187,اليوم كان رائعًا,ar
1188,Das war unglaublich!,de
1189,Could be better.,en
1190,यह ठीक था।,hi
1191,Ich bin enttäuscht.,de
1192,बहुत ही अच्छा प्रदर्शन!,hi
1193,मैं इससे खुश नहीं हूँ।,hi
1194,"Nicht schlecht, aber nicht gut.",de
1195,لا يعجبني هذا,ar
1196,اليوم كان رائعًا,ar
1197,Could be better.,en
1198,Worst day ever.,en
1199,This is terrible...,en
1200,बहुत ही अच्छा प्रदर्शन!,hi
1201,Absolutely fantastic experience!,en
1202,बहुत ही अच्छा प्रदर्शन!,hi
1203,اليوم كان رائعًا,ar
1204,Could be better.,en
1205,"Nicht schlecht, aber nicht gut.",de
1206,I am so tired of this nonsense.,en
1207,خوب بود اما می‌توانست بهتر باشد,fa
1208,What a beautiful day!,en
1209,Could be better.,en
1210,اليوم كان رائعًا,ar
1211,I am so tired of this nonsense.,en
1212,Could be better.,en
1213,Ich bin enttäuscht.,de
1214,اليوم كان رائعًا,ar
1215,اليوم كان رائعًا,ar
1216,لا يعجبني هذا,ar
1217,خوب بود اما می‌توانست بهتر باشد,fa
1218,لا يعجبني هذا,ar
1219,لا يعجبني هذا,ar
1220,این بهترین روز من بود,fa
1221,من خیلی ناراحتم,fa
1222,This is terrible...,en
1223,این بهترین روز من بود,fa
1224,Worst day ever.,en
1225,Absolutely fantastic experience!,en
1226,Das war unglaublich!,de
1227,من خیلی ناراحتم,fa
1228,यह ठीक था।,hi
1229,اليوم كان رائعًا,ar
1230,اليوم كان رائعًا,ar
1231,Worst day ever.,en
1232,خوب بود اما می‌توانست بهتر باشد,fa
1233,मैं इससे खुश नहीं हूँ।,hi
1234,बहुत ही अच्छा प्रदर्शन!,hi
1235,اليوم كان رائعًا,ar
1236,مقبول لكنه ليس الأفضل,ar
1237,این بهترین روز من بود,fa
1238,Could be better.,en
1239,این بهترین روز من بود,fa
1240,اليوم كان رائعًا,ar
1241,"Nicht schlecht, aber nicht gut.",de
1242,"Nicht schlecht, aber nicht gut.",de
1243,I am so tired of this nonsense.,en
1244,Das war unglaublich!,de
1245,I am so tired of this nonsense.,en
1246,Absolutely fantastic experience!,en
1247,मैं इससे खुश नहीं हूँ।,hi
1248,لا يعجبني هذا,ar
1249,لا يعجبني هذا,ar
1250,I am so tired of this nonsense.,en
1251,Das war unglaublich!,de
1252,Worst day ever.,en
1253,لا يعجبني هذا,ar
1254,Ich bin enttäuscht.,de
1255,मैं इससे खुश नहीं हूँ।,hi
1256,Das war unglaublich!,de
1257,Ich bin enttäuscht.,de
1258,Das war unglaublich!,de
1259,What a beautiful day!,en
1260,Worst day ever.,en
1261,اليوم كان رائعًا,ar
1262,خوب بود اما می‌توانست بهتر باشد,fa
1263,Das war unglaublich!,de
1264,Das war unglaublich!,de
1265,मैं इससे खुश नहीं हूँ।,hi
1266,Worst day ever.,en
1267,"Nicht schlecht, aber nicht gut.",de
1268,मैं इससे खुश नहीं हूँ।,hi
1269,Worst day ever.,en
1270,Absolutely fantastic experience!,en
1271,اليوم كان رائعًا,ar
1272,मैं इससे खुश नहीं हूँ।,hi
1273,اليوم كان رائعًا,ar
1274,बहुत ही अच्छा प्रदर्शन!,hi
1275,यह ठीक था।,hi
1276,What a beautiful day!,en
1277,What a beautiful day!,en
1278,Ich bin enttäuscht.,de
1279,لا يعجبني هذا,ar
1280,"Nicht schlecht, aber nicht gut.",de
1281,لا يعجبني هذا,ar
1282,خوب بود اما می‌توانست بهتر باشد,fa
1283,Could be better.,en
1284,यह ठीक था।,hi
1285,من خیلی ناراحتم,fa
1286,خوب بود اما می‌توانست بهتر باشد,fa
1287,مقبول لكنه ليس الأفضل,ar
1288,Could be better.,en
1289,Worst day ever.,en
1290,मैं इससे खुश नहीं हूँ।,hi
1291,Ich bin enttäuscht.,de
1292,Das war unglaublich!,de
1293,This is terrible...,en
1294,مقبول لكنه ليس الأفضل,ar
1295,مقبول لكنه ليس الأفضل,ar
1296,बहुत ही अच्छा प्रदर्शन!,hi
1297,اليوم كان رائعًا,ar
1298,خوب بود اما می‌توانست بهتر باشد,fa
1299,اليوم كان رائعًا,ar
1300,اليوم كان رائعًا,ar
1301,"Nicht schlecht, aber nicht gut.",de
1302,यह ठीक था।,hi
1303,لا يعجبني هذا,ar
1304,This is terrible...,en
1305,यह ठीक था।,hi
1306,I am so tired of this nonsense.,en
1307,मैं इससे खुश नहीं हूँ।,hi
1308,Ich bin enttäuscht.,de
1309,Could be better.,en
1310,This is terrible...,en
1311,I love this!,en
1312,Could be better.,en
1313,Could be better.,en
1314,बहुत ही अच्छा प्रदर्शन!,hi
1315,اليوم كان رائعًا,ar
1316,لا يعجبني هذا,ar
1317,I love this!,en
1318,اليوم كان رائعًا,ar
1319,"Nicht schlecht, aber nicht gut.",de
1320,यह ठीक था।,hi
1321,I love this!,en
1322,لا يعجبني هذا,ar
1323,बहुत ही अच्छा प्रदर्शन!,hi
1324,اليوم كان رائعًا,ar
1325,این بهترین روز من بود,fa
1326,Could be better.,en
1327,Absolutely fantastic experience!,en
1328,اليوم كان رائعًا,ar
1329,Worst day ever.,en
1330,मैं इससे खुश नहीं हूँ।,hi
1331,I am so tired of this nonsense.,en
1332,Absolutely fantastic experience!,en
1333,Absolutely fantastic experience!,en
1334,لا يعجبني هذا,ar
1335,I love this!,en
1336,من خیلی ناراحتم,fa
1337,What a beautiful day!,en
1338,I am so tired of this nonsense.,en
1339,Could be better.,en
1340,Could be better.,en
1341,Worst day ever.,en
1342,لا يعجبني هذا,ar
1343,Could be better.,en
1344,خوب بود اما می‌توانست بهتر باشد,fa
1345,این بهترین روز من بود,fa
1346,Das war unglaublich!,de
1347,बहुत ही अच्छा प्रदर्शन!,hi
1348,Das war unglaublich!,de
1349,What a beautiful day!,en
1350,Das war unglaublich!,de
1351,This is terrible...,en
1352,यह ठीक था।,hi
1353,من خیلی ناراحتم,fa
1354,Ich bin enttäuscht.,de
1355,مقبول لكنه ليس الأفضل,ar
1356,This is terrible...,en
1357,اليوم كان رائعًا,ar
1358,Absolutely fantastic experience!,en
1359,I love this!,en
1360,خوب بود اما می‌توانست بهتر باشد,fa
1361,This is terrible...,en
1362,خوب بود اما می‌توانست بهتر باشد,fa
1363,मैं इससे खुश नहीं हूँ।,hi
1364,Das war unglaublich!,de
1365,این بهترین روز من بود,fa
1366,Worst day ever.,en
1367,لا يعجبني هذا,ar
1368,Absolutely fantastic experience!,en
1369,اليوم كان رائعًا,ar
1370,बहुत ही अच्छा प्रदर्शन!,hi
1371,This is terrible...,en
1372,اليوم كان رائعًا,ar
1373,मैं इससे खुश नहीं हूँ।,hi
1374,बहुत ही अच्छा प्रदर्शन!,hi
1375,I love this!,en
1376,لا يعجبني هذا,ar
1377,این بهترین روز من بود,fa
1378,बहुत ही अच्छा प्रदर्शन!,hi
1379,बहुत ही अच्छा प्रदर्शन!,hi
1380,बहुत ही अच्छा प्रदर्शन!,hi
1381,Worst day ever.,en
1382,لا يعجبني هذا,ar
1383,बहुत ही अच्छा प्रदर्शन!,hi
1384,I am so tired of this nonsense.,en
1385,Could be better.,en
1386,Absolutely fantastic experience!,en
1387,This is terrible...,en
1388,"Nicht schlecht, aber nicht gut.",de
1389,من خیلی ناراحتم,fa
1390,Das war unglaublich!,de
1391,मैं इससे खुश नहीं हूँ।,hi
1392,"Nicht schlecht, aber nicht gut.",de
1393,यह ठीक था।,hi
1394,This is terrible...,en
1395,यह ठीक था।,hi
1396,لا يعجبني هذا,ar
1397,What a beautiful day!,en
1398,لا يعجبني هذا,ar
1399,"Nicht schlecht, aber nicht gut.",de
1400,यह ठीक था।,hi
1401,Could be better.,en
1402,Das war unglaublich!,de
1403,What a beautiful day!,en
1404,बहुत ही अच्छा प्रदर्शन!,hi
1405,Das war unglaublich!,de
1406,Das war unglaublich!,de
1407,Das war unglaublich!,de
1408,This is terrible...,en
1409,من خیلی ناراحتم,fa
1410,This is terrible...,en
1411,मैं इससे खुश नहीं हूँ।,hi
1412,Ich bin enttäuscht.,de
1413,مقبول لكنه ليس الأفضل,ar
1414,من خیلی ناراحتم,fa
1415,این بهترین روز من بود,fa
1416,यह ठीक था।,hi
1417,خوب بود اما می‌توانست بهتر باشد,fa
1418,Absolutely fantastic experience!,en
1419,I am so tired of this nonsense.,en
1420,این بهترین روز من بود,fa
1421,I love this!,en
1422,خوب بود اما می‌توانست بهتر باشد,fa
1423,I love this!,en
1424,لا يعجبني هذا,ar
1425,Absolutely fantastic experience!,en
1426,لا يعجبني هذا,ar
1427,لا يعجبني هذا,ar
1428,این بهترین روز من بود,fa
1429,لا يعجبني هذا,ar
1430,What a beautiful day!,en
1431,I love this!,en
1432,این بهترین روز من بود,fa
1433,"Nicht schlecht, aber nicht gut.",de
1434,Ich bin enttäuscht.,de
1435,बहुत ही अच्छा प्रदर्शन!,hi
1436,اليوم كان رائعًا,ar
1437,خوب بود اما می‌توانست بهتر باشد,fa
1438,من خیلی ناراحتم,fa
1439,I am so tired of this nonsense.,en
1440,Das war unglaublich!,de
1441,Ich bin enttäuscht.,de
1442,اليوم كان رائعًا,ar
1443,Das war unglaublich!,de
1444,Absolutely fantastic experience!,en
1445,Absolutely fantastic experience!,en
1446,Worst day ever.,en
1447,خوب بود اما می‌توانست بهتر باشد,fa
1448,बहुत ही अच्छा प्रदर्शन!,hi
1449,I am so tired of this nonsense.,en
1450,خوب بود اما می‌توانست بهتر باشد,fa
1451,Absolutely fantastic experience!,en
1452,यह ठीक था।,hi
1453,این بهترین روز من بود,fa
1454,خوب بود اما می‌توانست بهتر باشد,fa
1455,لا يعجبني هذا,ar
1456,What a beautiful day!,en
1457,यह ठीक था।,hi
1458,यह ठीक था।,hi
1459,خوب بود اما می‌توانست بهتر باشد,fa
1460,I love this!,en
1461,I am so tired of this nonsense.,en
1462,I love this!,en
1463,Absolutely fantastic experience!,en
1464,बहुत ही अच्छा प्रदर्शन!,hi
1465,"Nicht schlecht, aber nicht gut.",de
1466,Absolutely fantastic experience!,en
1467,Worst day ever.,en
1468,Worst day ever.,en
1469,मैं इससे खुश नहीं हूँ।,hi
1470,من خیلی ناراحتم,fa
1471,मैं इससे खुश नहीं हूँ।,hi
1472,Absolutely fantastic experience!,en
1473,मैं इससे खुश नहीं हूँ।,hi
1474,Worst day ever.,en
1475,مقبول لكنه ليس الأفضل,ar
1476,مقبول لكنه ليس الأفضل,ar
1477,यह ठीक था।,hi
1478,لا يعجبني هذا,ar
1479,مقبول لكنه ليس الأفضل,ar
1480,مقبول لكنه ليس الأفضل,ar
1481,What a beautiful day!,en
1482,Das war unglaublich!,de
1483,This is terrible...,en
1484,"Nicht schlecht, aber nicht gut.",de
1485,I am so tired of this nonsense.,en
1486,यह ठीक था।,hi
1487,I love this!,en
1488,Absolutely fantastic experience!,en
1489,बहुत ही अच्छा प्रदर्शन!,hi
1490,این بهترین روز من بود,fa
1491,I love this!,en
1492,این بهترین روز من بود,fa
1493,What a beautiful day!,en
1494,لا يعجبني هذا,ar
1495,I am so tired of this nonsense.,en
1496,What a beautiful day!,en
1497,مقبول لكنه ليس الأفضل,ar
1498,Could be better.,en
1499,मैं इससे खुश नहीं हूँ।,hi
1500,Das war unglaublich!,de
1501,اليوم كان رائعًا,ar
1502,Could be better.,en
1503,Ich bin enttäuscht.,de
1504,این بهترین روز من بود,fa
1505,Could be better.,en
1506,من خیلی ناراحتم,fa
1507,خوب بود اما می‌توانست بهتر باشد,fa
1508,I am so tired of this nonsense.,en
1509,لا يعجبني هذا,ar
1510,خوب بود اما می‌توانست بهتر باشد,fa
1511,Das war unglaublich!,de
1512,"Nicht schlecht, aber nicht gut.",de
1513,اليوم كان رائعًا,ar
1514,"Nicht schlecht, aber nicht gut.",de
1515,خوب بود اما می‌توانست بهتر باشد,fa
1516,Could be better.,en
1517,"Nicht schlecht, aber nicht gut.",de
1518,اليوم كان رائعًا,ar
1519,این بهترین روز من بود,fa
1520,बहुत ही अच्छा प्रदर्शन!,hi
1521,خوب بود اما می‌توانست بهتر باشد,fa
1522,این بهترین روز من بود,fa
1523,मैं इससे खुश नहीं हूँ।,hi
1524,Das war unglaublich!,de
1525,I love this!,en
1526,I love this!,en
1527,यह ठीक था।,hi
1528,I love this!,en
1529,خوب بود اما می‌توانست بهتر باشد,fa
1530,This is terrible...,en
1531,Worst day ever.,en
1532,"Nicht schlecht, aber nicht gut.",de
1533,This is terrible...,en
1534,Das war unglaublich!,de
1535,اليوم كان رائعًا,ar
1536,What a beautiful day!,en
1537,Worst day ever.,en
1538,من خیلی ناراحتم,fa
1539,Could be better.,en
1540,Could be better.,en
1541,I am so tired of this nonsense.,en
1542,What a beautiful day!,en
1543,I am so tired of this nonsense.,en
1544,این بهترین روز من بود,fa
1545,यह ठीक था।,hi
1546,What a beautiful day!,en
1547,Das war unglaublich!,de
1548,Das war unglaublich!,de
1549,I am so tired of this nonsense.,en
1550,این بهترین روز من بود,fa
1551,बहुत ही अच्छा प्रदर्शन!,hi
1552,این بهترین روز من بود,fa
1553,Absolutely fantastic experience!,en
1554,Das war unglaublich!,de
1555,Could be better.,en
1556,Ich bin enttäuscht.,de
1557,این بهترین روز من بود,fa
1558,यह ठीक था।,hi
1559,مقبول لكنه ليس الأفضل,ar
1560,मैं इससे खुश नहीं हूँ।,hi
1561,I love this!,en
1562,خوب بود اما می‌توانست بهتر باشد,fa
1563,اليوم كان رائعًا,ar
1564,Das war unglaublich!,de
1565,من خیلی ناراحتم,fa
1566,Ich bin enttäuscht.,de
1567,I am so tired of this nonsense.,en
1568,What a beautiful day!,en
1569,Das war unglaublich!,de
1570,This is terrible...,en
1571,Worst day ever.,en
1572,خوب بود اما می‌توانست بهتر باشد,fa
1573,Worst day ever.,en
1574,Das war unglaublich!,de
1575,این بهترین روز من بود,fa
1576,Could be better.,en
1577,Absolutely fantastic experience!,en
1578,Ich bin enttäuscht.,de
1579,Das war unglaublich!,de
1580,What a beautiful day!,en
1581,Worst day ever.,en
1582,I am so tired of this nonsense.,en
1583,This is terrible...,en
1584,I am so tired of this nonsense.,en
1585,مقبول لكنه ليس الأفضل,ar
1586,I love this!,en
1587,Absolutely fantastic experience!,en
1588,"Nicht schlecht, aber nicht gut.",de
1589,Absolutely fantastic experience!,en
1590,Could be better.,en
1591,This is terrible...,en
1592,I love this!,en
1593,خوب بود اما می‌توانست بهتر باشد,fa
1594,"Nicht schlecht, aber nicht gut.",de
1595,Worst day ever.,en
1596,यह ठीक था।,hi
1597,बहुत ही अच्छा प्रदर्शन!,hi
1598,من خیلی ناراحتم,fa
1599,यह ठीक था।,hi
1600,I am so tired of this nonsense.,en
1601,Absolutely fantastic experience!,en
1602,This is terrible...,en
1603,मैं इससे खुश नहीं हूँ।,hi
1604,I love this!,en
1605,خوب بود اما می‌توانست بهتر باشد,fa
1606,This is terrible...,en
1607,اليوم كان رائعًا,ar
1608,I am so tired of this nonsense.,en
1609,Ich bin enttäuscht.,de
1610,I love this!,en
1611,बहुत ही अच्छा प्रदर्शन!,hi
1612,مقبول لكنه ليس الأفضل,ar
1613,Das war unglaublich!,de
1614,Could be better.,en
1615,خوب بود اما می‌توانست بهتر باشد,fa
1616,यह ठीक था।,hi
1617,मैं इससे खुश नहीं हूँ।,hi
1618,این بهترین روز من بود,fa
1619,बहुत ही अच्छा प्रदर्शन!,hi
1620,من خیلی ناراحتم,fa
1621,Ich bin enttäuscht.,de
1622,यह ठीक था।,hi
1623,این بهترین روز من بود,fa
1624,I am so tired of this nonsense.,en
1625,من خیلی ناراحتم,fa
1626,Absolutely fantastic experience!,en
1627,Worst day ever.,en
1628,Ich bin enttäuscht.,de
1629,"Nicht schlecht, aber nicht gut.",de
1630,Could be better.,en
1631,این بهترین روز من بود,fa
1632,Worst day ever.,en
1633,यह ठीक था।,hi
1634,Worst day ever.,en
1635,I love this!,en
1636,I am so tired of this nonsense.,en
1637,यह ठीक था।,hi
1638,This is terrible...,en
1639,Worst day ever.,en
1640,Das war unglaublich!,de
1641,यह ठीक था।,hi
1642,बहुत ही अच्छा प्रदर्शन!,hi
1643,What a beautiful day!,en
1644,لا يعجبني هذا,ar
1645,I am so tired of this nonsense.,en
1646,I love this!,en
1647,من خیلی ناراحتم,fa
1648,I love this!,en
1649,I love this!,en
1650,Ich bin enttäuscht.,de
1651,Ich bin enttäuscht.,de
1652,خوب بود اما می‌توانست بهتر باشد,fa
1653,من خیلی ناراحتم,fa
1654,این بهترین روز من بود,fa
1655,I love this!,en
1656,What a beautiful day!,en
1657,मैं इससे खुश नहीं हूँ।,hi
1658,मैं इससे खुश नहीं हूँ।,hi
1659,What a beautiful day!,en
1660,बहुत ही अच्छा प्रदर्शन!,hi
1661,مقبول لكنه ليس الأفضل,ar
1662,I love this!,en
1663,I love this!,en
1664,I love this!,en
1665,यह ठीक था।,hi
1666,Das war unglaublich!,de
1667,من خیلی ناراحتم,fa
1668,Could be better.,en
1669,Absolutely fantastic experience!,en
1670,What a beautiful day!,en
1671,Absolutely fantastic experience!,en
1672,Ich bin enttäuscht.,de
1673,बहुत ही अच्छा प्रदर्शन!,hi
1674,Absolutely fantastic experience!,en
1675,لا يعجبني هذا,ar
1676,बहुत ही अच्छा प्रदर्शन!,hi
1677,Ich bin enttäuscht.,de
1678,Worst day ever.,en
1679,لا يعجبني هذا,ar
1680,من خیلی ناراحتم,fa
1681,"Nicht schlecht, aber nicht gut.",de
1682,What a beautiful day!,en
1683,لا يعجبني هذا,ar
1684,I am so tired of this nonsense.,en
1685,اليوم كان رائعًا,ar
1686,मैं इससे खुश नहीं हूँ।,hi
1687,यह ठीक था।,hi
1688,Worst day ever.,en
1689,"Nicht schlecht, aber nicht gut.",de
1690,I am so tired of this nonsense.,en
1691,बहुत ही अच्छा प्रदर्शन!,hi
1692,Could be better.,en
1693,I am so tired of this nonsense.,en
1694,यह ठीक था।,hi
1695,"Nicht schlecht, aber nicht gut.",de
1696,I am so tired of this nonsense.,en
1697,من خیلی ناراحتم,fa
1698,لا يعجبني هذا,ar
1699,Worst day ever.,en
1700,Could be better.,en
1701,Worst day ever.,en
1702,اليوم كان رائعًا,ar
1703,I love this!,en
1704,I love this!,en
1705,I love this!,en
1706,What a beautiful day!,en
1707,मैं इससे खुश नहीं हूँ।,hi
1708,Could be better.,en
1709,This is terrible...,en
1710,خوب بود اما می‌توانست بهتر باشد,fa
1711,این بهترین روز من بود,fa
1712,Could be better.,en
1713,Could be better.,en
1714,Could be better.,en
1715,I am so tired of this nonsense.,en
1716,I love this!,en
1717,من خیلی ناراحتم,fa
1718,I love this!,en
1719,Worst day ever.,en
1720,این بهترین روز من بود,fa
1721,बहुत ही अच्छा प्रदर्शन!,hi
1722,Absolutely fantastic experience!,en
1723,Ich bin enttäuscht.,de
1724,Absolutely fantastic experience!,en
1725,لا يعجبني هذا,ar
1726,اليوم كان رائعًا,ar
1727,این بهترین روز من بود,fa
1728,Absolutely fantastic experience!,en
1729,Ich bin enttäuscht.,de
1730,این بهترین روز من بود,fa
1731,Absolutely fantastic experience!,en
1732,Das war unglaublich!,de
1733,Could be better.,en
1734,لا يعجبني هذا,ar
1735,این بهترین روز من بود,fa
1736,اليوم كان رائعًا,ar
1737,Ich bin enttäuscht.,de
1738,बहुत ही अच्छा प्रदर्शन!,hi
1739,اليوم كان رائعًا,ar
1740,Ich bin enttäuscht.,de
1741,مقبول لكنه ليس الأفضل,ar
1742,"Nicht schlecht, aber nicht gut.",de
1743,Das war unglaublich!,de
1744,I love this!,en
1745,Worst day ever.,en
1746,Ich bin enttäuscht.,de
1747,Absolutely fantastic experience!,en
1748,यह ठीक था।,hi
1749,مقبول لكنه ليس الأفضل,ar
1750,لا يعجبني هذا,ar
1751,Das war unglaublich!,de
1752,I love this!,en
1753,این بهترین روز من بود,fa
1754,خوب بود اما می‌توانست بهتر باشد,fa
1755,اليوم كان رائعًا,ar
1756,बहुत ही अच्छा प्रदर्शन!,hi
1757,"Nicht schlecht, aber nicht gut.",de
1758,I love this!,en
1759,مقبول لكنه ليس الأفضل,ar
1760,बहुत ही अच्छा प्रदर्शन!,hi
1761,Worst day ever.,en
1762,"Nicht schlecht, aber nicht gut.",de
1763,Worst day ever.,en
1764,این بهترین روز من بود,fa
1765,Das war unglaublich!,de
1766,خوب بود اما می‌توانست بهتر باشد,fa
1767,बहुत ही अच्छा प्रदर्शन!,hi
1768,Das war unglaublich!,de
1769,خوب بود اما می‌توانست بهتر باشد,fa
1770,I love this!,en
1771,"Nicht schlecht, aber nicht gut.",de
1772,خوب بود اما می‌توانست بهتر باشد,fa
1773,This is terrible...,en
1774,यह ठीक था।,hi
1775,I love this!,en
1776,این بهترین روز من بود,fa
1777,मैं इससे खुश नहीं हूँ।,hi
1778,اليوم كان رائعًا,ar
1779,I am so tired of this nonsense.,en
1780,من خیلی ناراحتم,fa
1781,Ich bin enttäuscht.,de
1782,What a beautiful day!,en
1783,"Nicht schlecht, aber nicht gut.",de
1784,This is terrible...,en
1785,This is terrible...,en
1786,बहुत ही अच्छा प्रदर्शन!,hi
1787,I love this!,en
1788,This is terrible...,en
1789,Ich bin enttäuscht.,de
1790,Das war unglaublich!,de
1791,This is terrible...,en
1792,What a beautiful day!,en
1793,I am so tired of this nonsense.,en
1794,"Nicht schlecht, aber nicht gut.",de
1795,خوب بود اما می‌توانست بهتر باشد,fa
1796,"Nicht schlecht, aber nicht gut.",de
1797,خوب بود اما می‌توانست بهتر باشد,fa
1798,Could be better.,en
1799,مقبول لكنه ليس الأفضل,ar
1800,خوب بود اما می‌توانست بهتر باشد,fa
1801,من خیلی ناراحتم,fa
1802,مقبول لكنه ليس الأفضل,ar
1803,این بهترین روز من بود,fa
1804,من خیلی ناراحتم,fa
1805,बहुत ही अच्छा प्रदर्शन!,hi
1806,मैं इससे खुश नहीं हूँ।,hi
1807,Absolutely fantastic experience!,en
1808,I love this!,en
1809,I am so tired of this nonsense.,en
1810,I am so tired of this nonsense.,en
1811,यह ठीक था।,hi
1812,خوب بود اما می‌توانست بهتر باشد,fa
1813,Das war unglaublich!,de
1814,This is terrible...,en
1815,اليوم كان رائعًا,ar
1816,यह ठीक था।,hi
1817,What a beautiful day!,en
1818,Das war unglaublich!,de
1819,Absolutely fantastic experience!,en
1820,I love this!,en
1821,What a beautiful day!,en
1822,خوب بود اما می‌توانست بهتر باشد,fa
1823,من خیلی ناراحتم,fa
1824,This is terrible...,en
1825,What a beautiful day!,en
1826,What a beautiful day!,en
1827,यह ठीक था।,hi
1828,اليوم كان رائعًا,ar
1829,This is terrible...,en
1830,مقبول لكنه ليس الأفضل,ar
1831,مقبول لكنه ليس الأفضل,ar
1832,Absolutely fantastic experience!,en
1833,"Nicht schlecht, aber nicht gut.",de
1834,"Nicht schlecht, aber nicht gut.",de
1835,I love this!,en
1836,این بهترین روز من بود,fa
1837,من خیلی ناراحتم,fa
1838,This is terrible...,en
1839,This is terrible...,en
1840,This is terrible...,en
1841,यह ठीक था।,hi
1842,What a beautiful day!,en
1843,Could be better.,en
1844,این بهترین روز من بود,fa
1845,"Nicht schlecht, aber nicht gut.",de
1846,Absolutely fantastic experience!,en
1847,I am so tired of this nonsense.,en
1848,Could be better.,en
1849,این بهترین روز من بود,fa
1850,Ich bin enttäuscht.,de
1851,Ich bin enttäuscht.,de
1852,Could be better.,en
1853,Das war unglaublich!,de
1854,यह ठीक था।,hi
1855,यह ठीक था।,hi
1856,این بهترین روز من بود,fa
1857,خوب بود اما می‌توانست بهتر باشد,fa
1858,خوب بود اما می‌توانست بهتر باشد,fa
1859,बहुत ही अच्छा प्रदर्शन!,hi
1860,مقبول لكنه ليس الأفضل,ar
1861,Das war unglaublich!,de
1862,Das war unglaublich!,de
1863,این بهترین روز من بود,fa
1864,Ich bin enttäuscht.,de
1865,لا يعجبني هذا,ar
1866,I love this!,en
1867,Absolutely fantastic experience!,en
1868,Could be better.,en
1869,मैं इससे खुश नहीं हूँ।,hi
1870,This is terrible...,en
1871,این بهترین روز من بود,fa
1872,این بهترین روز من بود,fa
1873,مقبول لكنه ليس الأفضل,ar
1874,यह ठीक था।,hi
1875,What a beautiful day!,en
1876,مقبول لكنه ليس الأفضل,ar
1877,I love this!,en
1878,اليوم كان رائعًا,ar
1879,اليوم كان رائعًا,ar
1880,"Nicht schlecht, aber nicht gut.",de
1881,This is terrible...,en
1882,Ich bin enttäuscht.,de
1883,خوب بود اما می‌توانست بهتر باشد,fa
1884,مقبول لكنه ليس الأفضل,ar
1885,این بهترین روز من بود,fa
1886,خوب بود اما می‌توانست بهتر باشد,fa
1887,Ich bin enttäuscht.,de
1888,This is terrible...,en
1889,خوب بود اما می‌توانست بهتر باشد,fa
1890,Worst day ever.,en
1891,لا يعجبني هذا,ar
1892,خوب بود اما می‌توانست بهتر باشد,fa
1893,यह ठीक था।,hi
1894,من خیلی ناراحتم,fa
1895,Ich bin enttäuscht.,de
1896,این بهترین روز من بود,fa
1897,I love this!,en
1898,اليوم كان رائعًا,ar
1899,What a beautiful day!,en
1900,मैं इससे खुश नहीं हूँ।,hi
1901,बहुत ही अच्छा प्रदर्शन!,hi
1902,من خیلی ناراحتم,fa
1903,Absolutely fantastic experience!,en
1904,مقبول لكنه ليس الأفضل,ar
1905,Ich bin enttäuscht.,de
1906,Absolutely fantastic experience!,en
1907,What a beautiful day!,en
1908,لا يعجبني هذا,ar
1909,Das war unglaublich!,de
1910,خوب بود اما می‌توانست بهتر باشد,fa
1911,This is terrible...,en
1912,This is terrible...,en
1913,Worst day ever.,en
1914,मैं इससे खुश नहीं हूँ।,hi
1915,मैं इससे खुश नहीं हूँ।,hi
1916,Das war unglaublich!,de
1917,اليوم كان رائعًا,ar
1918,Worst day ever.,en
1919,این بهترین روز من بود,fa
1920,मैं इससे खुश नहीं हूँ।,hi
1921,I am so tired of this nonsense.,en
1922,لا يعجبني هذا,ar
1923,این بهترین روز من بود,fa
1924,This is terrible...,en
1925,I love this!,en
1926,Could be better.,en
1927,Could be better.,en
1928,I love this!,en
1929,बहुत ही अच्छा प्रदर्शन!,hi
1930,Could be better.,en
1931,I am so tired of this nonsense.,en
1932,Worst day ever.,en
1933,बहुत ही अच्छा प्रदर्शन!,hi
1934,मैं इससे खुश नहीं हूँ।,hi
1935,"Nicht schlecht, aber nicht gut.",de
1936,اليوم كان رائعًا,ar
1937,مقبول لكنه ليس الأفضل,ar
1938,Could be better.,en
1939,اليوم كان رائعًا,ar
1940,बहुत ही अच्छा प्रदर्शन!,hi
1941,I am so tired of this nonsense.,en
1942,مقبول لكنه ليس الأفضل,ar
1943,Absolutely fantastic experience!,en
1944,I love this!,en
1945,Worst day ever.,en
1946,Could be better.,en
1947,من خیلی ناراحتم,fa
1948,خوب بود اما می‌توانست بهتر باشد,fa
1949,This is terrible...,en
1950,این بهترین روز من بود,fa
1951,Worst day ever.,en
1952,اليوم كان رائعًا,ar
1953,Could be better.,en
1954,Absolutely fantastic experience!,en
1955,Absolutely fantastic experience!,en
1956,बहुत ही अच्छा प्रदर्शन!,hi
1957,What a beautiful day!,en
1958,مقبول لكنه ليس الأفضل,ar
1959,Ich bin enttäuscht.,de
1960,मैं इससे खुश नहीं हूँ।,hi
1961,I am so tired of this nonsense.,en
1962,مقبول لكنه ليس الأفضل,ar
1963,I love this!,en
1964,यह ठीक था।,hi
1965,Das war unglaublich!,de
1966,This is terrible...,en
1967,This is terrible...,en
1968,مقبول لكنه ليس الأفضل,ar
1969,خوب بود اما می‌توانست بهتر باشد,fa
1970,Das war unglaublich!,de
1971,I am so tired of this nonsense.,en
1972,बहुत ही अच्छा प्रदर्शन!,hi
1973,मैं इससे खुश नहीं हूँ।,hi
1974,बहुत ही अच्छा प्रदर्शन!,hi
1975,مقبول لكنه ليس الأفضل,ar
1976,यह ठीक था।,hi
1977,مقبول لكنه ليس الأفضل,ar
1978,من خیلی ناراحتم,fa
1979,मैं इससे खुश नहीं हूँ।,hi
1980,This is terrible...,en
1981,خوب بود اما می‌توانست بهتر باشد,fa
1982,Absolutely fantastic experience!,en
1983,لا يعجبني هذا,ar
1984,من خیلی ناراحتم,fa
1985,من خیلی ناراحتم,fa
1986,I love this!,en
1987,This is terrible...,en
1988,اليوم كان رائعًا,ar
1989,I am so tired of this nonsense.,en
1990,I am so tired of this nonsense.,en
1991,यह ठीक था।,hi
1992,Das war unglaublich!,de
1993,"Nicht schlecht, aber nicht gut.",de
1994,बहुत ही अच्छा प्रदर्शन!,hi
1995,Ich bin enttäuscht.,de
1996,من خیلی ناراحتم,fa
1997,این بهترین روز من بود,fa
1998,خوب بود اما می‌توانست بهتر باشد,fa
1999,What a beautiful day!,en
2000,What a beautiful day!,en
2001,Worst day ever.,en
2002,لا يعجبني هذا,ar
2003,मैं इससे खुश नहीं हूँ।,hi
2004,لا يعجبني هذا,ar
2005,I love this!,en
2006,I love this!,en
2007,من خیلی ناراحتم,fa
2008,Worst day ever.,en
2009,What a beautiful day!,en
2010,Ich bin enttäuscht.,de
2011,What a beautiful day!,en
2012,لا يعجبني هذا,ar
2013,مقبول لكنه ليس الأفضل,ar
2014,Das war unglaublich!,de
2015,مقبول لكنه ليس الأفضل,ar
2016,لا يعجبني هذا,ar
2017,لا يعجبني هذا,ar
2018,What a beautiful day!,en
2019,मैं इससे खुश नहीं हूँ।,hi
2020,What a beautiful day!,en
2021,اليوم كان رائعًا,ar
2022,मैं इससे खुश नहीं हूँ।,hi
2023,Das war unglaublich!,de
2024,I love this!,en
2025,Worst day ever.,en
2026,مقبول لكنه ليس الأفضل,ar
2027,Absolutely fantastic experience!,en
2028,What a beautiful day!,en
2029,Could be better.,en
2030,बहुत ही अच्छा प्रदर्शन!,hi
2031,مقبول لكنه ليس الأفضل,ar
2032,Absolutely fantastic experience!,en
2033,"Nicht schlecht, aber nicht gut.",de
2034,मैं इससे खुश नहीं हूँ।,hi
2035,مقبول لكنه ليس الأفضل,ar
2036,This is terrible...,en
2037,خوب بود اما می‌توانست بهتر باشد,fa
2038,I am so tired of this nonsense.,en
2039,Worst day ever.,en
2040,I am so tired of this nonsense.,en
2041,اليوم كان رائعًا,ar
2042,Das war unglaublich!,de
2043,What a beautiful day!,en
2044,اليوم كان رائعًا,ar
2045,I am so tired of this nonsense.,en
2046,Das war unglaublich!,de
2047,Absolutely fantastic experience!,en
2048,"Nicht schlecht, aber nicht gut.",de
2049,لا يعجبني هذا,ar
2050,What a beautiful day!,en
2051,बहुत ही अच्छा प्रदर्शन!,hi
2052,मैं इससे खुश नहीं हूँ।,hi
2053,Ich bin enttäuscht.,de
2054,मैं इससे खुश नहीं हूँ।,hi
2055,Could be better.,en
2056,बहुत ही अच्छा प्रदर्शन!,hi
2057,Worst day ever.,en
2058,این بهترین روز من بود,fa
2059,لا يعجبني هذا,ar
2060,خوب بود اما می‌توانست بهتر باشد,fa
2061,من خیلی ناراحتم,fa
2062,बहुत ही अच्छा प्रदर्शन!,hi
2063,बहुत ही अच्छा प्रदर्शन!,hi
2064,बहुत ही अच्छा प्रदर्शन!,hi
2065,मैं इससे खुश नहीं हूँ।,hi
2066,I love this!,en
2067,Worst day ever.,en
2068,This is terrible...,en
2069,لا يعجبني هذا,ar
2070,Ich bin enttäuscht.,de
2071,This is terrible...,en
2072,اليوم كان رائعًا,ar
2073,اليوم كان رائعًا,ar
2074,من خیلی ناراحتم,fa
2075,من خیلی ناراحتم,fa
2076,Absolutely fantastic experience!,en
2077,यह ठीक था।,hi
2078,What a beautiful day!,en
2079,لا يعجبني هذا,ar
2080,Worst day ever.,en
2081,لا يعجبني هذا,ar
2082,مقبول لكنه ليس الأفضل,ar
2083,I love this!,en
2084,I am so tired of this nonsense.,en
2085,Absolutely fantastic experience!,en
2086,اليوم كان رائعًا,ar
2087,This is terrible...,en
2088,مقبول لكنه ليس الأفضل,ar
2089,این بهترین روز من بود,fa
2090,बहुत ही अच्छा प्रदर्शन!,hi
2091,Worst day ever.,en
2092,This is terrible...,en
2093,मैं इससे खुश नहीं हूँ।,hi
2094,Ich bin enttäuscht.,de
2095,मैं इससे खुश नहीं हूँ।,hi
2096,"Nicht schlecht, aber nicht gut.",de
2097,बहुत ही अच्छा प्रदर्शन!,hi
2098,This is terrible...,en
2099,این بهترین روز من بود,fa
2100,मैं इससे खुश नहीं हूँ।,hi
2101,मैं इससे खुश नहीं हूँ।,hi
2102,I love this!,en
2103,यह ठीक था।,hi
2104,Could be better.,en
2105,I am so tired of this nonsense.,en
2106,यह ठीक था।,hi
2107,बहुत ही अच्छा प्रदर्शन!,hi
2108,This is terrible...,en
2109,Das war unglaublich!,de
2110,बहुत ही अच्छा प्रदर्शन!,hi
2111,این بهترین روز من بود,fa
2112,बहुत ही अच्छा प्रदर्शन!,hi
2113,این بهترین روز من بود,fa
2114,Worst day ever.,en
2115,बहुत ही अच्छा प्रदर्शन!,hi
2116,मैं इससे खुश नहीं हूँ।,hi
2117,من خیلی ناراحتم,fa
2118,This is terrible...,en
2119,"Nicht schlecht, aber nicht gut.",de
2120,I love this!,en
2121,Could be better.,en
2122,बहुत ही अच्छा प्रदर्शन!,hi
2123,اليوم كان رائعًا,ar
2124,Worst day ever.,en
2125,I am so tired of this nonsense.,en
2126,Worst day ever.,en
2127,من خیلی ناراحتم,fa
2128,Could be better.,en
2129,خوب بود اما می‌توانست بهتر باشد,fa
2130,من خیلی ناراحتم,fa
2131,Ich bin enttäuscht.,de
2132,What a beautiful day!,en
2133,I love this!,en
2134,این بهترین روز من بود,fa
2135,Could be better.,en
2136,यह ठीक था।,hi
2137,Could be better.,en
2138,यह ठीक था।,hi
2139,This is terrible...,en
2140,Worst day ever.,en
2141,What a beautiful day!,en
2142,Worst day ever.,en
2143,Could be better.,en
2144,Das war unglaublich!,de
2145,बहुत ही अच्छा प्रदर्शन!,hi
2146,This is terrible...,en
2147,Absolutely fantastic experience!,en
2148,मैं इससे खुश नहीं हूँ।,hi
2149,این بهترین روز من بود,fa
2150,لا يعجبني هذا,ar
2151,Absolutely fantastic experience!,en
2152,This is terrible...,en
2153,مقبول لكنه ليس الأفضل,ar
2154,यह ठीक था।,hi
2155,This is terrible...,en
2156,What a beautiful day!,en
2157,Absolutely fantastic experience!,en
2158,لا يعجبني هذا,ar
2159,Worst day ever.,en
2160,Could be better.,en
2161,बहुत ही अच्छा प्रदर्शन!,hi
2162,मैं इससे खुश नहीं हूँ।,hi
2163,I love this!,en
2164,I am so tired of this nonsense.,en
2165,Das war unglaublich!,de
2166,This is terrible...,en
2167,Das war unglaublich!,de
2168,Could be better.,en
2169,मैं इससे खुश नहीं हूँ।,hi
2170,Could be better.,en
2171,I am so tired of this nonsense.,en
2172,Could be better.,en
2173,خوب بود اما می‌توانست بهتر باشد,fa
2174,این بهترین روز من بود,fa
2175,خوب بود اما می‌توانست بهتر باشد,fa
2176,خوب بود اما می‌توانست بهتر باشد,fa
2177,Could be better.,en
2178,من خیلی ناراحتم,fa
2179,मैं इससे खुश नहीं हूँ।,hi
2180,"Nicht schlecht, aber nicht gut.",de
2181,"Nicht schlecht, aber nicht gut.",de
2182,यह ठीक था।,hi
2183,لا يعجبني هذا,ar
2184,यह ठीक था।,hi
2185,خوب بود اما می‌توانست بهتر باشد,fa
2186,این بهترین روز من بود,fa
2187,Ich bin enttäuscht.,de
2188,خوب بود اما می‌توانست بهتر باشد,fa
2189,Ich bin enttäuscht.,de
2190,اليوم كان رائعًا,ar
2191,I love this!,en
2192,I am so tired of this nonsense.,en
2193,Absolutely fantastic experience!,en
2194,This is terrible...,en
2195,"Nicht schlecht, aber nicht gut.",de
2196,این بهترین روز من بود,fa
2197,اليوم كان رائعًا,ar
2198,बहुत ही अच्छा प्रदर्शन!,hi
2199,This is terrible...,en
2200,Absolutely fantastic experience!,en
2201,Worst day ever.,en
2202,बहुत ही अच्छा प्रदर्शन!,hi
2203,मैं इससे खुश नहीं हूँ।,hi
2204,Could be better.,en
2205,Could be better.,en
2206,Ich bin enttäuscht.,de
2207,I love this!,en
2208,यह ठीक था।,hi
2209,Ich bin enttäuscht.,de
2210,I love this!,en
2211,Worst day ever.,en
2212,मैं इससे खुश नहीं हूँ।,hi
2213,مقبول لكنه ليس الأفضل,ar
2214,مقبول لكنه ليس الأفضل,ar
2215,I am so tired of this nonsense.,en
2216,لا يعجبني هذا,ar
2217,Worst day ever.,en
2218,This is terrible...,en
2219,مقبول لكنه ليس الأفضل,ar
2220,Das war unglaublich!,de
2221,Ich bin enttäuscht.,de
2222,لا يعجبني هذا,ar
2223,اليوم كان رائعًا,ar
2224,What a beautiful day!,en
2225,اليوم كان رائعًا,ar
2226,What a beautiful day!,en
2227,Could be better.,en
2228,I love this!,en
2229,बहुत ही अच्छा प्रदर्शन!,hi
2230,What a beautiful day!,en
2231,Worst day ever.,en
2232,This is terrible...,en
2233,لا يعجبني هذا,ar
2234,Worst day ever.,en
2235,What a beautiful day!,en
2236,मैं इससे खुश नहीं हूँ।,hi
2237,Could be better.,en
2238,Could be better.,en
2239,बहुत ही अच्छा प्रदर्शन!,hi
2240,I am so tired of this nonsense.,en
2241,"Nicht schlecht, aber nicht gut.",de
2242,यह ठीक था।,hi
2243,Worst day ever.,en
2244,मैं इससे खुश नहीं हूँ।,hi
2245,मैं इससे खुश नहीं हूँ।,hi
2246,Das war unglaublich!,de
2247,बहुत ही अच्छा प्रदर्शन!,hi
2248,बहुत ही अच्छा प्रदर्शन!,hi
2249,बहुत ही अच्छा प्रदर्शन!,hi
2250,من خیلی ناراحتم,fa
2251,Worst day ever.,en
2252,बहुत ही अच्छा प्रदर्शन!,hi
2253,"Nicht schlecht, aber nicht gut.",de
2254,این بهترین روز من بود,fa
2255,बहुत ही अच्छा प्रदर्शन!,hi
2256,What a beautiful day!,en
2257,बहुत ही अच्छा प्रदर्शन!,hi
2258,لا يعجبني هذا,ar
2259,مقبول لكنه ليس الأفضل,ar
2260,مقبول لكنه ليس الأفضل,ar
2261,لا يعجبني هذا,ar
2262,Das war unglaublich!,de
2263,What a beautiful day!,en
2264,این بهترین روز من بود,fa
2265,What a beautiful day!,en
2266,مقبول لكنه ليس الأفضل,ar
2267,बहुत ही अच्छा प्रदर्शन!,hi
2268,لا يعجبني هذا,ar
2269,What a beautiful day!,en
2270,Das war unglaublich!,de
2271,لا يعجبني هذا,ar
2272,Ich bin enttäuscht.,de
2273,What a beautiful day!,en
2274,این بهترین روز من بود,fa
2275,Das war unglaublich!,de
2276,Could be better.,en
2277,این بهترین روز من بود,fa
2278,این بهترین روز من بود,fa
2279,اليوم كان رائعًا,ar
2280,This is terrible...,en
2281,خوب بود اما می‌توانست بهتر باشد,fa
2282,Ich bin enttäuscht.,de
2283,I love this!,en
2284,لا يعجبني هذا,ar
2285,What a beautiful day!,en
2286,لا يعجبني هذا,ar
2287,"Nicht schlecht, aber nicht gut.",de
2288,I love this!,en
2289,خوب بود اما می‌توانست بهتر باشد,fa
2290,مقبول لكنه ليس الأفضل,ar
2291,I love this!,en
2292,من خیلی ناراحتم,fa
2293,Ich bin enttäuscht.,de
2294,مقبول لكنه ليس الأفضل,ar
2295,لا يعجبني هذا,ar
2296,Das war unglaublich!,de
2297,यह ठीक था।,hi
2298,बहुत ही अच्छा प्रदर्शन!,hi
2299,"Nicht schlecht, aber nicht gut.",de
2300,यह ठीक था।,hi
2301,This is terrible...,en
2302,Absolutely fantastic experience!,en
2303,This is terrible...,en
2304,Das war unglaublich!,de
2305,मैं इससे खुश नहीं हूँ।,hi
2306,मैं इससे खुश नहीं हूँ।,hi
2307,This is terrible...,en
2308,मैं इससे खुश नहीं हूँ।,hi
2309,Could be better.,en
2310,Absolutely fantastic experience!,en
2311,"Nicht schlecht, aber nicht gut.",de
2312,این بهترین روز من بود,fa
2313,This is terrible...,en
2314,I am so tired of this nonsense.,en
2315,Ich bin enttäuscht.,de
2316,اليوم كان رائعًا,ar
2317,این بهترین روز من بود,fa
2318,बहुत ही अच्छा प्रदर्शन!,hi
2319,Absolutely fantastic experience!,en
2320,این بهترین روز من بود,fa
2321,What a beautiful day!,en
2322,यह ठीक था।,hi
2323,This is terrible...,en
2324,This is terrible...,en
2325,Could be better.,en
2326,I love this!,en
2327,I love this!,en
2328,This is terrible...,en
2329,من خیلی ناراحتم,fa
2330,Worst day ever.,en
2331,What a beautiful day!,en
2332,What a beautiful day!,en
2333,این بهترین روز من بود,fa
2334,Absolutely fantastic experience!,en
2335,मैं इससे खुश नहीं हूँ।,hi
2336,اليوم كان رائعًا,ar
2337,Could be better.,en
2338,Could be better.,en
2339,This is terrible...,en
2340,I am so tired of this nonsense.,en
2341,यह ठीक था।,hi
2342,Absolutely fantastic experience!,en
2343,من خیلی ناراحتم,fa
2344,This is terrible...,en
2345,من خیلی ناراحتم,fa
2346,این بهترین روز من بود,fa
2347,Das war unglaublich!,de
2348,Ich bin enttäuscht.,de
2349,Worst day ever.,en
2350,I love this!,en
2351,لا يعجبني هذا,ar
2352,اليوم كان رائعًا,ar
2353,اليوم كان رائعًا,ar
2354,"Nicht schlecht, aber nicht gut.",de
2355,Worst day ever.,en
2356,این بهترین روز من بود,fa
2357,اليوم كان رائعًا,ar
2358,اليوم كان رائعًا,ar
2359,Worst day ever.,en
2360,What a beautiful day!,en
2361,این بهترین روز من بود,fa
2362,مقبول لكنه ليس الأفضل,ar
2363,"Nicht schlecht, aber nicht gut.",de
2364,This is terrible...,en
2365,I am so tired of this nonsense.,en
2366,मैं इससे खुश नहीं हूँ।,hi
2367,Das war unglaublich!,de
2368,Could be better.,en
2369,बहुत ही अच्छा प्रदर्शन!,hi
2370,لا يعجبني هذا,ar
2371,Das war unglaublich!,de
2372,Worst day ever.,en
2373,Absolutely fantastic experience!,en
2374,What a beautiful day!,en
2375,This is terrible...,en
2376,Could be better.,en
2377,यह ठीक था।,hi
2378,This is terrible...,en
2379,Absolutely fantastic experience!,en
2380,Das war unglaublich!,de
2381,اليوم كان رائعًا,ar
2382,I am so tired of this nonsense.,en
2383,لا يعجبني هذا,ar
2384,Absolutely fantastic experience!,en
2385,Das war unglaublich!,de
2386,اليوم كان رائعًا,ar
2387,What a beautiful day!,en
2388,Ich bin enttäuscht.,de
2389,यह ठीक था।,hi
2390,This is terrible...,en
2391,I am so tired of this nonsense.,en
2392,What a beautiful day!,en
2393,I am so tired of this nonsense.,en
2394,Das war unglaublich!,de
2395,خوب بود اما می‌توانست بهتر باشد,fa
2396,مقبول لكنه ليس الأفضل,ar
2397,Das war unglaublich!,de
2398,خوب بود اما می‌توانست بهتر باشد,fa
2399,این بهترین روز من بود,fa
2400,What a beautiful day!,en
2401,I love this!,en
2402,This is terrible...,en
2403,I am so tired of this nonsense.,en
2404,Worst day ever.,en
2405,What a beautiful day!,en
2406,मैं इससे खुश नहीं हूँ।,hi
2407,این بهترین روز من بود,fa
2408,Absolutely fantastic experience!,en
2409,मैं इससे खुश नहीं हूँ।,hi
2410,बहुत ही अच्छा प्रदर्शन!,hi
2411,من خیلی ناراحتم,fa
2412,मैं इससे खुश नहीं हूँ।,hi
2413,Could be better.,en
2414,"Nicht schlecht, aber nicht gut.",de
2415,این بهترین روز من بود,fa
2416,I am so tired of this nonsense.,en
2417,لا يعجبني هذا,ar
2418,यह ठीक था।,hi
2419,Ich bin enttäuscht.,de
2420,Worst day ever.,en
2421,این بهترین روز من بود,fa
2422,Worst day ever.,en
2423,What a beautiful day!,en
2424,I am so tired of this nonsense.,en
2425,این بهترین روز من بود,fa
2426,Could be better.,en
2427,من خیلی ناراحتم,fa
2428,من خیلی ناراحتم,fa
2429,मैं इससे खुश नहीं हूँ।,hi
2430,I am so tired of this nonsense.,en
2431,اليوم كان رائعًا,ar
2432,مقبول لكنه ليس الأفضل,ar
2433,"Nicht schlecht, aber nicht gut.",de
2434,I love this!,en
2435,यह ठीक था।,hi
2436,لا يعجبني هذا,ar
2437,बहुत ही अच्छा प्रदर्शन!,hi
2438,मैं इससे खुश नहीं हूँ।,hi
2439,من خیلی ناراحتم,fa
2440,مقبول لكنه ليس الأفضل,ar
2441,बहुत ही अच्छा प्रदर्शन!,hi
2442,Could be better.,en
2443,این بهترین روز من بود,fa
2444,I love this!,en
2445,Absolutely fantastic experience!,en
2446,Absolutely fantastic experience!,en
2447,اليوم كان رائعًا,ar
2448,This is terrible...,en
2449,لا يعجبني هذا,ar
2450,Absolutely fantastic experience!,en
2451,Das war unglaublich!,de
2452,خوب بود اما می‌توانست بهتر باشد,fa
2453,This is terrible...,en
2454,What a beautiful day!,en
2455,لا يعجبني هذا,ar
2456,I am so tired of this nonsense.,en
2457,این بهترین روز من بود,fa
2458,मैं इससे खुश नहीं हूँ।,hi
2459,"Nicht schlecht, aber nicht gut.",de
2460,مقبول لكنه ليس الأفضل,ar
2461,Could be better.,en
2462,"Nicht schlecht, aber nicht gut.",de
2463,Ich bin enttäuscht.,de
2464,Ich bin enttäuscht.,de
2465,I love this!,en
2466,I love this!,en
2467,خوب بود اما می‌توانست بهتر باشد,fa
2468,Das war unglaublich!,de
2469,बहुत ही अच्छा प्रदर्शन!,hi
2470,Das war unglaublich!,de
2471,बहुत ही अच्छा प्रदर्शन!,hi
2472,I am so tired of this nonsense.,en
2473,اليوم كان رائعًا,ar
2474,مقبول لكنه ليس الأفضل,ar
2475,What a beautiful day!,en
2476,"Nicht schlecht, aber nicht gut.",de
2477,I am so tired of this nonsense.,en
2478,Ich bin enttäuscht.,de
2479,बहुत ही अच्छा प्रदर्शन!,hi
2480,Worst day ever.,en
2481,لا يعجبني هذا,ar
2482,مقبول لكنه ليس الأفضل,ar
2483,What a beautiful day!,en
2484,यह ठीक था।,hi
2485,لا يعجبني هذا,ar
2486,I love this!,en
2487,मैं इससे खुश नहीं हूँ।,hi
2488,This is terrible...,en
2489,Ich bin enttäuscht.,de
2490,This is terrible...,en
2491,Das war unglaublich!,de
2492,मैं इससे खुश नहीं हूँ।,hi
2493,This is terrible...,en
2494,Das war unglaublich!,de
2495,مقبول لكنه ليس الأفضل,ar
2496,مقبول لكنه ليس الأفضل,ar
2497,"Nicht schlecht, aber nicht gut.",de
2498,Ich bin enttäuscht.,de
2499,यह ठीक था।,hi
2500,این بهترین روز من بود,fa
2501,I am so tired of this nonsense.,en
2502,बहुत ही अच्छा प्रदर्शन!,hi
2503,This is terrible...,en
2504,I am so tired of this nonsense.,en
2505,لا يعجبني هذا,ar
2506,مقبول لكنه ليس الأفضل,ar
2507,مقبول لكنه ليس الأفضل,ar
2508,Ich bin enttäuscht.,de
2509,Ich bin enttäuscht.,de
2510,यह ठीक था।,hi
2511,यह ठीक था।,hi
2512,What a beautiful day!,en
2513,What a beautiful day!,en
2514,اليوم كان رائعًا,ar
2515,यह ठीक था।,hi
2516,मैं इससे खुश नहीं हूँ।,hi
2517,خوب بود اما می‌توانست بهتر باشد,fa
2518,لا يعجبني هذا,ar
2519,बहुत ही अच्छा प्रदर्शन!,hi
2520,What a beautiful day!,en
2521,What a beautiful day!,en
2522,Ich bin enttäuscht.,de
2523,What a beautiful day!,en
2524,"Nicht schlecht, aber nicht gut.",de
2525,من خیلی ناراحتم,fa
2526,I love this!,en
2527,Worst day ever.,en
2528,مقبول لكنه ليس الأفضل,ar
2529,لا يعجبني هذا,ar
2530,مقبول لكنه ليس الأفضل,ar
2531,من خیلی ناراحتم,fa
2532,"Nicht schlecht, aber nicht gut.",de
2533,Worst day ever.,en
2534,What a beautiful day!,en
2535,I love this!,en
2536,यह ठीक था।,hi
2537,این بهترین روز من بود,fa
2538,बहुत ही अच्छा प्रदर्शन!,hi
2539,خوب بود اما می‌توانست بهتر باشد,fa
2540,"Nicht schlecht, aber nicht gut.",de
2541,این بهترین روز من بود,fa
2542,बहुत ही अच्छा प्रदर्शन!,hi
2543,यह ठीक था।,hi
2544,This is terrible...,en
2545,I am so tired of this nonsense.,en
2546,Absolutely fantastic experience!,en
2547,خوب بود اما می‌توانست بهتر باشد,fa
2548,This is terrible...,en
2549,Could be better.,en
2550,बहुत ही अच्छा प्रदर्शन!,hi
2551,من خیلی ناراحتم,fa
2552,Das war unglaublich!,de
2553,This is terrible...,en
2554,Absolutely fantastic experience!,en
2555,यह ठीक था।,hi
2556,This is terrible...,en
2557,Ich bin enttäuscht.,de
2558,बहुत ही अच्छा प्रदर्शन!,hi
2559,اليوم كان رائعًا,ar
2560,مقبول لكنه ليس الأفضل,ar
2561,बहुत ही अच्छा प्रदर्शन!,hi
2562,خوب بود اما می‌توانست بهتر باشد,fa
2563,This is terrible...,en
2564,मैं इससे खुश नहीं हूँ।,hi
2565,यह ठीक था।,hi
2566,Absolutely fantastic experience!,en
2567,Ich bin enttäuscht.,de
2568,Worst day ever.,en
2569,Absolutely fantastic experience!,en
2570,I love this!,en
2571,I am so tired of this nonsense.,en
2572,مقبول لكنه ليس الأفضل,ar
2573,این بهترین روز من بود,fa
2574,What a beautiful day!,en
2575,خوب بود اما می‌توانست بهتر باشد,fa
2576,Ich bin enttäuscht.,de
2577,Worst day ever.,en
2578,बहुत ही अच्छा प्रदर्शन!,hi
2579,Worst day ever.,en
2580,"Nicht schlecht, aber nicht gut.",de
2581,مقبول لكنه ليس الأفضل,ar
2582,من خیلی ناراحتم,fa
2583,این بهترین روز من بود,fa
2584,I am so tired of this nonsense.,en
2585,What a beautiful day!,en
2586,من خیلی ناراحتم,fa
2587,मैं इससे खुश नहीं हूँ।,hi
2588,Absolutely fantastic experience!,en
2589,Could be better.,en
2590,बहुत ही अच्छा प्रदर्शन!,hi
2591,Absolutely fantastic experience!,en
2592,Could be better.,en
2593,बहुत ही अच्छा प्रदर्शन!,hi
2594,बहुत ही अच्छा प्रदर्शन!,hi
2595,मैं इससे खुश नहीं हूँ।,hi
2596,Das war unglaublich!,de
2597,बहुत ही अच्छा प्रदर्शन!,hi
2598,यह ठीक था।,hi
2599,این بهترین روز من بود,fa
2600,यह ठीक था।,hi
2601,خوب بود اما می‌توانست بهتر باشد,fa
2602,I love this!,en
2603,What a beautiful day!,en
2604,I am so tired of this nonsense.,en
2605,مقبول لكنه ليس الأفضل,ar
2606,What a beautiful day!,en
2607,Absolutely fantastic experience!,en
2608,I am so tired of this nonsense.,en
2609,This is terrible...,en
2610,What a beautiful day!,en
2611,This is terrible...,en
2612,مقبول لكنه ليس الأفضل,ar
2613,What a beautiful day!,en
2614,Das war unglaublich!,de
2615,I love this!,en
2616,اليوم كان رائعًا,ar
2617,خوب بود اما می‌توانست بهتر باشد,fa
2618,خوب بود اما می‌توانست بهتر باشد,fa
2619,यह ठीक था।,hi
2620,Das war unglaublich!,de
2621,"Nicht schlecht, aber nicht gut.",de
2622,This is terrible...,en
2623,من خیلی ناراحتم,fa
2624,This is terrible...,en
2625,What a beautiful day!,en
2626,बहुत ही अच्छा प्रदर्शन!,hi
2627,Worst day ever.,en
2628,"Nicht schlecht, aber nicht gut.",de
2629,Ich bin enttäuscht.,de
2630,Absolutely fantastic experience!,en
2631,این بهترین روز من بود,fa
2632,I love this!,en
2633,I am so tired of this nonsense.,en
2634,Das war unglaublich!,de
2635,I am so tired of this nonsense.,en
2636,Worst day ever.,en
2637,Worst day ever.,en
2638,مقبول لكنه ليس الأفضل,ar
2639,اليوم كان رائعًا,ar
2640,Absolutely fantastic experience!,en
2641,I love this!,en
2642,"Nicht schlecht, aber nicht gut.",de
2643,मैं इससे खुश नहीं हूँ।,hi
2644,من خیلی ناراحتم,fa
2645,خوب بود اما می‌توانست بهتر باشد,fa
2646,من خیلی ناراحتم,fa
2647,من خیلی ناراحتم,fa
2648,خوب بود اما می‌توانست بهتر باشد,fa
2649,من خیلی ناراحتم,fa
2650,"Nicht schlecht, aber nicht gut.",de
2651,این بهترین روز من بود,fa
2652,مقبول لكنه ليس الأفضل,ar
2653,اليوم كان رائعًا,ar
2654,Ich bin enttäuscht.,de
2655,اليوم كان رائعًا,ar
2656,I am so tired of this nonsense.,en
2657,Ich bin enttäuscht.,de
2658,Could be better.,en
2659,This is terrible...,en
2660,من خیلی ناراحتم,fa
2661,این بهترین روز من بود,fa
2662,Das war unglaublich!,de
2663,Ich bin enttäuscht.,de
2664,Ich bin enttäuscht.,de
2665,این بهترین روز من بود,fa
2666,What a beautiful day!,en
2667,I love this!,en
2668,Could be better.,en
2669,यह ठीक था।,hi
2670,बहुत ही अच्छा प्रदर्शन!,hi
2671,मैं इससे खुश नहीं हूँ।,hi
2672,خوب بود اما می‌توانست بهتر باشد,fa
2673,बहुत ही अच्छा प्रदर्शन!,hi
2674,اليوم كان رائعًا,ar
2675,I am so tired of this nonsense.,en
2676,Could be better.,en
2677,मैं इससे खुश नहीं हूँ।,hi
2678,خوب بود اما می‌توانست بهتر باشد,fa
2679,This is terrible...,en
2680,Worst day ever.,en
2681,اليوم كان رائعًا,ar
2682,من خیلی ناراحتم,fa
2683,I love this!,en
2684,اليوم كان رائعًا,ar
2685,Worst day ever.,en
2686,Could be better.,en
2687,من خیلی ناراحتم,fa
2688,What a beautiful day!,en
2689,Worst day ever.,en
2690,لا يعجبني هذا,ar
2691,"Nicht schlecht, aber nicht gut.",de
2692,I am so tired of this nonsense.,en
2693,اليوم كان رائعًا,ar
2694,من خیلی ناراحتم,fa
2695,I love this!,en
2696,I am so tired of this nonsense.,en
2697,لا يعجبني هذا,ar
2698,این بهترین روز من بود,fa
2699,Could be better.,en
2700,What a beautiful day!,en
2701,مقبول لكنه ليس الأفضل,ar
2702,خوب بود اما می‌توانست بهتر باشد,fa
2703,I love this!,en
2704,यह ठीक था।,hi
2705,Could be better.,en
2706,मैं इससे खुश नहीं हूँ।,hi
2707,Das war unglaublich!,de
2708,خوب بود اما می‌توانست بهتر باشد,fa
2709,خوب بود اما می‌توانست بهتر باشد,fa
2710,این بهترین روز من بود,fa
2711,این بهترین روز من بود,fa
2712,لا يعجبني هذا,ar
2713,مقبول لكنه ليس الأفضل,ar
2714,مقبول لكنه ليس الأفضل,ar
2715,Ich bin enttäuscht.,de
2716,من خیلی ناراحتم,fa
2717,این بهترین روز من بود,fa
2718,What a beautiful day!,en
2719,اليوم كان رائعًا,ar
2720,اليوم كان رائعًا,ar
2721,من خیلی ناراحتم,fa
2722,यह ठीक था।,hi
2723,I love this!,en
2724,لا يعجبني هذا,ar
2725,خوب بود اما می‌توانست بهتر باشد,fa
2726,لا يعجبني هذا,ar
2727,I love this!,en
2728,Absolutely fantastic experience!,en
2729,لا يعجبني هذا,ar
2730,خوب بود اما می‌توانست بهتر باشد,fa
2731,What a beautiful day!,en
2732,اليوم كان رائعًا,ar
2733,यह ठीक था।,hi
2734,"Nicht schlecht, aber nicht gut.",de
2735,Absolutely fantastic experience!,en
2736,خوب بود اما می‌توانست بهتر باشد,fa
2737,لا يعجبني هذا,ar
2738,This is terrible...,en
2739,I am so tired of this nonsense.,en
2740,این بهترین روز من بود,fa
2741,اليوم كان رائعًا,ar
2742,बहुत ही अच्छा प्रदर्शन!,hi
2743,Ich bin enttäuscht.,de
2744,Could be better.,en
2745,Das war unglaublich!,de
2746,यह ठीक था।,hi
2747,यह ठीक था।,hi
2748,I am so tired of this nonsense.,en
2749,Das war unglaublich!,de
2750,اليوم كان رائعًا,ar
2751,This is terrible...,en
2752,What a beautiful day!,en
2753,Ich bin enttäuscht.,de
2754,I love this!,en
2755,لا يعجبني هذا,ar
2756,I love this!,en
2757,مقبول لكنه ليس الأفضل,ar
2758,Could be better.,en
2759,اليوم كان رائعًا,ar
2760,I love this!,en
2761,I love this!,en
2762,मैं इससे खुश नहीं हूँ।,hi
2763,मैं इससे खुश नहीं हूँ।,hi
2764,Ich bin enttäuscht.,de
2765,Could be better.,en
2766,मैं इससे खुश नहीं हूँ।,hi
2767,मैं इससे खुश नहीं हूँ।,hi
2768,This is terrible...,en
2769,Worst day ever.,en
2770,مقبول لكنه ليس الأفضل,ar
2771,बहुत ही अच्छा प्रदर्शन!,hi
2772,خوب بود اما می‌توانست بهتر باشد,fa
2773,मैं इससे खुश नहीं हूँ।,hi
2774,اليوم كان رائعًا,ar
2775,خوب بود اما می‌توانست بهتر باشد,fa
2776,"Nicht schlecht, aber nicht gut.",de
2777,"Nicht schlecht, aber nicht gut.",de
2778,این بهترین روز من بود,fa
2779,مقبول لكنه ليس الأفضل,ar
2780,Das war unglaublich!,de
2781,यह ठीक था।,hi
2782,I love this!,en
2783,What a beautiful day!,en
2784,Could be better.,en
2785,Worst day ever.,en
2786,لا يعجبني هذا,ar
2787,I am so tired of this nonsense.,en
2788,What a beautiful day!,en
2789,Could be better.,en
2790,What a beautiful day!,en
2791,Worst day ever.,en
2792,اليوم كان رائعًا,ar
2793,مقبول لكنه ليس الأفضل,ar
2794,What a beautiful day!,en
2795,बहुत ही अच्छा प्रदर्शन!,hi
2796,This is terrible...,en
2797,Worst day ever.,en
2798,बहुत ही अच्छा प्रदर्शन!,hi
2799,यह ठीक था।,hi
2800,I am so tired of this nonsense.,en
2801,यह ठीक था।,hi
2802,"Nicht schlecht, aber nicht gut.",de
2803,Could be better.,en
2804,Absolutely fantastic experience!,en
2805,Absolutely fantastic experience!,en
2806,Worst day ever.,en
2807,لا يعجبني هذا,ar
2808,مقبول لكنه ليس الأفضل,ar
2809,Ich bin enttäuscht.,de
2810,من خیلی ناراحتم,fa
2811,مقبول لكنه ليس الأفضل,ar
2812,مقبول لكنه ليس الأفضل,ar
2813,این بهترین روز من بود,fa
2814,مقبول لكنه ليس الأفضل,ar
2815,I am so tired of this nonsense.,en
2816,बहुत ही अच्छा प्रदर्शन!,hi
2817,What a beautiful day!,en
2818,لا يعجبني هذا,ar
2819,Worst day ever.,en
2820,Could be better.,en
2821,خوب بود اما می‌توانست بهتر باشد,fa
2822,बहुत ही अच्छा प्रदर्शन!,hi
2823,من خیلی ناراحتم,fa
2824,I am so tired of this nonsense.,en
2825,What a beautiful day!,en
2826,این بهترین روز من بود,fa
2827,Ich bin enttäuscht.,de
2828,خوب بود اما می‌توانست بهتر باشد,fa
2829,मैं इससे खुश नहीं हूँ।,hi
2830,مقبول لكنه ليس الأفضل,ar
2831,I am so tired of this nonsense.,en
2832,Das war unglaublich!,de
2833,خوب بود اما می‌توانست بهتر باشد,fa
2834,This is terrible...,en
2835,خوب بود اما می‌توانست بهتر باشد,fa
2836,من خیلی ناراحتم,fa
2837,من خیلی ناراحتم,fa
2838,Absolutely fantastic experience!,en
2839,यह ठीक था।,hi
2840,मैं इससे खुश नहीं हूँ।,hi
2841,اليوم كان رائعًا,ar
2842,"Nicht schlecht, aber nicht gut.",de
2843,Worst day ever.,en
2844,मैं इससे खुश नहीं हूँ।,hi
2845,"Nicht schlecht, aber nicht gut.",de
2846,اليوم كان رائعًا,ar
2847,لا يعجبني هذا,ar
2848,I am so tired of this nonsense.,en
2849,اليوم كان رائعًا,ar
2850,این بهترین روز من بود,fa
2851,Ich bin enttäuscht.,de
2852,این بهترین روز من بود,fa
2853,I am so tired of this nonsense.,en
2854,اليوم كان رائعًا,ar
2855,مقبول لكنه ليس الأفضل,ar
2856,I love this!,en
2857,لا يعجبني هذا,ar
2858,"Nicht schlecht, aber nicht gut.",de
2859,This is terrible...,en
2860,Worst day ever.,en
2861,This is terrible...,en
2862,I love this!,en
2863,Ich bin enttäuscht.,de
2864,خوب بود اما می‌توانست بهتر باشد,fa
2865,This is terrible...,en
2866,Worst day ever.,en
2867,Absolutely fantastic experience!,en
2868,What a beautiful day!,en
2869,من خیلی ناراحتم,fa
2870,What a beautiful day!,en
2871,Absolutely fantastic experience!,en
2872,I am so tired of this nonsense.,en
2873,مقبول لكنه ليس الأفضل,ar
2874,Could be better.,en
2875,मैं इससे खुश नहीं हूँ।,hi
2876,Das war unglaublich!,de
2877,Ich bin enttäuscht.,de
2878,बहुत ही अच्छा प्रदर्शन!,hi
2879,This is terrible...,en
2880,What a beautiful day!,en
2881,बहुत ही अच्छा प्रदर्शन!,hi
2882,Could be better.,en
2883,Das war unglaublich!,de
2884,Worst day ever.,en
2885,من خیلی ناراحتم,fa
2886,Ich bin enttäuscht.,de
2887,Absolutely fantastic experience!,en
2888,Worst day ever.,en
2889,Could be better.,en
2890,من خیلی ناراحتم,fa
2891,What a beautiful day!,en
2892,من خیلی ناراحتم,fa
2893,I am so tired of this nonsense.,en
2894,I love this!,en
2895,I am so tired of this nonsense.,en
2896,Worst day ever.,en
2897,मैं इससे खुश नहीं हूँ।,hi
2898,Das war unglaublich!,de
2899,مقبول لكنه ليس الأفضل,ar
2900,لا يعجبني هذا,ar
2901,बहुत ही अच्छा प्रदर्शन!,hi
2902,Worst day ever.,en
2903,बहुत ही अच्छा प्रदर्शन!,hi
2904,I am so tired of this nonsense.,en
2905,I love this!,en
2906,यह ठीक था।,hi
2907,"Nicht schlecht, aber nicht gut.",de
2908,مقبول لكنه ليس الأفضل,ar
2909,Das war unglaublich!,de
2910,Worst day ever.,en
2911,बहुत ही अच्छा प्रदर्शन!,hi
2912,Das war unglaublich!,de
2913,यह ठीक था।,hi
2914,Worst day ever.,en
2915,I love this!,en
2916,बहुत ही अच्छा प्रदर्शन!,hi
2917,مقبول لكنه ليس الأفضل,ar
2918,لا يعجبني هذا,ar
2919,What a beautiful day!,en
2920,خوب بود اما می‌توانست بهتر باشد,fa
2921,خوب بود اما می‌توانست بهتر باشد,fa
2922,اليوم كان رائعًا,ar
2923,Ich bin enttäuscht.,de
2924,This is terrible...,en
2925,من خیلی ناراحتم,fa
2926,خوب بود اما می‌توانست بهتر باشد,fa
2927,مقبول لكنه ليس الأفضل,ar
2928,Could be better.,en
2929,मैं इससे खुश नहीं हूँ।,hi
2930,बहुत ही अच्छा प्रदर्शन!,hi
2931,This is terrible...,en
2932,What a beautiful day!,en
2933,बहुत ही अच्छा प्रदर्शन!,hi
2934,Absolutely fantastic experience!,en
2935,बहुत ही अच्छा प्रदर्शन!,hi
2936,این بهترین روز من بود,fa
2937,من خیلی ناراحتم,fa
2938,I am so tired of this nonsense.,en
2939,Das war unglaublich!,de
2940,لا يعجبني هذا,ar
2941,यह ठीक था।,hi
2942,این بهترین روز من بود,fa
2943,مقبول لكنه ليس الأفضل,ar
2944,مقبول لكنه ليس الأفضل,ar
2945,Ich bin enttäuscht.,de
2946,Worst day ever.,en
2947,لا يعجبني هذا,ar
2948,من خیلی ناراحتم,fa
2949,Could be better.,en
2950,I love this!,en
2951,Ich bin enttäuscht.,de
2952,لا يعجبني هذا,ar
2953,لا يعجبني هذا,ar
2954,Das war unglaublich!,de
2955,I love this!,en
2956,لا يعجبني هذا,ar
2957,I am so tired of this nonsense.,en
2958,यह ठीक था।,hi
2959,मैं इससे खुश नहीं हूँ।,hi
2960,बहुत ही अच्छा प्रदर्शन!,hi
2961,Could be better.,en
2962,यह ठीक था।,hi
2963,اليوم كان رائعًا,ar
2964,خوب بود اما می‌توانست بهتر باشد,fa
2965,خوب بود اما می‌توانست بهتر باشد,fa
2966,I am so tired of this nonsense.,en
2967,This is terrible...,en
2968,اليوم كان رائعًا,ar
2969,यह ठीक था।,hi
2970,Absolutely fantastic experience!,en
2971,لا يعجبني هذا,ar
2972,मैं इससे खुश नहीं हूँ।,hi
2973,لا يعجبني هذا,ar
2974,बहुत ही अच्छा प्रदर्शन!,hi
2975,Ich bin enttäuscht.,de
2976,لا يعجبني هذا,ar
2977,خوب بود اما می‌توانست بهتر باشد,fa
2978,Das war unglaublich!,de
2979,I am so tired of this nonsense.,en
2980,لا يعجبني هذا,ar
2981,"Nicht schlecht, aber nicht gut.",de
2982,Absolutely fantastic experience!,en
2983,What a beautiful day!,en
2984,لا يعجبني هذا,ar
2985,Ich bin enttäuscht.,de
2986,اليوم كان رائعًا,ar
2987,Das war unglaublich!,de
2988,اليوم كان رائعًا,ar
2989,من خیلی ناراحتم,fa
2990,"Nicht schlecht, aber nicht gut.",de
2991,من خیلی ناراحتم,fa
2992,خوب بود اما می‌توانست بهتر باشد,fa
2993,Ich bin enttäuscht.,de
2994,Ich bin enttäuscht.,de
2995,خوب بود اما می‌توانست بهتر باشد,fa
2996,خوب بود اما می‌توانست بهتر باشد,fa
2997,Ich bin enttäuscht.,de
2998,مقبول لكنه ليس الأفضل,ar
2999,لا يعجبني هذا,ar
3000,خوب بود اما می‌توانست بهتر باشد,fa
3001,"Nicht schlecht, aber nicht gut.",de
3002,I love this!,en
3003,Absolutely fantastic experience!,en
3004,لا يعجبني هذا,ar
3005,यह ठीक था।,hi
3006,خوب بود اما می‌توانست بهتر باشد,fa
3007,خوب بود اما می‌توانست بهتر باشد,fa
3008,I am so tired of this nonsense.,en
3009,این بهترین روز من بود,fa
3010,این بهترین روز من بود,fa
3011,مقبول لكنه ليس الأفضل,ar
3012,Das war unglaublich!,de
3013,यह ठीक था।,hi
3014,बहुत ही अच्छा प्रदर्शन!,hi
3015,बहुत ही अच्छा प्रदर्शन!,hi
3016,Worst day ever.,en
3017,لا يعجبني هذا,ar
3018,مقبول لكنه ليس الأفضل,ar
3019,What a beautiful day!,en
3020,"Nicht schlecht, aber nicht gut.",de
3021,I am so tired of this nonsense.,en
3022,اليوم كان رائعًا,ar
3023,यह ठीक था।,hi
3024,این بهترین روز من بود,fa
3025,اليوم كان رائعًا,ar
3026,What a beautiful day!,en
3027,यह ठीक था।,hi
3028,Worst day ever.,en
3029,Das war unglaublich!,de
3030,यह ठीक था।,hi
3031,Ich bin enttäuscht.,de
3032,I am so tired of this nonsense.,en
3033,Worst day ever.,en
3034,لا يعجبني هذا,ar
3035,Absolutely fantastic experience!,en
3036,Das war unglaublich!,de
3037,यह ठीक था।,hi
3038,Ich bin enttäuscht.,de
3039,Could be better.,en
3040,Absolutely fantastic experience!,en
3041,اليوم كان رائعًا,ar
3042,"Nicht schlecht, aber nicht gut.",de
3043,यह ठीक था।,hi
3044,اليوم كان رائعًا,ar
3045,این بهترین روز من بود,fa
3046,خوب بود اما می‌توانست بهتر باشد,fa
3047,बहुत ही अच्छा प्रदर्शन!,hi
3048,این بهترین روز من بود,fa
3049,خوب بود اما می‌توانست بهتر باشد,fa
3050,من خیلی ناراحتم,fa
3051,Das war unglaublich!,de
3052,बहुत ही अच्छा प्रदर्शन!,hi
3053,मैं इससे खुश नहीं हूँ।,hi
3054,बहुत ही अच्छा प्रदर्शन!,hi
3055,यह ठीक था।,hi
3056,I love this!,en
3057,Could be better.,en
3058,What a beautiful day!,en
3059,من خیلی ناراحتم,fa
3060,Ich bin enttäuscht.,de
3061,Das war unglaublich!,de
3062,اليوم كان رائعًا,ar
3063,مقبول لكنه ليس الأفضل,ar
3064,I love this!,en
3065,I love this!,en
3066,Absolutely fantastic experience!,en
3067,این بهترین روز من بود,fa
3068,این بهترین روز من بود,fa
3069,خوب بود اما می‌توانست بهتر باشد,fa
3070,مقبول لكنه ليس الأفضل,ar
3071,Could be better.,en
3072,यह ठीक था।,hi
3073,این بهترین روز من بود,fa
3074,Ich bin enttäuscht.,de
3075,Ich bin enttäuscht.,de
3076,यह ठीक था।,hi
3077,Ich bin enttäuscht.,de
3078,مقبول لكنه ليس الأفضل,ar
3079,बहुत ही अच्छा प्रदर्शन!,hi
3080,I love this!,en
3081,मैं इससे खुश नहीं हूँ।,hi
3082,"Nicht schlecht, aber nicht gut.",de
3083,مقبول لكنه ليس الأفضل,ar
3084,Ich bin enttäuscht.,de
3085,این بهترین روز من بود,fa
3086,Could be better.,en
3087,من خیلی ناراحتم,fa
3088,اليوم كان رائعًا,ar
3089,Das war unglaublich!,de
3090,मैं इससे खुश नहीं हूँ।,hi
3091,What a beautiful day!,en
3092,I am so tired of this nonsense.,en
3093,Das war unglaublich!,de
3094,This is terrible...,en
3095,Could be better.,en
3096,What a beautiful day!,en
3097,I am so tired of this nonsense.,en
3098,Could be better.,en
3099,خوب بود اما می‌توانست بهتر باشد,fa
3100,I am so tired of this nonsense.,en
3101,Das war unglaublich!,de
3102,اليوم كان رائعًا,ar
3103,What a beautiful day!,en
3104,I am so tired of this nonsense.,en
3105,من خیلی ناراحتم,fa
3106,اليوم كان رائعًا,ar
3107,I am so tired of this nonsense.,en
3108,What a beautiful day!,en
3109,این بهترین روز من بود,fa
3110,Worst day ever.,en
3111,यह ठीक था।,hi
3112,این بهترین روز من بود,fa
3113,Absolutely fantastic experience!,en
3114,I love this!,en
3115,مقبول لكنه ليس الأفضل,ar
3116,Ich bin enttäuscht.,de
3117,مقبول لكنه ليس الأفضل,ar
3118,Worst day ever.,en
3119,I love this!,en
3120,Could be better.,en
3121,خوب بود اما می‌توانست بهتر باشد,fa
3122,مقبول لكنه ليس الأفضل,ar
3123,"Nicht schlecht, aber nicht gut.",de
3124,خوب بود اما می‌توانست بهتر باشد,fa
3125,لا يعجبني هذا,ar
3126,I love this!,en
3127,यह ठीक था।,hi
3128,مقبول لكنه ليس الأفضل,ar
3129,Absolutely fantastic experience!,en
3130,I love this!,en
3131,اليوم كان رائعًا,ar
3132,What a beautiful day!,en
3133,This is terrible...,en
3134,Absolutely fantastic experience!,en
3135,बहुत ही अच्छा प्रदर्शन!,hi
3136,Could be better.,en
3137,Could be better.,en
3138,बहुत ही अच्छा प्रदर्शन!,hi
3139,यह ठीक था।,hi
3140,لا يعجبني هذا,ar
3141,What a beautiful day!,en
3142,مقبول لكنه ليس الأفضل,ar
3143,Could be better.,en
3144,This is terrible...,en
3145,لا يعجبني هذا,ar
3146,مقبول لكنه ليس الأفضل,ar
3147,मैं इससे खुश नहीं हूँ।,hi
3148,Ich bin enttäuscht.,de
3149,मैं इससे खुश नहीं हूँ।,hi
3150,I am so tired of this nonsense.,en
3151,Could be better.,en
3152,Could be better.,en
3153,Could be better.,en
3154,Absolutely fantastic experience!,en
3155,Das war unglaublich!,de
3156,यह ठीक था।,hi
3157,خوب بود اما می‌توانست بهتر باشد,fa
3158,I am so tired of this nonsense.,en
3159,من خیلی ناراحتم,fa
3160,यह ठीक था।,hi
3161,What a beautiful day!,en
3162,Could be better.,en
3163,यह ठीक था।,hi
3164,این بهترین روز من بود,fa
3165,बहुत ही अच्छा प्रदर्शन!,hi
3166,Absolutely fantastic experience!,en
3167,I am so tired of this nonsense.,en
3168,What a beautiful day!,en
3169,Absolutely fantastic experience!,en
3170,مقبول لكنه ليس الأفضل,ar
3171,Could be better.,en
3172,خوب بود اما می‌توانست بهتر باشد,fa
3173,مقبول لكنه ليس الأفضل,ar
3174,Absolutely fantastic experience!,en
3175,لا يعجبني هذا,ar
3176,Worst day ever.,en
3177,لا يعجبني هذا,ar
3178,مقبول لكنه ليس الأفضل,ar
3179,Absolutely fantastic experience!,en
3180,I love this!,en
3181,What a beautiful day!,en
3182,यह ठीक था।,hi
3183,مقبول لكنه ليس الأفضل,ar
3184,I love this!,en
3185,مقبول لكنه ليس الأفضل,ar
3186,مقبول لكنه ليس الأفضل,ar
3187,यह ठीक था।,hi
3188,مقبول لكنه ليس الأفضل,ar
3189,I am so tired of this nonsense.,en
3190,मैं इससे खुश नहीं हूँ।,hi
3191,من خیلی ناراحتم,fa
3192,यह ठीक था।,hi
3193,I love this!,en
3194,I love this!,en
3195,What a beautiful day!,en
3196,خوب بود اما می‌توانست بهتر باشد,fa
3197,I am so tired of this nonsense.,en
3198,यह ठीक था।,hi
3199,मैं इससे खुश नहीं हूँ।,hi
3200,बहुत ही अच्छा प्रदर्शन!,hi
3201,बहुत ही अच्छा प्रदर्शन!,hi
3202,Could be better.,en
3203,خوب بود اما می‌توانست بهتر باشد,fa
3204,مقبول لكنه ليس الأفضل,ar
3205,"Nicht schlecht, aber nicht gut.",de
3206,Could be better.,en
3207,What a beautiful day!,en
3208,"Nicht schlecht, aber nicht gut.",de
3209,Could be better.,en
3210,Das war unglaublich!,de
3211,این بهترین روز من بود,fa
3212,"Nicht schlecht, aber nicht gut.",de
3213,این بهترین روز من بود,fa
3214,This is terrible...,en
3215,This is terrible...,en
3216,اليوم كان رائعًا,ar
3217,This is terrible...,en
3218,Could be better.,en
3219,बहुत ही अच्छा प्रदर्शन!,hi
3220,لا يعجبني هذا,ar
3221,مقبول لكنه ليس الأفضل,ar
3222,Absolutely fantastic experience!,en
3223,"Nicht schlecht, aber nicht gut.",de
3224,Das war unglaublich!,de
3225,What a beautiful day!,en
3226,Ich bin enttäuscht.,de
3227,बहुत ही अच्छा प्रदर्शन!,hi
3228,What a beautiful day!,en
3229,Worst day ever.,en
3230,Could be better.,en
3231,"Nicht schlecht, aber nicht gut.",de
3232,من خیلی ناراحتم,fa
3233,यह ठीक था।,hi
3234,خوب بود اما می‌توانست بهتر باشد,fa
3235,"Nicht schlecht, aber nicht gut.",de
3236,This is terrible...,en
3237,این بهترین روز من بود,fa
3238,مقبول لكنه ليس الأفضل,ar
3239,बहुत ही अच्छा प्रदर्शन!,hi
3240,मैं इससे खुश नहीं हूँ।,hi
3241,خوب بود اما می‌توانست بهتر باشد,fa
3242,I am so tired of this nonsense.,en
3243,خوب بود اما می‌توانست بهتر باشد,fa
3244,This is terrible...,en
3245,I am so tired of this nonsense.,en
3246,Absolutely fantastic experience!,en
3247,Ich bin enttäuscht.,de
3248,Ich bin enttäuscht.,de
3249,This is terrible...,en
3250,Could be better.,en
3251,Das war unglaublich!,de
3252,This is terrible...,en
3253,Could be better.,en
3254,I am so tired of this nonsense.,en
3255,خوب بود اما می‌توانست بهتر باشد,fa
3256,این بهترین روز من بود,fa
3257,Could be better.,en
3258,I am so tired of this nonsense.,en
3259,لا يعجبني هذا,ar
3260,"Nicht schlecht, aber nicht gut.",de
3261,Ich bin enttäuscht.,de
3262,मैं इससे खुश नहीं हूँ।,hi
3263,I love this!,en
3264,Could be better.,en
3265,Worst day ever.,en
3266,मैं इससे खुश नहीं हूँ।,hi
3267,Das war unglaublich!,de
3268,What a beautiful day!,en
3269,I love this!,en
3270,What a beautiful day!,en
3271,Das war unglaublich!,de
3272,I love this!,en
3273,What a beautiful day!,en
3274,لا يعجبني هذا,ar
3275,من خیلی ناراحتم,fa
3276,اليوم كان رائعًا,ar
3277,مقبول لكنه ليس الأفضل,ar
3278,बहुत ही अच्छा प्रदर्शन!,hi
3279,I love this!,en
3280,बहुत ही अच्छा प्रदर्शन!,hi
3281,خوب بود اما می‌توانست بهتر باشد,fa
3282,مقبول لكنه ليس الأفضل,ar
3283,Das war unglaublich!,de
3284,این بهترین روز من بود,fa
3285,مقبول لكنه ليس الأفضل,ar
3286,बहुत ही अच्छा प्रदर्शन!,hi
3287,I am so tired of this nonsense.,en
3288,यह ठीक था।,hi
3289,बहुत ही अच्छा प्रदर्शन!,hi
3290,What a beautiful day!,en
3291,Absolutely fantastic experience!,en
3292,"Nicht schlecht, aber nicht gut.",de
3293,बहुत ही अच्छा प्रदर्शन!,hi
3294,"Nicht schlecht, aber nicht gut.",de
3295,Absolutely fantastic experience!,en
3296,لا يعجبني هذا,ar
3297,Ich bin enttäuscht.,de
3298,اليوم كان رائعًا,ar
3299,मैं इससे खुश नहीं हूँ।,hi
3300,اليوم كان رائعًا,ar
3301,Worst day ever.,en
3302,What a beautiful day!,en
3303,This is terrible...,en
3304,I am so tired of this nonsense.,en
3305,यह ठीक था।,hi
3306,This is terrible...,en
3307,"Nicht schlecht, aber nicht gut.",de
3308,Das war unglaublich!,de
3309,این بهترین روز من بود,fa
3310,Could be better.,en
3311,This is terrible...,en
3312,Could be better.,en
3313,خوب بود اما می‌توانست بهتر باشد,fa
3314,This is terrible...,en
3315,Das war unglaublich!,de
3316,این بهترین روز من بود,fa
3317,I love this!,en
3318,Das war unglaublich!,de
3319,مقبول لكنه ليس الأفضل,ar
3320,What a beautiful day!,en
3321,What a beautiful day!,en
3322,Could be better.,en
3323,मैं इससे खुश नहीं हूँ।,hi
3324,Das war unglaublich!,de
3325,"Nicht schlecht, aber nicht gut.",de
3326,لا يعجبني هذا,ar
3327,Could be better.,en
3328,این بهترین روز من بود,fa
3329,مقبول لكنه ليس الأفضل,ar
3330,Could be better.,en
3331,यह ठीक था।,hi
3332,Absolutely fantastic experience!,en
3333,اليوم كان رائعًا,ar
3334,This is terrible...,en
3335,مقبول لكنه ليس الأفضل,ar
3336,"Nicht schlecht, aber nicht gut.",de
3337,لا يعجبني هذا,ar
3338,बहुत ही अच्छा प्रदर्शन!,hi
3339,لا يعجبني هذا,ar
3340,Ich bin enttäuscht.,de
3341,Das war unglaublich!,de
3342,این بهترین روز من بود,fa
3343,این بهترین روز من بود,fa
3344,اليوم كان رائعًا,ar
3345,Absolutely fantastic experience!,en
3346,"Nicht schlecht, aber nicht gut.",de
3347,خوب بود اما می‌توانست بهتر باشد,fa
3348,خوب بود اما می‌توانست بهتر باشد,fa
3349,لا يعجبني هذا,ar
3350,Absolutely fantastic experience!,en
3351,I am so tired of this nonsense.,en
3352,خوب بود اما می‌توانست بهتر باشد,fa
3353,اليوم كان رائعًا,ar
3354,बहुत ही अच्छा प्रदर्शन!,hi
3355,मैं इससे खुश नहीं हूँ।,hi
3356,यह ठीक था।,hi
3357,Could be better.,en
3358,Ich bin enttäuscht.,de
3359,I am so tired of this nonsense.,en
3360,I love this!,en
3361,Absolutely fantastic experience!,en
3362,I am so tired of this nonsense.,en
3363,बहुत ही अच्छा प्रदर्शन!,hi
3364,این بهترین روز من بود,fa
3365,मैं इससे खुश नहीं हूँ।,hi
3366,Ich bin enttäuscht.,de
3367,مقبول لكنه ليس الأفضل,ar
3368,Worst day ever.,en
3369,مقبول لكنه ليس الأفضل,ar
3370,این بهترین روز من بود,fa
3371,مقبول لكنه ليس الأفضل,ar
3372,Absolutely fantastic experience!,en
3373,لا يعجبني هذا,ar
3374,Das war unglaublich!,de
3375,خوب بود اما می‌توانست بهتر باشد,fa
3376,I love this!,en
3377,मैं इससे खुश नहीं हूँ।,hi
3378,"Nicht schlecht, aber nicht gut.",de
3379,मैं इससे खुश नहीं हूँ।,hi
3380,Worst day ever.,en
3381,Worst day ever.,en
3382,I am so tired of this nonsense.,en
3383,Worst day ever.,en
3384,این بهترین روز من بود,fa
3385,Ich bin enttäuscht.,de
3386,Ich bin enttäuscht.,de
3387,यह ठीक था।,hi
3388,This is terrible...,en
3389,Could be better.,en
3390,من خیلی ناراحتم,fa
3391,Could be better.,en
3392,Das war unglaublich!,de
3393,Das war unglaublich!,de
3394,I love this!,en
3395,"Nicht schlecht, aber nicht gut.",de
3396,Absolutely fantastic experience!,en
3397,اليوم كان رائعًا,ar
3398,اليوم كان رائعًا,ar
3399,This is terrible...,en
3400,This is terrible...,en
3401,This is terrible...,en
3402,Could be better.,en
3403,اليوم كان رائعًا,ar
3404,Das war unglaublich!,de
3405,Could be better.,en
3406,Absolutely fantastic experience!,en
3407,"Nicht schlecht, aber nicht gut.",de
3408,این بهترین روز من بود,fa
3409,Absolutely fantastic experience!,en
3410,I love this!,en
3411,Ich bin enttäuscht.,de
3412,اليوم كان رائعًا,ar
3413,لا يعجبني هذا,ar
3414,Das war unglaublich!,de
3415,مقبول لكنه ليس الأفضل,ar
3416,I love this!,en
3417,اليوم كان رائعًا,ar
3418,मैं इससे खुश नहीं हूँ।,hi
3419,बहुत ही अच्छा प्रदर्शन!,hi
3420,This is terrible...,en
3421,"Nicht schlecht, aber nicht gut.",de
3422,Could be better.,en
3423,Ich bin enttäuscht.,de
3424,मैं इससे खुश नहीं हूँ।,hi
3425,Worst day ever.,en
3426,Worst day ever.,en
3427,I am so tired of this nonsense.,en
3428,"Nicht schlecht, aber nicht gut.",de
3429,Ich bin enttäuscht.,de
3430,خوب بود اما می‌توانست بهتر باشد,fa
3431,"Nicht schlecht, aber nicht gut.",de
3432,I love this!,en
3433,Worst day ever.,en
3434,बहुत ही अच्छा प्रदर्शन!,hi
3435,I am so tired of this nonsense.,en
3436,اليوم كان رائعًا,ar
3437,मैं इससे खुश नहीं हूँ।,hi
3438,I am so tired of this nonsense.,en
3439,لا يعجبني هذا,ar
3440,Das war unglaublich!,de
3441,बहुत ही अच्छा प्रदर्शन!,hi
3442,"Nicht schlecht, aber nicht gut.",de
3443,Ich bin enttäuscht.,de
3444,Ich bin enttäuscht.,de
3445,Could be better.,en
3446,What a beautiful day!,en
3447,यह ठीक था।,hi
3448,"Nicht schlecht, aber nicht gut.",de
3449,I love this!,en
3450,Das war unglaublich!,de
3451,Worst day ever.,en
3452,Das war unglaublich!,de
3453,What a beautiful day!,en
3454,خوب بود اما می‌توانست بهتر باشد,fa
3455,مقبول لكنه ليس الأفضل,ar
3456,Worst day ever.,en
3457,मैं इससे खुश नहीं हूँ।,hi
3458,لا يعجبني هذا,ar
3459,मैं इससे खुश नहीं हूँ।,hi
3460,Ich bin enttäuscht.,de
3461,यह ठीक था।,hi
3462,Worst day ever.,en
3463,Absolutely fantastic experience!,en
3464,"Nicht schlecht, aber nicht gut.",de
3465,Worst day ever.,en
3466,यह ठीक था।,hi
3467,Absolutely fantastic experience!,en
3468,مقبول لكنه ليس الأفضل,ar
3469,من خیلی ناراحتم,fa
3470,मैं इससे खुश नहीं हूँ।,hi
3471,बहुत ही अच्छा प्रदर्शन!,hi
3472,Absolutely fantastic experience!,en
3473,बहुत ही अच्छा प्रदर्शन!,hi
3474,مقبول لكنه ليس الأفضل,ar
3475,مقبول لكنه ليس الأفضل,ar
3476,बहुत ही अच्छा प्रदर्शन!,hi
3477,خوب بود اما می‌توانست بهتر باشد,fa
3478,I love this!,en
3479,What a beautiful day!,en
3480,مقبول لكنه ليس الأفضل,ar
3481,बहुत ही अच्छा प्रदर्शन!,hi
3482,Ich bin enttäuscht.,de
3483,اليوم كان رائعًا,ar
3484,Could be better.,en
3485,बहुत ही अच्छा प्रदर्शन!,hi
3486,Worst day ever.,en
3487,I love this!,en
3488,Worst day ever.,en
3489,Absolutely fantastic experience!,en
3490,This is terrible...,en
3491,This is terrible...,en
3492,Das war unglaublich!,de
3493,Ich bin enttäuscht.,de
3494,Ich bin enttäuscht.,de
3495,مقبول لكنه ليس الأفضل,ar
3496,What a beautiful day!,en
3497,बहुत ही अच्छा प्रदर्शन!,hi
3498,What a beautiful day!,en
3499,مقبول لكنه ليس الأفضل,ar
3500,"Nicht schlecht, aber nicht gut.",de
3501,"Nicht schlecht, aber nicht gut.",de
3502,لا يعجبني هذا,ar
3503,बहुत ही अच्छा प्रदर्शन!,hi
3504,این بهترین روز من بود,fa
3505,Das war unglaublich!,de
3506,This is terrible...,en
3507,"Nicht schlecht, aber nicht gut.",de
3508,What a beautiful day!,en
3509,"Nicht schlecht, aber nicht gut.",de
3510,مقبول لكنه ليس الأفضل,ar
3511,What a beautiful day!,en
3512,اليوم كان رائعًا,ar
3513,मैं इससे खुश नहीं हूँ।,hi
3514,Absolutely fantastic experience!,en
3515,बहुत ही अच्छा प्रदर्शन!,hi
3516,اليوم كان رائعًا,ar
3517,Could be better.,en
3518,I love this!,en
3519,Das war unglaublich!,de
3520,"Nicht schlecht, aber nicht gut.",de
3521,لا يعجبني هذا,ar
3522,यह ठीक था।,hi
3523,Ich bin enttäuscht.,de
3524,यह ठीक था।,hi
3525,Worst day ever.,en
3526,यह ठीक था।,hi
3527,Das war unglaublich!,de
3528,"Nicht schlecht, aber nicht gut.",de
3529,من خیلی ناراحتم,fa
3530,من خیلی ناراحتم,fa
3531,I love this!,en
3532,Could be better.,en
3533,این بهترین روز من بود,fa
3534,Ich bin enttäuscht.,de
3535,"Nicht schlecht, aber nicht gut.",de
3536,Das war unglaublich!,de
3537,What a beautiful day!,en
3538,خوب بود اما می‌توانست بهتر باشد,fa
3539,मैं इससे खुश नहीं हूँ।,hi
3540,Worst day ever.,en
3541,This is terrible...,en
3542,I love this!,en
3543,मैं इससे खुश नहीं हूँ।,hi
3544,I love this!,en
3545,مقبول لكنه ليس الأفضل,ar
3546,لا يعجبني هذا,ar
3547,This is terrible...,en
3548,من خیلی ناراحتم,fa
3549,Ich bin enttäuscht.,de
3550,Ich bin enttäuscht.,de
3551,خوب بود اما می‌توانست بهتر باشد,fa
3552,यह ठीक था।,hi
3553,What a beautiful day!,en
3554,Worst day ever.,en
3555,این بهترین روز من بود,fa
3556,اليوم كان رائعًا,ar
3557,خوب بود اما می‌توانست بهتر باشد,fa
3558,من خیلی ناراحتم,fa
3559,Could be better.,en
3560,لا يعجبني هذا,ar
3561,اليوم كان رائعًا,ar
3562,मैं इससे खुश नहीं हूँ।,hi
3563,What a beautiful day!,en
3564,मैं इससे खुश नहीं हूँ।,hi
3565,اليوم كان رائعًا,ar
3566,خوب بود اما می‌توانست بهتر باشد,fa
3567,What a beautiful day!,en
3568,यह ठीक था।,hi
3569,من خیلی ناراحتم,fa
3570,बहुत ही अच्छा प्रदर्शन!,hi
3571,"Nicht schlecht, aber nicht gut.",de
3572,خوب بود اما می‌توانست بهتر باشد,fa
3573,اليوم كان رائعًا,ar
3574,لا يعجبني هذا,ar
3575,I am so tired of this nonsense.,en
3576,Absolutely fantastic experience!,en
3577,बहुत ही अच्छा प्रदर्शन!,hi
3578,مقبول لكنه ليس الأفضل,ar
3579,لا يعجبني هذا,ar
3580,خوب بود اما می‌توانست بهتر باشد,fa
3581,This is terrible...,en
3582,این بهترین روز من بود,fa
3583,اليوم كان رائعًا,ar
3584,Ich bin enttäuscht.,de
3585,Das war unglaublich!,de
3586,This is terrible...,en
3587,لا يعجبني هذا,ar
3588,This is terrible...,en
3589,Das war unglaublich!,de
3590,من خیلی ناراحتم,fa
3591,What a beautiful day!,en
3592,این بهترین روز من بود,fa
3593,मैं इससे खुश नहीं हूँ।,hi
3594,مقبول لكنه ليس الأفضل,ar
3595,Absolutely fantastic experience!,en
3596,من خیلی ناراحتم,fa
3597,This is terrible...,en
3598,What a beautiful day!,en
3599,لا يعجبني هذا,ar
3600,اليوم كان رائعًا,ar
3601,"Nicht schlecht, aber nicht gut.",de
3602,Absolutely fantastic experience!,en
3603,Das war unglaublich!,de
3604,Worst day ever.,en
3605,मैं इससे खुश नहीं हूँ।,hi
3606,Absolutely fantastic experience!,en
3607,Ich bin enttäuscht.,de
3608,اليوم كان رائعًا,ar
3609,बहुत ही अच्छा प्रदर्शन!,hi
3610,"Nicht schlecht, aber nicht gut.",de
3611,What a beautiful day!,en
3612,Absolutely fantastic experience!,en
3613,Das war unglaublich!,de
3614,مقبول لكنه ليس الأفضل,ar
3615,لا يعجبني هذا,ar
3616,لا يعجبني هذا,ar
3617,बहुत ही अच्छा प्रदर्शन!,hi
3618,"Nicht schlecht, aber nicht gut.",de
3619,من خیلی ناراحتم,fa
3620,مقبول لكنه ليس الأفضل,ar
3621,This is terrible...,en
3622,لا يعجبني هذا,ar
3623,यह ठीक था।,hi
3624,من خیلی ناراحتم,fa
3625,This is terrible...,en
3626,मैं इससे खुश नहीं हूँ।,hi
3627,What a beautiful day!,en
3628,مقبول لكنه ليس الأفضل,ar
3629,Could be better.,en
3630,من خیلی ناراحتم,fa
3631,Ich bin enttäuscht.,de
3632,لا يعجبني هذا,ar
3633,मैं इससे खुश नहीं हूँ।,hi
3634,خوب بود اما می‌توانست بهتر باشد,fa
3635,"Nicht schlecht, aber nicht gut.",de
3636,What a beautiful day!,en
3637,मैं इससे खुश नहीं हूँ।,hi
3638,خوب بود اما می‌توانست بهتر باشد,fa
3639,यह ठीक था।,hi
3640,मैं इससे खुश नहीं हूँ।,hi
3641,من خیلی ناراحتم,fa
3642,Could be better.,en
3643,What a beautiful day!,en
3644,I am so tired of this nonsense.,en
3645,اليوم كان رائعًا,ar
3646,What a beautiful day!,en
3647,This is terrible...,en
3648,لا يعجبني هذا,ar
3649,این بهترین روز من بود,fa
3650,لا يعجبني هذا,ar
3651,اليوم كان رائعًا,ar
3652,من خیلی ناراحتم,fa
3653,Absolutely fantastic experience!,en
3654,مقبول لكنه ليس الأفضل,ar
3655,I love this!,en
3656,Ich bin enttäuscht.,de
3657,बहुत ही अच्छा प्रदर्शन!,hi
3658,من خیلی ناراحتم,fa
3659,Worst day ever.,en
3660,I love this!,en
3661,Absolutely fantastic experience!,en
3662,Worst day ever.,en
3663,मैं इससे खुश नहीं हूँ।,hi
3664,Absolutely fantastic experience!,en
3665,यह ठीक था।,hi
3666,Could be better.,en
3667,مقبول لكنه ليس الأفضل,ar
3668,من خیلی ناراحتم,fa
3669,मैं इससे खुश नहीं हूँ।,hi
3670,Worst day ever.,en
3671,لا يعجبني هذا,ar
3672,Das war unglaublich!,de
3673,خوب بود اما می‌توانست بهتر باشد,fa
3674,Das war unglaublich!,de
3675,मैं इससे खुश नहीं हूँ।,hi
3676,I love this!,en
3677,I am so tired of this nonsense.,en
3678,مقبول لكنه ليس الأفضل,ar
3679,बहुत ही अच्छा प्रदर्शन!,hi
3680,I love this!,en
3681,Ich bin enttäuscht.,de
3682,I am so tired of this nonsense.,en
3683,Ich bin enttäuscht.,de
3684,لا يعجبني هذا,ar
3685,اليوم كان رائعًا,ar
3686,من خیلی ناراحتم,fa
3687,این بهترین روز من بود,fa
3688,Worst day ever.,en
3689,من خیلی ناراحتم,fa
3690,बहुत ही अच्छा प्रदर्शन!,hi
3691,Ich bin enttäuscht.,de
3692,"Nicht schlecht, aber nicht gut.",de
3693,Ich bin enttäuscht.,de
3694,Absolutely fantastic experience!,en
3695,مقبول لكنه ليس الأفضل,ar
3696,I am so tired of this nonsense.,en
3697,I love this!,en
3698,मैं इससे खुश नहीं हूँ।,hi
3699,I love this!,en
3700,Worst day ever.,en
3701,لا يعجبني هذا,ar
3702,यह ठीक था।,hi
3703,Worst day ever.,en
3704,What a beautiful day!,en
3705,Ich bin enttäuscht.,de
3706,Absolutely fantastic experience!,en
3707,لا يعجبني هذا,ar
3708,यह ठीक था।,hi
3709,This is terrible...,en
3710,I love this!,en
3711,"Nicht schlecht, aber nicht gut.",de
3712,Absolutely fantastic experience!,en
3713,बहुत ही अच्छा प्रदर्शन!,hi
3714,لا يعجبني هذا,ar
3715,Das war unglaublich!,de
3716,Ich bin enttäuscht.,de
3717,Ich bin enttäuscht.,de
3718,اليوم كان رائعًا,ar
3719,Ich bin enttäuscht.,de
3720,यह ठीक था।,hi
3721,خوب بود اما می‌توانست بهتر باشد,fa
3722,बहुत ही अच्छा प्रदर्शन!,hi
3723,I love this!,en
3724,من خیلی ناراحتم,fa
3725,बहुत ही अच्छा प्रदर्शन!,hi
3726,Worst day ever.,en
3727,I love this!,en
3728,I am so tired of this nonsense.,en
3729,اليوم كان رائعًا,ar
3730,Worst day ever.,en
3731,"Nicht schlecht, aber nicht gut.",de
3732,यह ठीक था।,hi
3733,This is terrible...,en
3734,اليوم كان رائعًا,ar
3735,"Nicht schlecht, aber nicht gut.",de
3736,"Nicht schlecht, aber nicht gut.",de
3737,این بهترین روز من بود,fa
3738,Worst day ever.,en
3739,यह ठीक था।,hi
3740,बहुत ही अच्छा प्रदर्शन!,hi
3741,Worst day ever.,en
3742,"Nicht schlecht, aber nicht gut.",de
3743,اليوم كان رائعًا,ar
3744,مقبول لكنه ليس الأفضل,ar
3745,اليوم كان رائعًا,ar
3746,Das war unglaublich!,de
3747,मैं इससे खुश नहीं हूँ।,hi
3748,यह ठीक था।,hi
3749,I am so tired of this nonsense.,en
3750,I love this!,en
3751,Das war unglaublich!,de
3752,Absolutely fantastic experience!,en
3753,This is terrible...,en
3754,Ich bin enttäuscht.,de
3755,"Nicht schlecht, aber nicht gut.",de
3756,من خیلی ناراحتم,fa
3757,Ich bin enttäuscht.,de
3758,لا يعجبني هذا,ar
3759,لا يعجبني هذا,ar
3760,I love this!,en
3761,Absolutely fantastic experience!,en
3762,Ich bin enttäuscht.,de
3763,اليوم كان رائعًا,ar
3764,I am so tired of this nonsense.,en
3765,لا يعجبني هذا,ar
3766,यह ठीक था।,hi
3767,यह ठीक था।,hi
3768,I love this!,en
3769,I love this!,en
3770,Das war unglaublich!,de
3771,Could be better.,en
3772,Das war unglaublich!,de
3773,من خیلی ناراحتم,fa
3774,لا يعجبني هذا,ar
3775,I am so tired of this nonsense.,en
3776,خوب بود اما می‌توانست بهتر باشد,fa
3777,Worst day ever.,en
3778,من خیلی ناراحتم,fa
3779,यह ठीक था।,hi
3780,این بهترین روز من بود,fa
3781,बहुत ही अच्छा प्रदर्शन!,hi
3782,"Nicht schlecht, aber nicht gut.",de
3783,Ich bin enttäuscht.,de
3784,خوب بود اما می‌توانست بهتر باشد,fa
3785,Absolutely fantastic experience!,en
3786,What a beautiful day!,en
3787,Ich bin enttäuscht.,de
3788,What a beautiful day!,en
3789,"Nicht schlecht, aber nicht gut.",de
3790,This is terrible...,en
3791,"Nicht schlecht, aber nicht gut.",de
3792,لا يعجبني هذا,ar
3793,Could be better.,en
3794,Could be better.,en
3795,من خیلی ناراحتم,fa
3796,I am so tired of this nonsense.,en
3797,اليوم كان رائعًا,ar
3798,बहुत ही अच्छा प्रदर्शन!,hi
3799,This is terrible...,en
3800,"Nicht schlecht, aber nicht gut.",de
3801,Worst day ever.,en
3802,Absolutely fantastic experience!,en
3803,"Nicht schlecht, aber nicht gut.",de
3804,خوب بود اما می‌توانست بهتر باشد,fa
3805,"Nicht schlecht, aber nicht gut.",de
3806,यह ठीक था।,hi
3807,Absolutely fantastic experience!,en
3808,خوب بود اما می‌توانست بهتر باشد,fa
3809,This is terrible...,en
3810,बहुत ही अच्छा प्रदर्शन!,hi
3811,I am so tired of this nonsense.,en
3812,Das war unglaublich!,de
3813,Worst day ever.,en
3814,यह ठीक था।,hi
3815,این بهترین روز من بود,fa
3816,خوب بود اما می‌توانست بهتر باشد,fa
3817,لا يعجبني هذا,ar
3818,Absolutely fantastic experience!,en
3819,این بهترین روز من بود,fa
3820,این بهترین روز من بود,fa
3821,यह ठीक था।,hi
3822,خوب بود اما می‌توانست بهتر باشد,fa
3823,Worst day ever.,en
3824,I love this!,en
3825,Could be better.,en
3826,Das war unglaublich!,de
3827,لا يعجبني هذا,ar
3828,Ich bin enttäuscht.,de
3829,मैं इससे खुश नहीं हूँ।,hi
3830,اليوم كان رائعًا,ar
3831,لا يعجبني هذا,ar
3832,I love this!,en
3833,This is terrible...,en
3834,I am so tired of this nonsense.,en
3835,خوب بود اما می‌توانست بهتر باشد,fa
3836,यह ठीक था।,hi
3837,यह ठीक था।,hi
3838,Absolutely fantastic experience!,en
3839,I am so tired of this nonsense.,en
3840,This is terrible...,en
3841,مقبول لكنه ليس الأفضل,ar
3842,I love this!,en
3843,मैं इससे खुश नहीं हूँ।,hi
3844,من خیلی ناراحتم,fa
3845,Worst day ever.,en
3846,यह ठीक था।,hi
3847,مقبول لكنه ليس الأفضل,ar
3848,बहुत ही अच्छा प्रदर्शन!,hi
3849,Das war unglaublich!,de
3850,مقبول لكنه ليس الأفضل,ar
3851,مقبول لكنه ليس الأفضل,ar
3852,This is terrible...,en
3853,"Nicht schlecht, aber nicht gut.",de
3854,This is terrible...,en
3855,این بهترین روز من بود,fa
3856,Could be better.,en
3857,این بهترین روز من بود,fa
3858,This is terrible...,en
3859,این بهترین روز من بود,fa
3860,Ich bin enttäuscht.,de
3861,I am so tired of this nonsense.,en
3862,This is terrible...,en
3863,I love this!,en
3864,यह ठीक था।,hi
3865,Ich bin enttäuscht.,de
3866,I love this!,en
3867,मैं इससे खुश नहीं हूँ।,hi
3868,Das war unglaublich!,de
3869,यह ठीक था।,hi
3870,Das war unglaublich!,de
3871,Absolutely fantastic experience!,en
3872,Absolutely fantastic experience!,en
3873,मैं इससे खुश नहीं हूँ।,hi
3874,I am so tired of this nonsense.,en
3875,यह ठीक था।,hi
3876,اليوم كان رائعًا,ar
3877,من خیلی ناراحتم,fa
3878,این بهترین روز من بود,fa
3879,Das war unglaublich!,de
3880,Worst day ever.,en
3881,اليوم كان رائعًا,ar
3882,This is terrible...,en
3883,خوب بود اما می‌توانست بهتر باشد,fa
3884,I am so tired of this nonsense.,en
3885,What a beautiful day!,en
3886,من خیلی ناراحتم,fa
3887,لا يعجبني هذا,ar
3888,Worst day ever.,en
3889,"Nicht schlecht, aber nicht gut.",de
3890,What a beautiful day!,en
3891,لا يعجبني هذا,ar
3892,لا يعجبني هذا,ar
3893,I am so tired of this nonsense.,en
3894,لا يعجبني هذا,ar
3895,This is terrible...,en
3896,Das war unglaublich!,de
3897,"Nicht schlecht, aber nicht gut.",de
3898,Could be better.,en
3899,"Nicht schlecht, aber nicht gut.",de
3900,Das war unglaublich!,de
3901,من خیلی ناراحتم,fa
3902,Worst day ever.,en
3903,मैं इससे खुश नहीं हूँ।,hi
3904,What a beautiful day!,en
3905,من خیلی ناراحتم,fa
3906,Worst day ever.,en
3907,This is terrible...,en
3908,This is terrible...,en
3909,What a beautiful day!,en
3910,बहुत ही अच्छा प्रदर्शन!,hi
3911,Worst day ever.,en
3912,Could be better.,en
3913,من خیلی ناراحتم,fa
3914,اليوم كان رائعًا,ar
3915,اليوم كان رائعًا,ar
3916,"Nicht schlecht, aber nicht gut.",de
3917,What a beautiful day!,en
3918,لا يعجبني هذا,ar
3919,مقبول لكنه ليس الأفضل,ar
3920,बहुत ही अच्छा प्रदर्शन!,hi
3921,Absolutely fantastic experience!,en
3922,Ich bin enttäuscht.,de
3923,यह ठीक था।,hi
3924,Absolutely fantastic experience!,en
3925,خوب بود اما می‌توانست بهتر باشد,fa
3926,Ich bin enttäuscht.,de
3927,I love this!,en
3928,I am so tired of this nonsense.,en
3929,لا يعجبني هذا,ar
3930,من خیلی ناراحتم,fa
3931,मैं इससे खुश नहीं हूँ।,hi
3932,Worst day ever.,en
3933,اليوم كان رائعًا,ar
3934,من خیلی ناراحتم,fa
3935,Das war unglaublich!,de
3936,यह ठीक था।,hi
3937,What a beautiful day!,en
3938,لا يعجبني هذا,ar
3939,यह ठीक था।,hi
3940,خوب بود اما می‌توانست بهتر باشد,fa
3941,I am so tired of this nonsense.,en
3942,Absolutely fantastic experience!,en
3943,Could be better.,en
3944,این بهترین روز من بود,fa
3945,बहुत ही अच्छा प्रदर्शन!,hi
3946,बहुत ही अच्छा प्रदर्शन!,hi
3947,این بهترین روز من بود,fa
3948,مقبول لكنه ليس الأفضل,ar
3949,मैं इससे खुश नहीं हूँ।,hi
3950,"Nicht schlecht, aber nicht gut.",de
3951,اليوم كان رائعًا,ar
3952,बहुत ही अच्छा प्रदर्शन!,hi
3953,मैं इससे खुश नहीं हूँ।,hi
3954,यह ठीक था।,hi
3955,मैं इससे खुश नहीं हूँ।,hi
3956,Absolutely fantastic experience!,en
3957,مقبول لكنه ليس الأفضل,ar
3958,مقبول لكنه ليس الأفضل,ar
3959,"Nicht schlecht, aber nicht gut.",de
3960,من خیلی ناراحتم,fa
3961,बहुत ही अच्छा प्रदर्शन!,hi
3962,यह ठीक था।,hi
3963,Absolutely fantastic experience!,en
3964,What a beautiful day!,en
3965,I love this!,en
3966,لا يعجبني هذا,ar
3967,यह ठीक था।,hi
3968,این بهترین روز من بود,fa
3969,Worst day ever.,en
3970,I love this!,en
3971,مقبول لكنه ليس الأفضل,ar
3972,यह ठीक था।,hi
3973,मैं इससे खुश नहीं हूँ।,hi
3974,لا يعجبني هذا,ar
3975,I love this!,en
3976,Could be better.,en
3977,خوب بود اما می‌توانست بهتر باشد,fa
3978,What a beautiful day!,en
3979,خوب بود اما می‌توانست بهتر باشد,fa
3980,"Nicht schlecht, aber nicht gut.",de
3981,خوب بود اما می‌توانست بهتر باشد,fa
3982,Worst day ever.,en
3983,मैं इससे खुश नहीं हूँ।,hi
3984,"Nicht schlecht, aber nicht gut.",de
3985,I love this!,en
3986,مقبول لكنه ليس الأفضل,ar
3987,خوب بود اما می‌توانست بهتر باشد,fa
3988,این بهترین روز من بود,fa
3989,I love this!,en
3990,این بهترین روز من بود,fa
3991,Worst day ever.,en
3992,خوب بود اما می‌توانست بهتر باشد,fa
3993,Could be better.,en
3994,من خیلی ناراحتم,fa
3995,What a beautiful day!,en
3996,I am so tired of this nonsense.,en
3997,من خیلی ناراحتم,fa
3998,خوب بود اما می‌توانست بهتر باشد,fa
3999,This is terrible...,en
4000,Worst day ever.,en
4001,This is terrible...,en
4002,बहुत ही अच्छा प्रदर्शन!,hi
4003,این بهترین روز من بود,fa
4004,Worst day ever.,en
4005,اليوم كان رائعًا,ar
4006,اليوم كان رائعًا,ar
4007,यह ठीक था।,hi
4008,Absolutely fantastic experience!,en
4009,Ich bin enttäuscht.,de
4010,I love this!,en
4011,बहुत ही अच्छा प्रदर्शन!,hi
4012,من خیلی ناراحتم,fa
4013,Absolutely fantastic experience!,en
4014,Could be better.,en
4015,This is terrible...,en
4016,من خیلی ناراحتم,fa
4017,Could be better.,en
4018,What a beautiful day!,en
4019,Das war unglaublich!,de
4020,मैं इससे खुश नहीं हूँ।,hi
4021,اليوم كان رائعًا,ar
4022,Absolutely fantastic experience!,en
4023,Could be better.,en
4024,Absolutely fantastic experience!,en
4025,Das war unglaublich!,de
4026,Could be better.,en
4027,"Nicht schlecht, aber nicht gut.",de
4028,I love this!,en
4029,What a beautiful day!,en
4030,यह ठीक था।,hi
4031,من خیلی ناراحتم,fa
4032,I love this!,en
4033,این بهترین روز من بود,fa
4034,यह ठीक था।,hi
4035,I am so tired of this nonsense.,en
4036,Ich bin enttäuscht.,de
4037,Worst day ever.,en
4038,"Nicht schlecht, aber nicht gut.",de
4039,What a beautiful day!,en
4040,Worst day ever.,en
4041,I love this!,en
4042,لا يعجبني هذا,ar
4043,من خیلی ناراحتم,fa
4044,मैं इससे खुश नहीं हूँ।,hi
4045,این بهترین روز من بود,fa
4046,خوب بود اما می‌توانست بهتر باشد,fa
4047,مقبول لكنه ليس الأفضل,ar
4048,What a beautiful day!,en
4049,What a beautiful day!,en
4050,من خیلی ناراحتم,fa
4051,Could be better.,en
4052,I am so tired of this nonsense.,en
4053,من خیلی ناراحتم,fa
4054,من خیلی ناراحتم,fa
4055,Ich bin enttäuscht.,de
4056,This is terrible...,en
4057,"Nicht schlecht, aber nicht gut.",de
4058,Das war unglaublich!,de
4059,مقبول لكنه ليس الأفضل,ar
4060,اليوم كان رائعًا,ar
4061,What a beautiful day!,en
4062,Ich bin enttäuscht.,de
4063,من خیلی ناراحتم,fa
4064,اليوم كان رائعًا,ar
4065,مقبول لكنه ليس الأفضل,ar
4066,Worst day ever.,en
4067,I love this!,en
4068,This is terrible...,en
4069,Das war unglaublich!,de
4070,बहुत ही अच्छा प्रदर्शन!,hi
4071,این بهترین روز من بود,fa
4072,मैं इससे खुश नहीं हूँ।,hi
4073,مقبول لكنه ليس الأفضل,ar
4074,What a beautiful day!,en
4075,من خیلی ناراحتم,fa
4076,این بهترین روز من بود,fa
4077,اليوم كان رائعًا,ar
4078,यह ठीक था।,hi
4079,What a beautiful day!,en
4080,خوب بود اما می‌توانست بهتر باشد,fa
4081,من خیلی ناراحتم,fa
4082,This is terrible...,en
4083,I love this!,en
4084,Worst day ever.,en
4085,Ich bin enttäuscht.,de
4086,What a beautiful day!,en
4087,Das war unglaublich!,de
4088,مقبول لكنه ليس الأفضل,ar
4089,اليوم كان رائعًا,ar
4090,اليوم كان رائعًا,ar
4091,Could be better.,en
4092,Could be better.,en
4093,What a beautiful day!,en
4094,"Nicht schlecht, aber nicht gut.",de
4095,Could be better.,en
4096,Das war unglaublich!,de
4097,Das war unglaublich!,de
4098,این بهترین روز من بود,fa
4099,Could be better.,en
4100,I am so tired of this nonsense.,en
4101,This is terrible...,en
4102,Das war unglaublich!,de
4103,اليوم كان رائعًا,ar
4104,من خیلی ناراحتم,fa
4105,خوب بود اما می‌توانست بهتر باشد,fa
4106,बहुत ही अच्छा प्रदर्शन!,hi
4107,Das war unglaublich!,de
4108,I am so tired of this nonsense.,en
4109,I love this!,en
4110,मैं इससे खुश नहीं हूँ।,hi
4111,I love this!,en
4112,"Nicht schlecht, aber nicht gut.",de
4113,مقبول لكنه ليس الأفضل,ar
4114,यह ठीक था।,hi
4115,خوب بود اما می‌توانست بهتر باشد,fa
4116,من خیلی ناراحتم,fa
4117,"Nicht schlecht, aber nicht gut.",de
4118,خوب بود اما می‌توانست بهتر باشد,fa
4119,این بهترین روز من بود,fa
4120,This is terrible...,en
4121,خوب بود اما می‌توانست بهتر باشد,fa
4122,This is terrible...,en
4123,Could be better.,en
4124,Worst day ever.,en
4125,This is terrible...,en
4126,این بهترین روز من بود,fa
4127,"Nicht schlecht, aber nicht gut.",de
4128,این بهترین روز من بود,fa
4129,मैं इससे खुश नहीं हूँ।,hi
4130,यह ठीक था।,hi
4131,مقبول لكنه ليس الأفضل,ar
4132,I am so tired of this nonsense.,en
4133,मैं इससे खुश नहीं हूँ।,hi
4134,Worst day ever.,en
4135,اليوم كان رائعًا,ar
4136,यह ठीक था।,hi
4137,Absolutely fantastic experience!,en
4138,Could be better.,en
4139,मैं इससे खुश नहीं हूँ।,hi
4140,Worst day ever.,en
4141,I am so tired of this nonsense.,en
4142,Ich bin enttäuscht.,de
4143,What a beautiful day!,en
4144,What a beautiful day!,en
4145,Worst day ever.,en
4146,This is terrible...,en
4147,मैं इससे खुश नहीं हूँ।,hi
4148,I love this!,en
4149,مقبول لكنه ليس الأفضل,ar
4150,Absolutely fantastic experience!,en
4151,Could be better.,en
4152,لا يعجبني هذا,ar
4153,اليوم كان رائعًا,ar
4154,Ich bin enttäuscht.,de
4155,मैं इससे खुश नहीं हूँ।,hi
4156,Das war unglaublich!,de
4157,मैं इससे खुश नहीं हूँ।,hi
4158,I am so tired of this nonsense.,en
4159,Absolutely fantastic experience!,en
4160,مقبول لكنه ليس الأفضل,ar
4161,خوب بود اما می‌توانست بهتر باشد,fa
4162,من خیلی ناراحتم,fa
4163,"Nicht schlecht, aber nicht gut.",de
4164,Could be better.,en
4165,मैं इससे खुश नहीं हूँ।,hi
4166,"Nicht schlecht, aber nicht gut.",de
4167,اليوم كان رائعًا,ar
4168,This is terrible...,en
4169,مقبول لكنه ليس الأفضل,ar
4170,मैं इससे खुश नहीं हूँ।,hi
4171,من خیلی ناراحتم,fa
4172,बहुत ही अच्छा प्रदर्शन!,hi
4173,لا يعجبني هذا,ar
4174,خوب بود اما می‌توانست بهتر باشد,fa
4175,I love this!,en
4176,मैं इससे खुश नहीं हूँ।,hi
4177,من خیلی ناراحتم,fa
4178,Could be better.,en
4179,यह ठीक था।,hi
4180,Ich bin enttäuscht.,de
4181,This is terrible...,en
4182,این بهترین روز من بود,fa
4183,"Nicht schlecht, aber nicht gut.",de
4184,Could be better.,en
4185,Absolutely fantastic experience!,en
4186,यह ठीक था।,hi
4187,I am so tired of this nonsense.,en
4188,لا يعجبني هذا,ar
4189,Worst day ever.,en
4190,"Nicht schlecht, aber nicht gut.",de
4191,Absolutely fantastic experience!,en
4192,यह ठीक था।,hi
4193,I love this!,en
4194,What a beautiful day!,en
4195,"Nicht schlecht, aber nicht gut.",de
4196,خوب بود اما می‌توانست بهتر باشد,fa
4197,خوب بود اما می‌توانست بهتر باشد,fa
4198,خوب بود اما می‌توانست بهتر باشد,fa
4199,Ich bin enttäuscht.,de
4200,Absolutely fantastic experience!,en
4201,"Nicht schlecht, aber nicht gut.",de
4202,Das war unglaublich!,de
4203,This is terrible...,en
4204,This is terrible...,en
4205,मैं इससे खुश नहीं हूँ।,hi
4206,"Nicht schlecht, aber nicht gut.",de
4207,बहुत ही अच्छा प्रदर्शन!,hi
4208,मैं इससे खुश नहीं हूँ।,hi
4209,این بهترین روز من بود,fa
4210,من خیلی ناراحتم,fa
4211,خوب بود اما می‌توانست بهتر باشد,fa
4212,اليوم كان رائعًا,ar
4213,This is terrible...,en
4214,این بهترین روز من بود,fa
4215,لا يعجبني هذا,ar
4216,Could be better.,en
4217,مقبول لكنه ليس الأفضل,ar
4218,I am so tired of this nonsense.,en
4219,خوب بود اما می‌توانست بهتر باشد,fa
4220,This is terrible...,en
4221,बहुत ही अच्छा प्रदर्शन!,hi
4222,این بهترین روز من بود,fa
4223,What a beautiful day!,en
4224,This is terrible...,en
4225,این بهترین روز من بود,fa
4226,Could be better.,en
4227,Das war unglaublich!,de
4228,مقبول لكنه ليس الأفضل,ar
4229,من خیلی ناراحتم,fa
4230,اليوم كان رائعًا,ar
4231,I am so tired of this nonsense.,en
4232,Worst day ever.,en
4233,मैं इससे खुश नहीं हूँ।,hi
4234,I love this!,en
4235,बहुत ही अच्छा प्रदर्शन!,hi
4236,من خیلی ناراحتم,fa
4237,What a beautiful day!,en
4238,Worst day ever.,en
4239,I love this!,en
4240,I am so tired of this nonsense.,en
4241,لا يعجبني هذا,ar
4242,I love this!,en
4243,Worst day ever.,en
4244,I love this!,en
4245,बहुत ही अच्छा प्रदर्शन!,hi
4246,این بهترین روز من بود,fa
4247,این بهترین روز من بود,fa
4248,خوب بود اما می‌توانست بهتر باشد,fa
4249,मैं इससे खुश नहीं हूँ।,hi
4250,बहुत ही अच्छा प्रदर्शन!,hi
4251,I love this!,en
4252,बहुत ही अच्छा प्रदर्शन!,hi
4253,I love this!,en
4254,I love this!,en
4255,خوب بود اما می‌توانست بهتر باشد,fa
4256,خوب بود اما می‌توانست بهتر باشد,fa
4257,बहुत ही अच्छा प्रदर्शन!,hi
4258,مقبول لكنه ليس الأفضل,ar
4259,Worst day ever.,en
4260,Ich bin enttäuscht.,de
4261,I am so tired of this nonsense.,en
4262,این بهترین روز من بود,fa
4263,I love this!,en
4264,यह ठीक था।,hi
4265,اليوم كان رائعًا,ar
4266,مقبول لكنه ليس الأفضل,ar
4267,I love this!,en
4268,Absolutely fantastic experience!,en
4269,Absolutely fantastic experience!,en
4270,من خیلی ناراحتم,fa
4271,"Nicht schlecht, aber nicht gut.",de
4272,لا يعجبني هذا,ar
4273,اليوم كان رائعًا,ar
4274,Absolutely fantastic experience!,en
4275,Absolutely fantastic experience!,en
4276,मैं इससे खुश नहीं हूँ।,hi
4277,خوب بود اما می‌توانست بهتر باشد,fa
4278,من خیلی ناراحتم,fa
4279,I love this!,en
4280,لا يعجبني هذا,ar
4281,Ich bin enttäuscht.,de
4282,I am so tired of this nonsense.,en
4283,मैं इससे खुश नहीं हूँ।,hi
4284,Worst day ever.,en
4285,این بهترین روز من بود,fa
4286,مقبول لكنه ليس الأفضل,ar
4287,I am so tired of this nonsense.,en
4288,Absolutely fantastic experience!,en
4289,I love this!,en
4290,Absolutely fantastic experience!,en
4291,मैं इससे खुश नहीं हूँ।,hi
4292,What a beautiful day!,en
4293,Das war unglaublich!,de
4294,I love this!,en
4295,من خیلی ناراحتم,fa
4296,این بهترین روز من بود,fa
4297,I love this!,en
4298,I am so tired of this nonsense.,en
4299,Absolutely fantastic experience!,en
4300,خوب بود اما می‌توانست بهتر باشد,fa
4301,من خیلی ناراحتم,fa
4302,این بهترین روز من بود,fa
4303,اليوم كان رائعًا,ar
4304,اليوم كان رائعًا,ar
4305,This is terrible...,en
4306,من خیلی ناراحتم,fa
4307,Worst day ever.,en
4308,"Nicht schlecht, aber nicht gut.",de
4309,اليوم كان رائعًا,ar
4310,This is terrible...,en
4311,Das war unglaublich!,de
4312,خوب بود اما می‌توانست بهتر باشد,fa
4313,बहुत ही अच्छा प्रदर्शन!,hi
4314,This is terrible...,en
4315,این بهترین روز من بود,fa
4316,Could be better.,en
4317,मैं इससे खुश नहीं हूँ।,hi
4318,"Nicht schlecht, aber nicht gut.",de
4319,I love this!,en
4320,This is terrible...,en
4321,Worst day ever.,en
4322,I am so tired of this nonsense.,en
4323,مقبول لكنه ليس الأفضل,ar
4324,اليوم كان رائعًا,ar
4325,Absolutely fantastic experience!,en
4326,خوب بود اما می‌توانست بهتر باشد,fa
4327,Absolutely fantastic experience!,en
4328,What a beautiful day!,en
4329,I love this!,en
4330,I am so tired of this nonsense.,en
4331,اليوم كان رائعًا,ar
4332,बहुत ही अच्छा प्रदर्शन!,hi
4333,यह ठीक था।,hi
4334,"Nicht schlecht, aber nicht gut.",de
4335,Ich bin enttäuscht.,de
4336,Worst day ever.,en
4337,बहुत ही अच्छा प्रदर्शन!,hi
4338,لا يعجبني هذا,ar
4339,I am so tired of this nonsense.,en
4340,यह ठीक था।,hi
4341,I love this!,en
4342,خوب بود اما می‌توانست بهتر باشد,fa
4343,لا يعجبني هذا,ar
4344,I am so tired of this nonsense.,en
4345,I love this!,en
4346,What a beautiful day!,en
4347,Could be better.,en
4348,Absolutely fantastic experience!,en
4349,This is terrible...,en
4350,What a beautiful day!,en
4351,This is terrible...,en
4352,Could be better.,en
4353,This is terrible...,en
4354,बहुत ही अच्छा प्रदर्शन!,hi
4355,I am so tired of this nonsense.,en
4356,मैं इससे खुश नहीं हूँ।,hi
4357,مقبول لكنه ليس الأفضل,ar
4358,I am so tired of this nonsense.,en
4359,मैं इससे खुश नहीं हूँ।,hi
4360,I love this!,en
4361,"Nicht schlecht, aber nicht gut.",de
4362,Worst day ever.,en
4363,اليوم كان رائعًا,ar
4364,I love this!,en
4365,خوب بود اما می‌توانست بهتر باشد,fa
4366,خوب بود اما می‌توانست بهتر باشد,fa
4367,I love this!,en
4368,مقبول لكنه ليس الأفضل,ar
4369,لا يعجبني هذا,ar
4370,यह ठीक था।,hi
4371,Ich bin enttäuscht.,de
4372,Could be better.,en
4373,مقبول لكنه ليس الأفضل,ar
4374,Das war unglaublich!,de
4375,This is terrible...,en
4376,Absolutely fantastic experience!,en
4377,Ich bin enttäuscht.,de
4378,خوب بود اما می‌توانست بهتر باشد,fa
4379,बहुत ही अच्छा प्रदर्शन!,hi
4380,این بهترین روز من بود,fa
4381,यह ठीक था।,hi
4382,This is terrible...,en
4383,Ich bin enttäuscht.,de
4384,This is terrible...,en
4385,What a beautiful day!,en
4386,خوب بود اما می‌توانست بهتر باشد,fa
4387,مقبول لكنه ليس الأفضل,ar
4388,Ich bin enttäuscht.,de
4389,यह ठीक था।,hi
4390,Das war unglaublich!,de
4391,مقبول لكنه ليس الأفضل,ar
4392,यह ठीक था।,hi
4393,لا يعجبني هذا,ar
4394,I love this!,en
4395,मैं इससे खुश नहीं हूँ।,hi
4396,Absolutely fantastic experience!,en
4397,बहुत ही अच्छा प्रदर्शन!,hi
4398,این بهترین روز من بود,fa
4399,Das war unglaublich!,de
4400,لا يعجبني هذا,ar
4401,Worst day ever.,en
4402,من خیلی ناراحتم,fa
4403,خوب بود اما می‌توانست بهتر باشد,fa
4404,बहुत ही अच्छा प्रदर्शन!,hi
4405,मैं इससे खुश नहीं हूँ।,hi
4406,مقبول لكنه ليس الأفضل,ar
4407,Absolutely fantastic experience!,en
4408,Ich bin enttäuscht.,de
4409,Worst day ever.,en
4410,What a beautiful day!,en
4411,मैं इससे खुश नहीं हूँ।,hi
4412,لا يعجبني هذا,ar
4413,What a beautiful day!,en
4414,"Nicht schlecht, aber nicht gut.",de
4415,من خیلی ناراحتم,fa
4416,"Nicht schlecht, aber nicht gut.",de
4417,لا يعجبني هذا,ar
4418,Could be better.,en
4419,I am so tired of this nonsense.,en
4420,This is terrible...,en
4421,Ich bin enttäuscht.,de
4422,What a beautiful day!,en
4423,خوب بود اما می‌توانست بهتر باشد,fa
4424,बहुत ही अच्छा प्रदर्शन!,hi
4425,مقبول لكنه ليس الأفضل,ar
4426,"Nicht schlecht, aber nicht gut.",de
4427,لا يعجبني هذا,ar
4428,बहुत ही अच्छा प्रदर्शन!,hi
4429,Could be better.,en
4430,बहुत ही अच्छा प्रदर्शन!,hi
4431,من خیلی ناراحتم,fa
4432,این بهترین روز من بود,fa
4433,Worst day ever.,en
4434,خوب بود اما می‌توانست بهتر باشد,fa
4435,Absolutely fantastic experience!,en
4436,Worst day ever.,en
4437,مقبول لكنه ليس الأفضل,ar
4438,बहुत ही अच्छा प्रदर्शन!,hi
4439,यह ठीक था।,hi
4440,"Nicht schlecht, aber nicht gut.",de
4441,I am so tired of this nonsense.,en
4442,مقبول لكنه ليس الأفضل,ar
4443,What a beautiful day!,en
4444,मैं इससे खुश नहीं हूँ।,hi
4445,I love this!,en
4446,Worst day ever.,en
4447,مقبول لكنه ليس الأفضل,ar
4448,اليوم كان رائعًا,ar
4449,اليوم كان رائعًا,ar
4450,لا يعجبني هذا,ar
4451,बहुत ही अच्छा प्रदर्शन!,hi
4452,This is terrible...,en
4453,मैं इससे खुश नहीं हूँ।,hi
4454,This is terrible...,en
4455,I love this!,en
4456,خوب بود اما می‌توانست بهتر باشد,fa
4457,"Nicht schlecht, aber nicht gut.",de
4458,مقبول لكنه ليس الأفضل,ar
4459,यह ठीक था।,hi
4460,What a beautiful day!,en
4461,من خیلی ناراحتم,fa
4462,مقبول لكنه ليس الأفضل,ar
4463,"Nicht schlecht, aber nicht gut.",de
4464,I am so tired of this nonsense.,en
4465,لا يعجبني هذا,ar
4466,Das war unglaublich!,de
4467,Absolutely fantastic experience!,en
4468,Worst day ever.,en
4469,What a beautiful day!,en
4470,من خیلی ناراحتم,fa
4471,این بهترین روز من بود,fa
4472,What a beautiful day!,en
4473,Das war unglaublich!,de
4474,यह ठीक था।,hi
4475,Could be better.,en
4476,Could be better.,en
4477,این بهترین روز من بود,fa
4478,Das war unglaublich!,de
4479,What a beautiful day!,en
4480,I love this!,en
4481,बहुत ही अच्छा प्रदर्शन!,hi
4482,Das war unglaublich!,de
4483,لا يعجبني هذا,ar
4484,This is terrible...,en
4485,"Nicht schlecht, aber nicht gut.",de
4486,Das war unglaublich!,de
4487,I love this!,en
4488,این بهترین روز من بود,fa
4489,Das war unglaublich!,de
4490,"Nicht schlecht, aber nicht gut.",de
4491,خوب بود اما می‌توانست بهتر باشد,fa
4492,This is terrible...,en
4493,Could be better.,en
4494,What a beautiful day!,en
4495,What a beautiful day!,en
4496,बहुत ही अच्छा प्रदर्शन!,hi
4497,Could be better.,en
4498,خوب بود اما می‌توانست بهتر باشد,fa
4499,اليوم كان رائعًا,ar
4500,मैं इससे खुश नहीं हूँ।,hi
4501,من خیلی ناراحتم,fa
4502,"Nicht schlecht, aber nicht gut.",de
4503,I love this!,en
4504,I am so tired of this nonsense.,en
4505,Could be better.,en
4506,बहुत ही अच्छा प्रदर्शन!,hi
4507,من خیلی ناراحتم,fa
4508,Absolutely fantastic experience!,en
4509,Ich bin enttäuscht.,de
4510,बहुत ही अच्छा प्रदर्शन!,hi
4511,این بهترین روز من بود,fa
4512,Worst day ever.,en
4513,Das war unglaublich!,de
4514,मैं इससे खुश नहीं हूँ।,hi
4515,Das war unglaublich!,de
4516,I love this!,en
4517,What a beautiful day!,en
4518,This is terrible...,en
4519,این بهترین روز من بود,fa
4520,Worst day ever.,en
4521,I am so tired of this nonsense.,en
4522,مقبول لكنه ليس الأفضل,ar
4523,बहुत ही अच्छा प्रदर्शन!,hi
4524,मैं इससे खुश नहीं हूँ।,hi
4525,This is terrible...,en
4526,Absolutely fantastic experience!,en
4527,مقبول لكنه ليس الأفضل,ar
4528,Absolutely fantastic experience!,en
4529,Absolutely fantastic experience!,en
4530,Could be better.,en
4531,"Nicht schlecht, aber nicht gut.",de
4532,"Nicht schlecht, aber nicht gut.",de
4533,Worst day ever.,en
4534,I am so tired of this nonsense.,en
4535,"Nicht schlecht, aber nicht gut.",de
4536,اليوم كان رائعًا,ar
4537,मैं इससे खुश नहीं हूँ।,hi
4538,Das war unglaublich!,de
4539,"Nicht schlecht, aber nicht gut.",de
4540,Ich bin enttäuscht.,de
4541,من خیلی ناراحتم,fa
4542,I love this!,en
4543,बहुत ही अच्छा प्रदर्शन!,hi
4544,बहुत ही अच्छा प्रदर्शन!,hi
4545,What a beautiful day!,en
4546,Ich bin enttäuscht.,de
4547,What a beautiful day!,en
4548,لا يعجبني هذا,ar
4549,این بهترین روز من بود,fa
4550,مقبول لكنه ليس الأفضل,ar
4551,Ich bin enttäuscht.,de
4552,مقبول لكنه ليس الأفضل,ar
4553,لا يعجبني هذا,ar
4554,I love this!,en
4555,"Nicht schlecht, aber nicht gut.",de
4556,I love this!,en
4557,این بهترین روز من بود,fa
4558,What a beautiful day!,en
4559,Das war unglaublich!,de
4560,مقبول لكنه ليس الأفضل,ar
4561,यह ठीक था।,hi
4562,من خیلی ناراحتم,fa
4563,Das war unglaublich!,de
4564,Absolutely fantastic experience!,en
4565,Could be better.,en
4566,Ich bin enttäuscht.,de
4567,مقبول لكنه ليس الأفضل,ar
4568,What a beautiful day!,en
4569,मैं इससे खुश नहीं हूँ।,hi
4570,Could be better.,en
4571,Absolutely fantastic experience!,en
4572,این بهترین روز من بود,fa
4573,Absolutely fantastic experience!,en
4574,यह ठीक था।,hi
4575,لا يعجبني هذا,ar
4576,यह ठीक था।,hi
4577,Absolutely fantastic experience!,en
4578,मैं इससे खुश नहीं हूँ।,hi
4579,این بهترین روز من بود,fa
4580,من خیلی ناراحتم,fa
4581,What a beautiful day!,en
4582,این بهترین روز من بود,fa
4583,من خیلی ناراحتم,fa
4584,I love this!,en
4585,مقبول لكنه ليس الأفضل,ar
4586,خوب بود اما می‌توانست بهتر باشد,fa
4587,I love this!,en
4588,این بهترین روز من بود,fa
4589,من خیلی ناراحتم,fa
4590,Absolutely fantastic experience!,en
4591,बहुत ही अच्छा प्रदर्शन!,hi
4592,اليوم كان رائعًا,ar
4593,What a beautiful day!,en
4594,This is terrible...,en
4595,Ich bin enttäuscht.,de
4596,Absolutely fantastic experience!,en
4597,Das war unglaublich!,de
4598,Das war unglaublich!,de
4599,لا يعجبني هذا,ar
4600,مقبول لكنه ليس الأفضل,ar
4601,من خیلی ناراحتم,fa
4602,این بهترین روز من بود,fa
4603,Worst day ever.,en
4604,خوب بود اما می‌توانست بهتر باشد,fa
4605,Worst day ever.,en
4606,I love this!,en
4607,Das war unglaublich!,de
4608,مقبول لكنه ليس الأفضل,ar
4609,मैं इससे खुश नहीं हूँ।,hi
4610,यह ठीक था।,hi
4611,لا يعجبني هذا,ar
4612,لا يعجبني هذا,ar
4613,مقبول لكنه ليس الأفضل,ar
4614,This is terrible...,en
4615,Das war unglaublich!,de
4616,बहुत ही अच्छा प्रदर्शन!,hi
4617,This is terrible...,en
4618,Could be better.,en
4619,Could be better.,en
4620,Absolutely fantastic experience!,en
4621,What a beautiful day!,en
4622,من خیلی ناراحتم,fa
4623,من خیلی ناراحتم,fa
4624,I love this!,en
4625,اليوم كان رائعًا,ar
4626,Das war unglaublich!,de
4627,این بهترین روز من بود,fa
4628,I love this!,en
4629,This is terrible...,en
4630,"Nicht schlecht, aber nicht gut.",de
4631,This is terrible...,en
4632,این بهترین روز من بود,fa
4633,"Nicht schlecht, aber nicht gut.",de
4634,मैं इससे खुश नहीं हूँ।,hi
4635,لا يعجبني هذا,ar
4636,This is terrible...,en
4637,I love this!,en
4638,बहुत ही अच्छा प्रदर्शन!,hi
4639,This is terrible...,en
4640,I love this!,en
4641,این بهترین روز من بود,fa
4642,"Nicht schlecht, aber nicht gut.",de
4643,This is terrible...,en
4644,Worst day ever.,en
4645,Ich bin enttäuscht.,de
4646,خوب بود اما می‌توانست بهتر باشد,fa
4647,Absolutely fantastic experience!,en
4648,What a beautiful day!,en
4649,This is terrible...,en
4650,مقبول لكنه ليس الأفضل,ar
4651,این بهترین روز من بود,fa
4652,What a beautiful day!,en
4653,Ich bin enttäuscht.,de
4654,I am so tired of this nonsense.,en
4655,Absolutely fantastic experience!,en
4656,لا يعجبني هذا,ar
4657,این بهترین روز من بود,fa
4658,Absolutely fantastic experience!,en
4659,I love this!,en
4660,من خیلی ناراحتم,fa
4661,I am so tired of this nonsense.,en
4662,Ich bin enttäuscht.,de
4663,این بهترین روز من بود,fa
4664,This is terrible...,en
4665,I love this!,en
4666,اليوم كان رائعًا,ar
4667,बहुत ही अच्छा प्रदर्शन!,hi
4668,لا يعجبني هذا,ar
4669,Das war unglaublich!,de
4670,Worst day ever.,en
4671,من خیلی ناراحتم,fa
4672,Ich bin enttäuscht.,de
4673,This is terrible...,en
4674,خوب بود اما می‌توانست بهتر باشد,fa
4675,What a beautiful day!,en
4676,Absolutely fantastic experience!,en
4677,Could be better.,en
4678,مقبول لكنه ليس الأفضل,ar
4679,خوب بود اما می‌توانست بهتر باشد,fa
4680,خوب بود اما می‌توانست بهتر باشد,fa
4681,I love this!,en
4682,اليوم كان رائعًا,ar
4683,This is terrible...,en
4684,Das war unglaublich!,de
4685,This is terrible...,en
4686,اليوم كان رائعًا,ar
4687,यह ठीक था।,hi
4688,Worst day ever.,en
4689,मैं इससे खुश नहीं हूँ।,hi
4690,لا يعجبني هذا,ar
4691,I love this!,en
4692,What a beautiful day!,en
4693,Ich bin enttäuscht.,de
4694,Das war unglaublich!,de
4695,Das war unglaublich!,de
4696,I am so tired of this nonsense.,en
4697,Worst day ever.,en
4698,خوب بود اما می‌توانست بهتر باشد,fa
4699,لا يعجبني هذا,ar
4700,این بهترین روز من بود,fa
4701,I love this!,en
4702,Das war unglaublich!,de
4703,Das war unglaublich!,de
4704,Worst day ever.,en
4705,Das war unglaublich!,de
4706,मैं इससे खुश नहीं हूँ।,hi
4707,Ich bin enttäuscht.,de
4708,من خیلی ناراحتم,fa
4709,यह ठीक था।,hi
4710,This is terrible...,en
4711,من خیلی ناراحتم,fa
4712,बहुत ही अच्छा प्रदर्शन!,hi
4713,Ich bin enttäuscht.,de
4714,मैं इससे खुश नहीं हूँ।,hi
4715,This is terrible...,en
4716,لا يعجبني هذا,ar
4717,Could be better.,en
4718,I love this!,en
4719,Das war unglaublich!,de
4720,اليوم كان رائعًا,ar
4721,"Nicht schlecht, aber nicht gut.",de
4722,این بهترین روز من بود,fa
4723,यह ठीक था।,hi
4724,Ich bin enttäuscht.,de
4725,बहुत ही अच्छा प्रदर्शन!,hi
4726,Das war unglaublich!,de
4727,I love this!,en
4728,این بهترین روز من بود,fa
4729,यह ठीक था।,hi
4730,Worst day ever.,en
4731,Worst day ever.,en
4732,मैं इससे खुश नहीं हूँ।,hi
4733,I love this!,en
4734,لا يعجبني هذا,ar
4735,I am so tired of this nonsense.,en
4736,این بهترین روز من بود,fa
4737,What a beautiful day!,en
4738,Worst day ever.,en
4739,من خیلی ناراحتم,fa
4740,मैं इससे खुश नहीं हूँ।,hi
4741,این بهترین روز من بود,fa
4742,مقبول لكنه ليس الأفضل,ar
4743,Ich bin enttäuscht.,de
4744,Ich bin enttäuscht.,de
4745,What a beautiful day!,en
4746,This is terrible...,en
4747,What a beautiful day!,en
4748,मैं इससे खुश नहीं हूँ।,hi
4749,This is terrible...,en
4750,Das war unglaublich!,de
4751,बहुत ही अच्छा प्रदर्शन!,hi
4752,What a beautiful day!,en
4753,لا يعجبني هذا,ar
4754,This is terrible...,en
4755,این بهترین روز من بود,fa
4756,مقبول لكنه ليس الأفضل,ar
4757,This is terrible...,en
4758,لا يعجبني هذا,ar
4759,من خیلی ناراحتم,fa
4760,यह ठीक था।,hi
4761,خوب بود اما می‌توانست بهتر باشد,fa
4762,I am so tired of this nonsense.,en
4763,اليوم كان رائعًا,ar
4764,Das war unglaublich!,de
4765,I am so tired of this nonsense.,en
4766,Could be better.,en
4767,Absolutely fantastic experience!,en
4768,Could be better.,en
4769,اليوم كان رائعًا,ar
4770,Worst day ever.,en
4771,मैं इससे खुश नहीं हूँ।,hi
4772,I am so tired of this nonsense.,en
4773,"Nicht schlecht, aber nicht gut.",de
4774,خوب بود اما می‌توانست بهتر باشد,fa
4775,من خیلی ناراحتم,fa
4776,لا يعجبني هذا,ar
4777,यह ठीक था।,hi
4778,मैं इससे खुश नहीं हूँ।,hi
4779,لا يعجبني هذا,ar
4780,I am so tired of this nonsense.,en
4781,यह ठीक था।,hi
4782,خوب بود اما می‌توانست بهتر باشد,fa
4783,اليوم كان رائعًا,ar
4784,Could be better.,en
4785,I love this!,en
4786,خوب بود اما می‌توانست بهتر باشد,fa
4787,Worst day ever.,en
4788,Das war unglaublich!,de
4789,مقبول لكنه ليس الأفضل,ar
4790,बहुत ही अच्छा प्रदर्शन!,hi
4791,من خیلی ناراحتم,fa
4792,Absolutely fantastic experience!,en
4793,این بهترین روز من بود,fa
4794,बहुत ही अच्छा प्रदर्शन!,hi
4795,मैं इससे खुश नहीं हूँ।,hi
4796,यह ठीक था।,hi
4797,لا يعجبني هذا,ar
4798,اليوم كان رائعًا,ar
4799,Ich bin enttäuscht.,de
4800,اليوم كان رائعًا,ar
4801,Absolutely fantastic experience!,en
4802,बहुत ही अच्छा प्रदर्शन!,hi
4803,خوب بود اما می‌توانست بهتر باشد,fa
4804,"Nicht schlecht, aber nicht gut.",de
4805,Das war unglaublich!,de
4806,Ich bin enttäuscht.,de
4807,Ich bin enttäuscht.,de
4808,I am so tired of this nonsense.,en
4809,Ich bin enttäuscht.,de
4810,I am so tired of this nonsense.,en
4811,خوب بود اما می‌توانست بهتر باشد,fa
4812,यह ठीक था।,hi
4813,اليوم كان رائعًا,ar
4814,این بهترین روز من بود,fa
4815,Absolutely fantastic experience!,en
4816,Das war unglaublich!,de
4817,لا يعجبني هذا,ar
4818,Could be better.,en
4819,यह ठीक था।,hi
4820,Could be better.,en
4821,I am so tired of this nonsense.,en
4822,I love this!,en
4823,Could be better.,en
4824,Absolutely fantastic experience!,en
4825,बहुत ही अच्छा प्रदर्शन!,hi
4826,مقبول لكنه ليس الأفضل,ar
4827,اليوم كان رائعًا,ar
4828,لا يعجبني هذا,ar
4829,Das war unglaublich!,de
4830,این بهترین روز من بود,fa
4831,Ich bin enttäuscht.,de
4832,"Nicht schlecht, aber nicht gut.",de
4833,मैं इससे खुश नहीं हूँ।,hi
4834,اليوم كان رائعًا,ar
4835,This is terrible...,en
4836,مقبول لكنه ليس الأفضل,ar
4837,मैं इससे खुश नहीं हूँ।,hi
4838,لا يعجبني هذا,ar
4839,Das war unglaublich!,de
4840,من خیلی ناراحتم,fa
4841,I am so tired of this nonsense.,en
4842,Could be better.,en
4843,لا يعجبني هذا,ar
4844,Absolutely fantastic experience!,en
4845,What a beautiful day!,en
4846,This is terrible...,en
4847,What a beautiful day!,en
4848,اليوم كان رائعًا,ar
4849,Ich bin enttäuscht.,de
4850,What a beautiful day!,en
4851,"Nicht schlecht, aber nicht gut.",de
4852,बहुत ही अच्छा प्रदर्शन!,hi
4853,यह ठीक था।,hi
4854,مقبول لكنه ليس الأفضل,ar
4855,मैं इससे खुश नहीं हूँ।,hi
4856,"Nicht schlecht, aber nicht gut.",de
4857,Absolutely fantastic experience!,en
4858,मैं इससे खुश नहीं हूँ।,hi
4859,من خیلی ناراحتم,fa
4860,خوب بود اما می‌توانست بهتر باشد,fa
4861,لا يعجبني هذا,ar
4862,बहुत ही अच्छा प्रदर्शन!,hi
4863,مقبول لكنه ليس الأفضل,ar
4864,من خیلی ناراحتم,fa
4865,I love this!,en
4866,مقبول لكنه ليس الأفضل,ar
4867,What a beautiful day!,en
4868,I am so tired of this nonsense.,en
4869,"Nicht schlecht, aber nicht gut.",de
4870,"Nicht schlecht, aber nicht gut.",de
4871,اليوم كان رائعًا,ar
4872,من خیلی ناراحتم,fa
4873,बहुत ही अच्छा प्रदर्शन!,hi
4874,"Nicht schlecht, aber nicht gut.",de
4875,This is terrible...,en
4876,اليوم كان رائعًا,ar
4877,خوب بود اما می‌توانست بهتر باشد,fa
4878,Das war unglaublich!,de
4879,This is terrible...,en
4880,من خیلی ناراحتم,fa
4881,What a beautiful day!,en
4882,اليوم كان رائعًا,ar
4883,I am so tired of this nonsense.,en
4884,مقبول لكنه ليس الأفضل,ar
4885,Absolutely fantastic experience!,en
4886,I am so tired of this nonsense.,en
4887,I am so tired of this nonsense.,en
4888,"Nicht schlecht, aber nicht gut.",de
4889,This is terrible...,en
4890,Absolutely fantastic experience!,en
4891,Ich bin enttäuscht.,de
4892,اليوم كان رائعًا,ar
4893,This is terrible...,en
4894,مقبول لكنه ليس الأفضل,ar
4895,Ich bin enttäuscht.,de
4896,مقبول لكنه ليس الأفضل,ar
4897,"Nicht schlecht, aber nicht gut.",de
4898,خوب بود اما می‌توانست بهتر باشد,fa
4899,این بهترین روز من بود,fa
4900,What a beautiful day!,en
4901,Absolutely fantastic experience!,en
4902,Worst day ever.,en
4903,Absolutely fantastic experience!,en
4904,Das war unglaublich!,de
4905,बहुत ही अच्छा प्रदर्शन!,hi
4906,لا يعجبني هذا,ar
4907,मैं इससे खुश नहीं हूँ।,hi
4908,"Nicht schlecht, aber nicht gut.",de
4909,اليوم كان رائعًا,ar
4910,"Nicht schlecht, aber nicht gut.",de
4911,I love this!,en
4912,मैं इससे खुश नहीं हूँ।,hi
4913,मैं इससे खुश नहीं हूँ।,hi
4914,Absolutely fantastic experience!,en
4915,मैं इससे खुश नहीं हूँ।,hi
4916,This is terrible...,en
4917,यह ठीक था।,hi
4918,Could be better.,en
4919,"Nicht schlecht, aber nicht gut.",de
4920,Ich bin enttäuscht.,de
4921,Could be better.,en
4922,I am so tired of this nonsense.,en
4923,मैं इससे खुश नहीं हूँ।,hi
4924,Could be better.,en
4925,यह ठीक था।,hi
4926,لا يعجبني هذا,ar
4927,This is terrible...,en
4928,I am so tired of this nonsense.,en
4929,मैं इससे खुश नहीं हूँ।,hi
4930,من خیلی ناراحتم,fa
4931,Worst day ever.,en
4932,من خیلی ناراحتم,fa
4933,Could be better.,en
4934,مقبول لكنه ليس الأفضل,ar
4935,Could be better.,en
4936,خوب بود اما می‌توانست بهتر باشد,fa
4937,خوب بود اما می‌توانست بهتر باشد,fa
4938,مقبول لكنه ليس الأفضل,ar
4939,मैं इससे खुश नहीं हूँ।,hi
4940,Worst day ever.,en
4941,این بهترین روز من بود,fa
4942,خوب بود اما می‌توانست بهتر باشد,fa
4943,خوب بود اما می‌توانست بهتر باشد,fa
4944,"Nicht schlecht, aber nicht gut.",de
4945,Ich bin enttäuscht.,de
4946,اليوم كان رائعًا,ar
4947,من خیلی ناراحتم,fa
4948,मैं इससे खुश नहीं हूँ।,hi
4949,مقبول لكنه ليس الأفضل,ar
4950,لا يعجبني هذا,ar
4951,Ich bin enttäuscht.,de
4952,Could be better.,en
4953,Worst day ever.,en
4954,Das war unglaublich!,de
4955,این بهترین روز من بود,fa
4956,Worst day ever.,en
4957,Ich bin enttäuscht.,de
4958,مقبول لكنه ليس الأفضل,ar
4959,बहुत ही अच्छा प्रदर्शन!,hi
4960,Absolutely fantastic experience!,en
4961,این بهترین روز من بود,fa
4962,لا يعجبني هذا,ar
4963,यह ठीक था।,hi
4964,Could be better.,en
4965,I love this!,en
4966,لا يعجبني هذا,ar
4967,What a beautiful day!,en
4968,I am so tired of this nonsense.,en
4969,I love this!,en
4970,I love this!,en
4971,"Nicht schlecht, aber nicht gut.",de
4972,مقبول لكنه ليس الأفضل,ar
4973,I am so tired of this nonsense.,en
4974,Worst day ever.,en
4975,این بهترین روز من بود,fa
4976,لا يعجبني هذا,ar
4977,این بهترین روز من بود,fa
4978,Ich bin enttäuscht.,de
4979,मैं इससे खुश नहीं हूँ।,hi
4980,मैं इससे खुश नहीं हूँ।,hi
4981,I am so tired of this nonsense.,en
4982,اليوم كان رائعًا,ar
4983,This is terrible...,en
4984,لا يعجبني هذا,ar
4985,من خیلی ناراحتم,fa
4986,این بهترین روز من بود,fa
4987,مقبول لكنه ليس الأفضل,ar
4988,This is terrible...,en
4989,I am so tired of this nonsense.,en
4990,Worst day ever.,en
4991,Absolutely fantastic experience!,en
4992,اليوم كان رائعًا,ar
4993,Das war unglaublich!,de
4994,Das war unglaublich!,de
4995,What a beautiful day!,en
4996,Ich bin enttäuscht.,de
4997,यह ठीक था।,hi
4998,Ich bin enttäuscht.,de
4999,این بهترین روز من بود,fa
5000,What a beautiful day!,en
5001,Could be better.,en
5002,"Nicht schlecht, aber nicht gut.",de
5003,لا يعجبني هذا,ar
5004,बहुत ही अच्छा प्रदर्शन!,hi
5005,Das war unglaublich!,de
5006,This is terrible...,en
5007,यह ठीक था।,hi
5008,"Nicht schlecht, aber nicht gut.",de
5009,बहुत ही अच्छा प्रदर्शन!,hi
5010,मैं इससे खुश नहीं हूँ।,hi
5011,Das war unglaublich!,de
5012,Das war unglaublich!,de
5013,Ich bin enttäuscht.,de
5014,This is terrible...,en
5015,این بهترین روز من بود,fa
5016,Ich bin enttäuscht.,de
5017,Ich bin enttäuscht.,de
5018,"Nicht schlecht, aber nicht gut.",de
5019,من خیلی ناراحتم,fa
5020,"Nicht schlecht, aber nicht gut.",de
5021,Absolutely fantastic experience!,en
5022,لا يعجبني هذا,ar
5023,"Nicht schlecht, aber nicht gut.",de
5024,"Nicht schlecht, aber nicht gut.",de
5025,मैं इससे खुश नहीं हूँ।,hi
5026,मैं इससे खुश नहीं हूँ।,hi
5027,"Nicht schlecht, aber nicht gut.",de
5028,Could be better.,en
5029,I love this!,en
5030,مقبول لكنه ليس الأفضل,ar
5031,لا يعجبني هذا,ar
5032,Das war unglaublich!,de
5033,I love this!,en
5034,What a beautiful day!,en
5035,Could be better.,en
5036,Absolutely fantastic experience!,en
5037,Ich bin enttäuscht.,de
5038,Could be better.,en
5039,Could be better.,en
5040,این بهترین روز من بود,fa
5041,من خیلی ناراحتم,fa
5042,Absolutely fantastic experience!,en
5043,Worst day ever.,en
5044,این بهترین روز من بود,fa
5045,Ich bin enttäuscht.,de
5046,Worst day ever.,en
5047,این بهترین روز من بود,fa
5048,I love this!,en
5049,यह ठीक था।,hi
5050,مقبول لكنه ليس الأفضل,ar
5051,बहुत ही अच्छा प्रदर्शन!,hi
5052,خوب بود اما می‌توانست بهتر باشد,fa
5053,यह ठीक था।,hi
5054,Das war unglaublich!,de
5055,Worst day ever.,en
5056,"Nicht schlecht, aber nicht gut.",de
5057,مقبول لكنه ليس الأفضل,ar
5058,این بهترین روز من بود,fa
5059,لا يعجبني هذا,ar
5060,Worst day ever.,en
5061,मैं इससे खुश नहीं हूँ।,hi
5062,What a beautiful day!,en
5063,لا يعجبني هذا,ar
5064,خوب بود اما می‌توانست بهتر باشد,fa
5065,I am so tired of this nonsense.,en
5066,Absolutely fantastic experience!,en
5067,Worst day ever.,en
5068,این بهترین روز من بود,fa
5069,I am so tired of this nonsense.,en
5070,لا يعجبني هذا,ar
5071,Could be better.,en
5072,I am so tired of this nonsense.,en
5073,من خیلی ناراحتم,fa
5074,Das war unglaublich!,de
5075,این بهترین روز من بود,fa
5076,لا يعجبني هذا,ar
5077,اليوم كان رائعًا,ar
5078,خوب بود اما می‌توانست بهتر باشد,fa
5079,Ich bin enttäuscht.,de
5080,اليوم كان رائعًا,ar
5081,बहुत ही अच्छा प्रदर्शन!,hi
5082,यह ठीक था।,hi
5083,यह ठीक था।,hi
5084,यह ठीक था।,hi
5085,من خیلی ناراحتم,fa
5086,What a beautiful day!,en
5087,من خیلی ناراحتم,fa
5088,I love this!,en
5089,مقبول لكنه ليس الأفضل,ar
5090,What a beautiful day!,en
5091,मैं इससे खुश नहीं हूँ।,hi
5092,What a beautiful day!,en
5093,Das war unglaublich!,de
5094,यह ठीक था।,hi
5095,من خیلی ناراحتم,fa
5096,What a beautiful day!,en
5097,من خیلی ناراحتم,fa
5098,خوب بود اما می‌توانست بهتر باشد,fa
5099,خوب بود اما می‌توانست بهتر باشد,fa
5100,बहुत ही अच्छा प्रदर्शन!,hi
5101,"Nicht schlecht, aber nicht gut.",de
5102,Das war unglaublich!,de
5103,این بهترین روز من بود,fa
5104,I am so tired of this nonsense.,en
5105,What a beautiful day!,en
5106,मैं इससे खुश नहीं हूँ।,hi
5107,خوب بود اما می‌توانست بهتر باشد,fa
5108,I love this!,en
5109,I am so tired of this nonsense.,en
5110,Worst day ever.,en
5111,خوب بود اما می‌توانست بهتر باشد,fa
5112,यह ठीक था।,hi
5113,मैं इससे खुश नहीं हूँ।,hi
5114,Absolutely fantastic experience!,en
5115,Worst day ever.,en
5116,خوب بود اما می‌توانست بهتر باشد,fa
5117,Das war unglaublich!,de
5118,لا يعجبني هذا,ar
5119,This is terrible...,en
5120,I love this!,en
5121,من خیلی ناراحتم,fa
5122,این بهترین روز من بود,fa
5123,Absolutely fantastic experience!,en
5124,मैं इससे खुश नहीं हूँ।,hi
5125,I love this!,en
5126,यह ठीक था।,hi
5127,मैं इससे खुश नहीं हूँ।,hi
5128,Could be better.,en
5129,"Nicht schlecht, aber nicht gut.",de
5130,बहुत ही अच्छा प्रदर्शन!,hi
5131,बहुत ही अच्छा प्रदर्शन!,hi
5132,I am so tired of this nonsense.,en
5133,I am so tired of this nonsense.,en
5134,I am so tired of this nonsense.,en
5135,बहुत ही अच्छा प्रदर्शन!,hi
5136,Ich bin enttäuscht.,de
5137,Absolutely fantastic experience!,en
5138,این بهترین روز من بود,fa
5139,خوب بود اما می‌توانست بهتر باشد,fa
5140,این بهترین روز من بود,fa
5141,این بهترین روز من بود,fa
5142,मैं इससे खुश नहीं हूँ।,hi
5143,मैं इससे खुश नहीं हूँ।,hi
5144,मैं इससे खुश नहीं हूँ।,hi
5145,This is terrible...,en
5146,اليوم كان رائعًا,ar
5147,این بهترین روز من بود,fa
5148,خوب بود اما می‌توانست بهتر باشد,fa
5149,Could be better.,en
5150,I am so tired of this nonsense.,en
5151,Could be better.,en
5152,Could be better.,en
5153,Das war unglaublich!,de
5154,I am so tired of this nonsense.,en
5155,خوب بود اما می‌توانست بهتر باشد,fa
5156,I love this!,en
5157,مقبول لكنه ليس الأفضل,ar
5158,لا يعجبني هذا,ar
5159,لا يعجبني هذا,ar
5160,What a beautiful day!,en
5161,اليوم كان رائعًا,ar
5162,من خیلی ناراحتم,fa
5163,این بهترین روز من بود,fa
5164,لا يعجبني هذا,ar
5165,"Nicht schlecht, aber nicht gut.",de
5166,این بهترین روز من بود,fa
5167,لا يعجبني هذا,ar
5168,من خیلی ناراحتم,fa
5169,What a beautiful day!,en
5170,Could be better.,en
5171,यह ठीक था।,hi
5172,Absolutely fantastic experience!,en
5173,बहुत ही अच्छा प्रदर्शन!,hi
5174,خوب بود اما می‌توانست بهتر باشد,fa
5175,این بهترین روز من بود,fa
5176,این بهترین روز من بود,fa
5177,Worst day ever.,en
5178,Worst day ever.,en
5179,What a beautiful day!,en
5180,این بهترین روز من بود,fa
5181,لا يعجبني هذا,ar
5182,बहुत ही अच्छा प्रदर्शन!,hi
5183,Could be better.,en
5184,I am so tired of this nonsense.,en
5185,मैं इससे खुश नहीं हूँ।,hi
5186,من خیلی ناراحتم,fa
5187,This is terrible...,en
5188,What a beautiful day!,en
5189,बहुत ही अच्छा प्रदर्शन!,hi
5190,این بهترین روز من بود,fa
5191,Ich bin enttäuscht.,de
5192,बहुत ही अच्छा प्रदर्शन!,hi
5193,لا يعجبني هذا,ar
5194,من خیلی ناراحتم,fa
5195,این بهترین روز من بود,fa
5196,What a beautiful day!,en
5197,من خیلی ناراحتم,fa
5198,यह ठीक था।,hi
5199,"Nicht schlecht, aber nicht gut.",de
5200,Absolutely fantastic experience!,en
5201,این بهترین روز من بود,fa
5202,من خیلی ناراحتم,fa
5203,Ich bin enttäuscht.,de
5204,Worst day ever.,en
5205,این بهترین روز من بود,fa
5206,मैं इससे खुश नहीं हूँ।,hi
5207,مقبول لكنه ليس الأفضل,ar
5208,Ich bin enttäuscht.,de
5209,این بهترین روز من بود,fa
5210,यह ठीक था।,hi
5211,مقبول لكنه ليس الأفضل,ar
5212,"Nicht schlecht, aber nicht gut.",de
5213,اليوم كان رائعًا,ar
5214,What a beautiful day!,en
5215,مقبول لكنه ليس الأفضل,ar
5216,बहुत ही अच्छा प्रदर्शन!,hi
5217,बहुत ही अच्छा प्रदर्शन!,hi
5218,Worst day ever.,en
5219,من خیلی ناراحتم,fa
5220,خوب بود اما می‌توانست بهتر باشد,fa
5221,Ich bin enttäuscht.,de
5222,This is terrible...,en
5223,مقبول لكنه ليس الأفضل,ar
5224,I love this!,en
5225,من خیلی ناراحتم,fa
5226,I am so tired of this nonsense.,en
5227,Ich bin enttäuscht.,de
5228,این بهترین روز من بود,fa
5229,"Nicht schlecht, aber nicht gut.",de
5230,مقبول لكنه ليس الأفضل,ar
5231,Worst day ever.,en
5232,Could be better.,en
5233,مقبول لكنه ليس الأفضل,ar
5234,"Nicht schlecht, aber nicht gut.",de
5235,Could be better.,en
5236,این بهترین روز من بود,fa
5237,لا يعجبني هذا,ar
5238,I love this!,en
5239,این بهترین روز من بود,fa
5240,Absolutely fantastic experience!,en
5241,این بهترین روز من بود,fa
5242,This is terrible...,en
5243,لا يعجبني هذا,ar
5244,Worst day ever.,en
5245,I love this!,en
5246,Absolutely fantastic experience!,en
5247,این بهترین روز من بود,fa
5248,I love this!,en
5249,Das war unglaublich!,de
5250,Ich bin enttäuscht.,de
5251,Could be better.,en
5252,لا يعجبني هذا,ar
5253,Absolutely fantastic experience!,en
5254,What a beautiful day!,en
5255,لا يعجبني هذا,ar
5256,Das war unglaublich!,de
5257,اليوم كان رائعًا,ar
5258,Das war unglaublich!,de
5259,Absolutely fantastic experience!,en
5260,I love this!,en
5261,Could be better.,en
5262,"Nicht schlecht, aber nicht gut.",de
5263,Ich bin enttäuscht.,de
5264,Absolutely fantastic experience!,en
5265,مقبول لكنه ليس الأفضل,ar
5266,این بهترین روز من بود,fa
5267,यह ठीक था।,hi
5268,"Nicht schlecht, aber nicht gut.",de
5269,What a beautiful day!,en
5270,اليوم كان رائعًا,ar
5271,مقبول لكنه ليس الأفضل,ar
5272,यह ठीक था।,hi
5273,This is terrible...,en
5274,Das war unglaublich!,de
5275,Absolutely fantastic experience!,en
5276,Worst day ever.,en
5277,मैं इससे खुश नहीं हूँ।,hi
5278,"Nicht schlecht, aber nicht gut.",de
5279,यह ठीक था।,hi
5280,خوب بود اما می‌توانست بهتر باشد,fa
5281,مقبول لكنه ليس الأفضل,ar
5282,मैं इससे खुश नहीं हूँ।,hi
5283,I am so tired of this nonsense.,en
5284,Worst day ever.,en
5285,Das war unglaublich!,de
5286,این بهترین روز من بود,fa
5287,Das war unglaublich!,de
5288,I love this!,en
5289,لا يعجبني هذا,ar
5290,لا يعجبني هذا,ar
5291,मैं इससे खुश नहीं हूँ।,hi
5292,This is terrible...,en
5293,"Nicht schlecht, aber nicht gut.",de
5294,اليوم كان رائعًا,ar
5295,این بهترین روز من بود,fa
5296,Worst day ever.,en
5297,I am so tired of this nonsense.,en
5298,این بهترین روز من بود,fa
5299,"Nicht schlecht, aber nicht gut.",de
5300,यह ठीक था।,hi
5301,Worst day ever.,en
5302,I am so tired of this nonsense.,en
5303,لا يعجبني هذا,ar
5304,I am so tired of this nonsense.,en
5305,Ich bin enttäuscht.,de
5306,این بهترین روز من بود,fa
5307,این بهترین روز من بود,fa
5308,"Nicht schlecht, aber nicht gut.",de
5309,बहुत ही अच्छा प्रदर्शन!,hi
5310,اليوم كان رائعًا,ar
5311,Worst day ever.,en
5312,Could be better.,en
5313,Could be better.,en
5314,यह ठीक था।,hi
5315,मैं इससे खुश नहीं हूँ।,hi
5316,این بهترین روز من بود,fa
5317,Ich bin enttäuscht.,de
5318,Worst day ever.,en
5319,What a beautiful day!,en
5320,This is terrible...,en
5321,I am so tired of this nonsense.,en
5322,Ich bin enttäuscht.,de
5323,Could be better.,en
5324,बहुत ही अच्छा प्रदर्शन!,hi
5325,बहुत ही अच्छा प्रदर्शन!,hi
5326,Absolutely fantastic experience!,en
5327,बहुत ही अच्छा प्रदर्शन!,hi
5328,I am so tired of this nonsense.,en
5329,बहुत ही अच्छा प्रदर्शन!,hi
5330,لا يعجبني هذا,ar
5331,Could be better.,en
5332,बहुत ही अच्छा प्रदर्शन!,hi
5333,این بهترین روز من بود,fa
5334,اليوم كان رائعًا,ar
5335,اليوم كان رائعًا,ar
5336,बहुत ही अच्छा प्रदर्शन!,hi
5337,"Nicht schlecht, aber nicht gut.",de
5338,لا يعجبني هذا,ar
5339,मैं इससे खुश नहीं हूँ।,hi
5340,اليوم كان رائعًا,ar
5341,من خیلی ناراحتم,fa
5342,Could be better.,en
5343,मैं इससे खुश नहीं हूँ।,hi
5344,Worst day ever.,en
5345,مقبول لكنه ليس الأفضل,ar
5346,خوب بود اما می‌توانست بهتر باشد,fa
5347,Worst day ever.,en
5348,I am so tired of this nonsense.,en
5349,لا يعجبني هذا,ar
5350,Das war unglaublich!,de
5351,Could be better.,en
5352,این بهترین روز من بود,fa
5353,خوب بود اما می‌توانست بهتر باشد,fa
5354,मैं इससे खुश नहीं हूँ।,hi
5355,"Nicht schlecht, aber nicht gut.",de
5356,What a beautiful day!,en
5357,مقبول لكنه ليس الأفضل,ar
5358,لا يعجبني هذا,ar
5359,I love this!,en
5360,I am so tired of this nonsense.,en
5361,Could be better.,en
5362,لا يعجبني هذا,ar
5363,I love this!,en
5364,من خیلی ناراحتم,fa
5365,Could be better.,en
5366,مقبول لكنه ليس الأفضل,ar
5367,این بهترین روز من بود,fa
5368,اليوم كان رائعًا,ar
5369,"Nicht schlecht, aber nicht gut.",de
5370,Absolutely fantastic experience!,en
5371,Could be better.,en
5372,خوب بود اما می‌توانست بهتر باشد,fa
5373,اليوم كان رائعًا,ar
5374,اليوم كان رائعًا,ar
5375,"Nicht schlecht, aber nicht gut.",de
5376,What a beautiful day!,en
5377,Das war unglaublich!,de
5378,لا يعجبني هذا,ar
5379,مقبول لكنه ليس الأفضل,ar
5380,لا يعجبني هذا,ar
5381,لا يعجبني هذا,ar
5382,This is terrible...,en
5383,Ich bin enttäuscht.,de
5384,Das war unglaublich!,de
5385,Absolutely fantastic experience!,en
5386,Could be better.,en
5387,मैं इससे खुश नहीं हूँ।,hi
5388,मैं इससे खुश नहीं हूँ।,hi
5389,मैं इससे खुश नहीं हूँ।,hi
5390,Worst day ever.,en
5391,Ich bin enttäuscht.,de
5392,لا يعجبني هذا,ar
5393,Das war unglaublich!,de
5394,من خیلی ناراحتم,fa
5395,خوب بود اما می‌توانست بهتر باشد,fa
5396,Ich bin enttäuscht.,de
5397,لا يعجبني هذا,ar
5398,बहुत ही अच्छा प्रदर्शन!,hi
5399,यह ठीक था।,hi
5400,Could be better.,en
5401,مقبول لكنه ليس الأفضل,ar
5402,बहुत ही अच्छा प्रदर्शन!,hi
5403,Ich bin enttäuscht.,de
5404,Could be better.,en
5405,مقبول لكنه ليس الأفضل,ar
5406,مقبول لكنه ليس الأفضل,ar
5407,This is terrible...,en
5408,Could be better.,en
5409,I am so tired of this nonsense.,en
5410,Worst day ever.,en
5411,لا يعجبني هذا,ar
5412,مقبول لكنه ليس الأفضل,ar
5413,What a beautiful day!,en
5414,यह ठीक था।,hi
5415,I love this!,en
5416,خوب بود اما می‌توانست بهتر باشد,fa
5417,This is terrible...,en
5418,خوب بود اما می‌توانست بهتر باشد,fa
5419,Das war unglaublich!,de
5420,मैं इससे खुश नहीं हूँ।,hi
5421,Das war unglaublich!,de
5422,बहुत ही अच्छा प्रदर्शन!,hi
5423,اليوم كان رائعًا,ar
5424,لا يعجبني هذا,ar
5425,मैं इससे खुश नहीं हूँ।,hi
5426,What a beautiful day!,en
5427,Ich bin enttäuscht.,de
5428,خوب بود اما می‌توانست بهتر باشد,fa
5429,مقبول لكنه ليس الأفضل,ar
5430,Could be better.,en
5431,خوب بود اما می‌توانست بهتر باشد,fa
5432,Das war unglaublich!,de
5433,Das war unglaublich!,de
5434,Worst day ever.,en
5435,Could be better.,en
5436,اليوم كان رائعًا,ar
5437,لا يعجبني هذا,ar
5438,मैं इससे खुश नहीं हूँ।,hi
5439,I love this!,en
5440,Das war unglaublich!,de
5441,I am so tired of this nonsense.,en
5442,बहुत ही अच्छा प्रदर्शन!,hi
5443,यह ठीक था।,hi
5444,من خیلی ناراحتم,fa
5445,What a beautiful day!,en
5446,यह ठीक था।,hi
5447,اليوم كان رائعًا,ar
5448,من خیلی ناراحتم,fa
5449,I am so tired of this nonsense.,en
5450,Ich bin enttäuscht.,de
5451,لا يعجبني هذا,ar
5452,این بهترین روز من بود,fa
5453,यह ठीक था।,hi
5454,خوب بود اما می‌توانست بهتر باشد,fa
5455,Worst day ever.,en
5456,این بهترین روز من بود,fa
5457,Worst day ever.,en
5458,I am so tired of this nonsense.,en
5459,यह ठीक था।,hi
5460,मैं इससे खुश नहीं हूँ।,hi
5461,مقبول لكنه ليس الأفضل,ar
5462,मैं इससे खुश नहीं हूँ।,hi
5463,Absolutely fantastic experience!,en
5464,Worst day ever.,en
5465,I love this!,en
5466,Das war unglaublich!,de
5467,این بهترین روز من بود,fa
5468,What a beautiful day!,en
5469,مقبول لكنه ليس الأفضل,ar
5470,من خیلی ناراحتم,fa
5471,I am so tired of this nonsense.,en
5472,This is terrible...,en
5473,اليوم كان رائعًا,ar
5474,لا يعجبني هذا,ar
5475,बहुत ही अच्छा प्रदर्शन!,hi
5476,مقبول لكنه ليس الأفضل,ar
5477,Ich bin enttäuscht.,de
5478,Worst day ever.,en
5479,I am so tired of this nonsense.,en
5480,"Nicht schlecht, aber nicht gut.",de
5481,Ich bin enttäuscht.,de
5482,اليوم كان رائعًا,ar
5483,Das war unglaublich!,de
5484,Ich bin enttäuscht.,de
5485,اليوم كان رائعًا,ar
5486,لا يعجبني هذا,ar
5487,यह ठीक था।,hi
5488,اليوم كان رائعًا,ar
5489,من خیلی ناراحتم,fa
5490,خوب بود اما می‌توانست بهتر باشد,fa
5491,Worst day ever.,en
5492,मैं इससे खुश नहीं हूँ।,hi
5493,Ich bin enttäuscht.,de
5494,बहुत ही अच्छा प्रदर्शन!,hi
5495,मैं इससे खुश नहीं हूँ।,hi
5496,این بهترین روز من بود,fa
5497,Absolutely fantastic experience!,en
5498,This is terrible...,en
5499,خوب بود اما می‌توانست بهتر باشد,fa
5500,Worst day ever.,en
5501,Ich bin enttäuscht.,de
5502,What a beautiful day!,en
5503,این بهترین روز من بود,fa
5504,Could be better.,en
5505,यह ठीक था।,hi
5506,What a beautiful day!,en
5507,Absolutely fantastic experience!,en
5508,من خیلی ناراحتم,fa
5509,Das war unglaublich!,de
5510,من خیلی ناراحتم,fa
5511,बहुत ही अच्छा प्रदर्शन!,hi
5512,"Nicht schlecht, aber nicht gut.",de
5513,Worst day ever.,en
5514,मैं इससे खुश नहीं हूँ।,hi
5515,Das war unglaublich!,de
5516,बहुत ही अच्छा प्रदर्शन!,hi
5517,Das war unglaublich!,de
5518,This is terrible...,en
5519,Das war unglaublich!,de
5520,बहुत ही अच्छा प्रदर्शन!,hi
5521,Could be better.,en
5522,I love this!,en
5523,Ich bin enttäuscht.,de
5524,این بهترین روز من بود,fa
5525,خوب بود اما می‌توانست بهتر باشد,fa
5526,اليوم كان رائعًا,ar
5527,Ich bin enttäuscht.,de
5528,Ich bin enttäuscht.,de
5529,Ich bin enttäuscht.,de
5530,Absolutely fantastic experience!,en
5531,Worst day ever.,en
5532,यह ठीक था।,hi
5533,Ich bin enttäuscht.,de
5534,Absolutely fantastic experience!,en
5535,मैं इससे खुश नहीं हूँ।,hi
5536,"Nicht schlecht, aber nicht gut.",de
5537,मैं इससे खुश नहीं हूँ।,hi
5538,اليوم كان رائعًا,ar
5539,من خیلی ناراحتم,fa
5540,لا يعجبني هذا,ar
5541,این بهترین روز من بود,fa
5542,اليوم كان رائعًا,ar
5543,Das war unglaublich!,de
5544,What a beautiful day!,en
5545,Could be better.,en
5546,این بهترین روز من بود,fa
5547,मैं इससे खुश नहीं हूँ।,hi
5548,I love this!,en
5549,مقبول لكنه ليس الأفضل,ar
5550,यह ठीक था।,hi
5551,این بهترین روز من بود,fa
5552,Ich bin enttäuscht.,de
5553,لا يعجبني هذا,ar
5554,اليوم كان رائعًا,ar
5555,Worst day ever.,en
5556,I love this!,en
5557,Ich bin enttäuscht.,de
5558,बहुत ही अच्छा प्रदर्शन!,hi
5559,"Nicht schlecht, aber nicht gut.",de
5560,मैं इससे खुश नहीं हूँ।,hi
5561,مقبول لكنه ليس الأفضل,ar
5562,Could be better.,en
5563,این بهترین روز من بود,fa
5564,مقبول لكنه ليس الأفضل,ar
5565,I love this!,en
5566,What a beautiful day!,en
5567,This is terrible...,en
5568,"Nicht schlecht, aber nicht gut.",de
5569,اليوم كان رائعًا,ar
5570,"Nicht schlecht, aber nicht gut.",de
5571,مقبول لكنه ليس الأفضل,ar
5572,Worst day ever.,en
5573,مقبول لكنه ليس الأفضل,ar
5574,Worst day ever.,en
5575,बहुत ही अच्छा प्रदर्शन!,hi
5576,Could be better.,en
5577,बहुत ही अच्छा प्रदर्शन!,hi
5578,Ich bin enttäuscht.,de
5579,من خیلی ناراحتم,fa
5580,I am so tired of this nonsense.,en
5581,I love this!,en
5582,خوب بود اما می‌توانست بهتر باشد,fa
5583,"Nicht schlecht, aber nicht gut.",de
5584,من خیلی ناراحتم,fa
5585,من خیلی ناراحتم,fa
5586,اليوم كان رائعًا,ar
5587,خوب بود اما می‌توانست بهتر باشد,fa
5588,I love this!,en
5589,I love this!,en
5590,لا يعجبني هذا,ar
5591,من خیلی ناراحتم,fa
5592,خوب بود اما می‌توانست بهتر باشد,fa
5593,خوب بود اما می‌توانست بهتر باشد,fa
5594,خوب بود اما می‌توانست بهتر باشد,fa
5595,This is terrible...,en
5596,यह ठीक था।,hi
5597,यह ठीक था।,hi
5598,What a beautiful day!,en
5599,I love this!,en
5600,Ich bin enttäuscht.,de
5601,مقبول لكنه ليس الأفضل,ar
5602,Absolutely fantastic experience!,en
5603,Ich bin enttäuscht.,de
5604,مقبول لكنه ليس الأفضل,ar
5605,बहुत ही अच्छा प्रदर्शन!,hi
5606,Could be better.,en
5607,این بهترین روز من بود,fa
5608,Absolutely fantastic experience!,en
5609,I am so tired of this nonsense.,en
5610,Absolutely fantastic experience!,en
5611,I am so tired of this nonsense.,en
5612,What a beautiful day!,en
5613,اليوم كان رائعًا,ar
5614,यह ठीक था।,hi
5615,این بهترین روز من بود,fa
5616,Das war unglaublich!,de
5617,اليوم كان رائعًا,ar
5618,This is terrible...,en
5619,मैं इससे खुश नहीं हूँ।,hi
5620,This is terrible...,en
5621,I am so tired of this nonsense.,en
5622,Could be better.,en
5623,خوب بود اما می‌توانست بهتر باشد,fa
5624,اليوم كان رائعًا,ar
5625,मैं इससे खुश नहीं हूँ।,hi
5626,من خیلی ناراحتم,fa
5627,"Nicht schlecht, aber nicht gut.",de
5628,Absolutely fantastic experience!,en
5629,बहुत ही अच्छा प्रदर्शन!,hi
5630,Worst day ever.,en
5631,This is terrible...,en
5632,यह ठीक था।,hi
5633,यह ठीक था।,hi
5634,Absolutely fantastic experience!,en
5635,Absolutely fantastic experience!,en
5636,خوب بود اما می‌توانست بهتر باشد,fa
5637,این بهترین روز من بود,fa
5638,Worst day ever.,en
5639,اليوم كان رائعًا,ar
5640,Worst day ever.,en
5641,من خیلی ناراحتم,fa
5642,यह ठीक था।,hi
5643,Ich bin enttäuscht.,de
5644,मैं इससे खुश नहीं हूँ।,hi
5645,बहुत ही अच्छा प्रदर्शन!,hi
5646,من خیلی ناراحتم,fa
5647,Could be better.,en
5648,What a beautiful day!,en
5649,What a beautiful day!,en
5650,I am so tired of this nonsense.,en
5651,यह ठीक था।,hi
5652,مقبول لكنه ليس الأفضل,ar
5653,Das war unglaublich!,de
5654,बहुत ही अच्छा प्रदर्शन!,hi
5655,مقبول لكنه ليس الأفضل,ar
5656,اليوم كان رائعًا,ar
5657,من خیلی ناراحتم,fa
5658,مقبول لكنه ليس الأفضل,ar
5659,Absolutely fantastic experience!,en
5660,خوب بود اما می‌توانست بهتر باشد,fa
5661,Could be better.,en
5662,This is terrible...,en
5663,خوب بود اما می‌توانست بهتر باشد,fa
5664,Worst day ever.,en
5665,मैं इससे खुश नहीं हूँ।,hi
5666,Ich bin enttäuscht.,de
5667,Could be better.,en
5668,"Nicht schlecht, aber nicht gut.",de
5669,What a beautiful day!,en
5670,مقبول لكنه ليس الأفضل,ar
5671,What a beautiful day!,en
5672,مقبول لكنه ليس الأفضل,ar
5673,Ich bin enttäuscht.,de
5674,I am so tired of this nonsense.,en
5675,Absolutely fantastic experience!,en
5676,خوب بود اما می‌توانست بهتر باشد,fa
5677,What a beautiful day!,en
5678,यह ठीक था।,hi
5679,Could be better.,en
5680,I am so tired of this nonsense.,en
5681,خوب بود اما می‌توانست بهتر باشد,fa
5682,Ich bin enttäuscht.,de
5683,What a beautiful day!,en
5684,مقبول لكنه ليس الأفضل,ar
5685,اليوم كان رائعًا,ar
5686,"Nicht schlecht, aber nicht gut.",de
5687,مقبول لكنه ليس الأفضل,ar
5688,من خیلی ناراحتم,fa
5689,خوب بود اما می‌توانست بهتر باشد,fa
5690,Could be better.,en
5691,Das war unglaublich!,de
5692,Das war unglaublich!,de
5693,यह ठीक था।,hi
5694,Absolutely fantastic experience!,en
5695,مقبول لكنه ليس الأفضل,ar
5696,Absolutely fantastic experience!,en
5697,خوب بود اما می‌توانست بهتر باشد,fa
5698,I love this!,en
5699,"Nicht schlecht, aber nicht gut.",de
5700,مقبول لكنه ليس الأفضل,ar
5701,मैं इससे खुश नहीं हूँ।,hi
5702,This is terrible...,en
5703,यह ठीक था।,hi
5704,Das war unglaublich!,de
5705,Could be better.,en
5706,What a beautiful day!,en
5707,من خیلی ناراحتم,fa
5708,Ich bin enttäuscht.,de
5709,این بهترین روز من بود,fa
5710,This is terrible...,en
5711,I love this!,en
5712,Ich bin enttäuscht.,de
5713,Absolutely fantastic experience!,en
5714,من خیلی ناراحتم,fa
5715,मैं इससे खुश नहीं हूँ।,hi
5716,مقبول لكنه ليس الأفضل,ar
5717,لا يعجبني هذا,ar
5718,I am so tired of this nonsense.,en
5719,मैं इससे खुश नहीं हूँ।,hi
5720,مقبول لكنه ليس الأفضل,ar
5721,مقبول لكنه ليس الأفضل,ar
5722,What a beautiful day!,en
5723,Worst day ever.,en
5724,This is terrible...,en
5725,Absolutely fantastic experience!,en
5726,यह ठीक था।,hi
5727,Worst day ever.,en
5728,لا يعجبني هذا,ar
5729,यह ठीक था।,hi
5730,बहुत ही अच्छा प्रदर्शन!,hi
5731,Das war unglaublich!,de
5732,Worst day ever.,en
5733,This is terrible...,en
5734,"Nicht schlecht, aber nicht gut.",de
5735,این بهترین روز من بود,fa
5736,Ich bin enttäuscht.,de
5737,خوب بود اما می‌توانست بهتر باشد,fa
5738,बहुत ही अच्छा प्रदर्शन!,hi
5739,Worst day ever.,en
5740,من خیلی ناراحتم,fa
5741,यह ठीक था।,hi
5742,Worst day ever.,en
5743,Das war unglaublich!,de
5744,What a beautiful day!,en
5745,خوب بود اما می‌توانست بهتر باشد,fa
5746,اليوم كان رائعًا,ar
5747,Ich bin enttäuscht.,de
5748,यह ठीक था।,hi
5749,I love this!,en
5750,لا يعجبني هذا,ar
5751,این بهترین روز من بود,fa
5752,لا يعجبني هذا,ar
5753,This is terrible...,en
5754,Ich bin enttäuscht.,de
5755,Could be better.,en
5756,This is terrible...,en
5757,خوب بود اما می‌توانست بهتر باشد,fa
5758,I love this!,en
5759,مقبول لكنه ليس الأفضل,ar
5760,बहुत ही अच्छा प्रदर्शन!,hi
5761,यह ठीक था।,hi
5762,यह ठीक था।,hi
5763,यह ठीक था।,hi
5764,این بهترین روز من بود,fa
5765,این بهترین روز من بود,fa
5766,"Nicht schlecht, aber nicht gut.",de
5767,मैं इससे खुश नहीं हूँ।,hi
5768,این بهترین روز من بود,fa
5769,यह ठीक था।,hi
5770,من خیلی ناراحتم,fa
5771,Ich bin enttäuscht.,de
5772,این بهترین روز من بود,fa
5773,I love this!,en
5774,यह ठीक था।,hi
5775,خوب بود اما می‌توانست بهتر باشد,fa
5776,I am so tired of this nonsense.,en
5777,What a beautiful day!,en
5778,من خیلی ناراحتم,fa
5779,मैं इससे खुश नहीं हूँ।,hi
5780,"Nicht schlecht, aber nicht gut.",de
5781,مقبول لكنه ليس الأفضل,ar
5782,لا يعجبني هذا,ar
5783,لا يعجبني هذا,ar
5784,مقبول لكنه ليس الأفضل,ar
5785,من خیلی ناراحتم,fa
5786,لا يعجبني هذا,ar
5787,Absolutely fantastic experience!,en
5788,Das war unglaublich!,de
5789,"Nicht schlecht, aber nicht gut.",de
5790,مقبول لكنه ليس الأفضل,ar
5791,What a beautiful day!,en
5792,I am so tired of this nonsense.,en
5793,من خیلی ناراحتم,fa
5794,मैं इससे खुश नहीं हूँ।,hi
5795,Das war unglaublich!,de
5796,मैं इससे खुश नहीं हूँ।,hi
5797,What a beautiful day!,en
5798,"Nicht schlecht, aber nicht gut.",de
5799,मैं इससे खुश नहीं हूँ।,hi
5800,مقبول لكنه ليس الأفضل,ar
5801,من خیلی ناراحتم,fa
5802,Das war unglaublich!,de
5803,यह ठीक था।,hi
5804,बहुत ही अच्छा प्रदर्शन!,hi
5805,مقبول لكنه ليس الأفضل,ar
5806,बहुत ही अच्छा प्रदर्शन!,hi
5807,مقبول لكنه ليس الأفضل,ar
5808,این بهترین روز من بود,fa
5809,مقبول لكنه ليس الأفضل,ar
5810,Could be better.,en
5811,मैं इससे खुश नहीं हूँ।,hi
5812,This is terrible...,en
5813,مقبول لكنه ليس الأفضل,ar
5814,मैं इससे खुश नहीं हूँ।,hi
5815,What a beautiful day!,en
5816,لا يعجبني هذا,ar
5817,Absolutely fantastic experience!,en
5818,لا يعجبني هذا,ar
5819,I love this!,en
5820,Could be better.,en
5821,यह ठीक था।,hi
5822,I am so tired of this nonsense.,en
5823,اليوم كان رائعًا,ar
5824,مقبول لكنه ليس الأفضل,ar
5825,Ich bin enttäuscht.,de
5826,बहुत ही अच्छा प्रदर्शन!,hi
5827,خوب بود اما می‌توانست بهتر باشد,fa
5828,Worst day ever.,en
5829,Ich bin enttäuscht.,de
5830,مقبول لكنه ليس الأفضل,ar
5831,لا يعجبني هذا,ar
5832,Could be better.,en
5833,من خیلی ناراحتم,fa
5834,I am so tired of this nonsense.,en
5835,Absolutely fantastic experience!,en
5836,Worst day ever.,en
5837,Absolutely fantastic experience!,en
5838,Could be better.,en
5839,Das war unglaublich!,de
5840,I love this!,en
5841,Ich bin enttäuscht.,de
5842,لا يعجبني هذا,ar
5843,Das war unglaublich!,de
5844,Das war unglaublich!,de
5845,Could be better.,en
5846,यह ठीक था।,hi
5847,"Nicht schlecht, aber nicht gut.",de
5848,Worst day ever.,en
5849,I am so tired of this nonsense.,en
5850,यह ठीक था।,hi
5851,Das war unglaublich!,de
5852,خوب بود اما می‌توانست بهتر باشد,fa
5853,बहुत ही अच्छा प्रदर्शन!,hi
5854,I am so tired of this nonsense.,en
5855,What a beautiful day!,en
5856,What a beautiful day!,en
5857,Das war unglaublich!,de
5858,Absolutely fantastic experience!,en
5859,What a beautiful day!,en
5860,Could be better.,en
5861,मैं इससे खुश नहीं हूँ।,hi
5862,Could be better.,en
5863,"Nicht schlecht, aber nicht gut.",de
5864,What a beautiful day!,en
5865,I love this!,en
5866,اليوم كان رائعًا,ar
5867,این بهترین روز من بود,fa
5868,What a beautiful day!,en
5869,Das war unglaublich!,de
5870,من خیلی ناراحتم,fa
5871,این بهترین روز من بود,fa
5872,This is terrible...,en
5873,لا يعجبني هذا,ar
5874,Ich bin enttäuscht.,de
5875,"Nicht schlecht, aber nicht gut.",de
5876,لا يعجبني هذا,ar
5877,Could be better.,en
5878,Absolutely fantastic experience!,en
5879,لا يعجبني هذا,ar
5880,मैं इससे खुश नहीं हूँ।,hi
5881,Worst day ever.,en
5882,خوب بود اما می‌توانست بهتر باشد,fa
5883,مقبول لكنه ليس الأفضل,ar
5884,मैं इससे खुश नहीं हूँ।,hi
5885,مقبول لكنه ليس الأفضل,ar
5886,این بهترین روز من بود,fa
5887,من خیلی ناراحتم,fa
5888,اليوم كان رائعًا,ar
5889,Absolutely fantastic experience!,en
5890,اليوم كان رائعًا,ar
5891,این بهترین روز من بود,fa
5892,Das war unglaublich!,de
5893,Das war unglaublich!,de
5894,बहुत ही अच्छा प्रदर्शन!,hi
5895,I love this!,en
5896,خوب بود اما می‌توانست بهتر باشد,fa
5897,لا يعجبني هذا,ar
5898,बहुत ही अच्छा प्रदर्शन!,hi
5899,यह ठीक था।,hi
5900,I love this!,en
5901,Ich bin enttäuscht.,de
5902,बहुत ही अच्छा प्रदर्शन!,hi
5903,बहुत ही अच्छा प्रदर्शन!,hi
5904,اليوم كان رائعًا,ar
5905,Worst day ever.,en
5906,Could be better.,en
5907,यह ठीक था।,hi
5908,This is terrible...,en
5909,I love this!,en
5910,"Nicht schlecht, aber nicht gut.",de
5911,من خیلی ناراحتم,fa
5912,Das war unglaublich!,de
5913,बहुत ही अच्छा प्रदर्शन!,hi
5914,What a beautiful day!,en
5915,لا يعجبني هذا,ar
5916,"Nicht schlecht, aber nicht gut.",de
5917,What a beautiful day!,en
5918,मैं इससे खुश नहीं हूँ।,hi
5919,Das war unglaublich!,de
5920,I am so tired of this nonsense.,en
5921,मैं इससे खुश नहीं हूँ।,hi
5922,यह ठीक था।,hi
5923,من خیلی ناراحتم,fa
5924,مقبول لكنه ليس الأفضل,ar
5925,I am so tired of this nonsense.,en
5926,बहुत ही अच्छा प्रदर्शन!,hi
5927,यह ठीक था।,hi
5928,I am so tired of this nonsense.,en
5929,Das war unglaublich!,de
5930,बहुत ही अच्छा प्रदर्शन!,hi
5931,I love this!,en
5932,Absolutely fantastic experience!,en
5933,خوب بود اما می‌توانست بهتر باشد,fa
5934,اليوم كان رائعًا,ar
5935,خوب بود اما می‌توانست بهتر باشد,fa
5936,خوب بود اما می‌توانست بهتر باشد,fa
5937,I love this!,en
5938,لا يعجبني هذا,ar
5939,This is terrible...,en
5940,मैं इससे खुश नहीं हूँ।,hi
5941,اليوم كان رائعًا,ar
5942,I love this!,en
5943,Absolutely fantastic experience!,en
5944,Das war unglaublich!,de
5945,من خیلی ناراحتم,fa
5946,बहुत ही अच्छा प्रदर्शन!,hi
5947,من خیلی ناراحتم,fa
5948,I am so tired of this nonsense.,en
5949,خوب بود اما می‌توانست بهتر باشد,fa
5950,Could be better.,en
5951,I am so tired of this nonsense.,en
5952,यह ठीक था।,hi
5953,बहुत ही अच्छा प्रदर्शन!,hi
5954,مقبول لكنه ليس الأفضل,ar
5955,"Nicht schlecht, aber nicht gut.",de
5956,This is terrible...,en
5957,I am so tired of this nonsense.,en
5958,I am so tired of this nonsense.,en
5959,Ich bin enttäuscht.,de
5960,خوب بود اما می‌توانست بهتر باشد,fa
5961,Das war unglaublich!,de
5962,I love this!,en
5963,"Nicht schlecht, aber nicht gut.",de
5964,این بهترین روز من بود,fa
5965,Could be better.,en
5966,لا يعجبني هذا,ar
5967,I love this!,en
5968,This is terrible...,en
5969,مقبول لكنه ليس الأفضل,ar
5970,I love this!,en
5971,لا يعجبني هذا,ar
5972,Could be better.,en
5973,Could be better.,en
5974,این بهترین روز من بود,fa
5975,Absolutely fantastic experience!,en
5976,मैं इससे खुश नहीं हूँ।,hi
5977,من خیلی ناراحتم,fa
5978,Ich bin enttäuscht.,de
5979,لا يعجبني هذا,ar
5980,Could be better.,en
5981,यह ठीक था।,hi
5982,Das war unglaublich!,de
5983,Das war unglaublich!,de
5984,Could be better.,en
5985,این بهترین روز من بود,fa
5986,What a beautiful day!,en
5987,"Nicht schlecht, aber nicht gut.",de
5988,اليوم كان رائعًا,ar
5989,I love this!,en
5990,This is terrible...,en
5991,I am so tired of this nonsense.,en
5992,Ich bin enttäuscht.,de
5993,बहुत ही अच्छा प्रदर्शन!,hi
5994,Ich bin enttäuscht.,de
5995,من خیلی ناراحتم,fa
5996,बहुत ही अच्छा प्रदर्शन!,hi
5997,خوب بود اما می‌توانست بهتر باشد,fa
5998,Das war unglaublich!,de
5999,من خیلی ناراحتم,fa
6000,I am so tired of this nonsense.,en
6001,"Nicht schlecht, aber nicht gut.",de
6002,من خیلی ناراحتم,fa
6003,خوب بود اما می‌توانست بهتر باشد,fa
6004,اليوم كان رائعًا,ar
6005,What a beautiful day!,en
6006,I am so tired of this nonsense.,en
6007,मैं इससे खुश नहीं हूँ।,hi
6008,I am so tired of this nonsense.,en
6009,لا يعجبني هذا,ar
6010,What a beautiful day!,en
6011,Das war unglaublich!,de
6012,What a beautiful day!,en
6013,I am so tired of this nonsense.,en
6014,من خیلی ناراحتم,fa
6015,Absolutely fantastic experience!,en
6016,बहुत ही अच्छा प्रदर्शन!,hi
6017,Das war unglaublich!,de
6018,This is terrible...,en
6019,این بهترین روز من بود,fa
6020,Ich bin enttäuscht.,de
6021,مقبول لكنه ليس الأفضل,ar
6022,Ich bin enttäuscht.,de
6023,من خیلی ناراحتم,fa
6024,مقبول لكنه ليس الأفضل,ar
6025,बहुत ही अच्छा प्रदर्शन!,hi
6026,من خیلی ناراحتم,fa
6027,خوب بود اما می‌توانست بهتر باشد,fa
6028,اليوم كان رائعًا,ar
6029,مقبول لكنه ليس الأفضل,ar
6030,बहुत ही अच्छा प्रदर्शन!,hi
6031,اليوم كان رائعًا,ar
6032,"Nicht schlecht, aber nicht gut.",de
6033,Ich bin enttäuscht.,de
6034,I love this!,en
6035,यह ठीक था।,hi
6036,बहुत ही अच्छा प्रदर्शन!,hi
6037,What a beautiful day!,en
6038,این بهترین روز من بود,fa
6039,यह ठीक था।,hi
6040,مقبول لكنه ليس الأفضل,ar
6041,मैं इससे खुश नहीं हूँ।,hi
6042,I am so tired of this nonsense.,en
6043,What a beautiful day!,en
6044,من خیلی ناراحتم,fa
6045,बहुत ही अच्छा प्रदर्शन!,hi
6046,मैं इससे खुश नहीं हूँ।,hi
6047,यह ठीक था।,hi
6048,Worst day ever.,en
6049,मैं इससे खुश नहीं हूँ।,hi
6050,من خیلی ناراحتم,fa
6051,मैं इससे खुश नहीं हूँ।,hi
6052,This is terrible...,en
6053,मैं इससे खुश नहीं हूँ।,hi
6054,این بهترین روز من بود,fa
6055,این بهترین روز من بود,fa
6056,मैं इससे खुश नहीं हूँ।,hi
6057,Could be better.,en
6058,What a beautiful day!,en
6059,اليوم كان رائعًا,ar
6060,What a beautiful day!,en
6061,مقبول لكنه ليس الأفضل,ar
6062,This is terrible...,en
6063,मैं इससे खुश नहीं हूँ।,hi
6064,What a beautiful day!,en
6065,Worst day ever.,en
6066,मैं इससे खुश नहीं हूँ।,hi
6067,What a beautiful day!,en
6068,اليوم كان رائعًا,ar
6069,I am so tired of this nonsense.,en
6070,Absolutely fantastic experience!,en
6071,यह ठीक था।,hi
6072,لا يعجبني هذا,ar
6073,Could be better.,en
6074,Could be better.,en
6075,Worst day ever.,en
6076,यह ठीक था।,hi
6077,What a beautiful day!,en
6078,मैं इससे खुश नहीं हूँ।,hi
6079,"Nicht schlecht, aber nicht gut.",de
6080,Could be better.,en
6081,This is terrible...,en
6082,این بهترین روز من بود,fa
6083,Ich bin enttäuscht.,de
6084,این بهترین روز من بود,fa
6085,This is terrible...,en
6086,Das war unglaublich!,de
6087,I love this!,en
6088,Could be better.,en
6089,Ich bin enttäuscht.,de
6090,"Nicht schlecht, aber nicht gut.",de
6091,Ich bin enttäuscht.,de
6092,I love this!,en
6093,Das war unglaublich!,de
6094,Das war unglaublich!,de
6095,مقبول لكنه ليس الأفضل,ar
6096,Ich bin enttäuscht.,de
6097,I love this!,en
6098,What a beautiful day!,en
6099,Ich bin enttäuscht.,de
6100,I am so tired of this nonsense.,en
6101,I love this!,en
6102,मैं इससे खुश नहीं हूँ।,hi
6103,Could be better.,en
6104,Could be better.,en
6105,خوب بود اما می‌توانست بهتر باشد,fa
6106,बहुत ही अच्छा प्रदर्शन!,hi
6107,خوب بود اما می‌توانست بهتر باشد,fa
6108,خوب بود اما می‌توانست بهتر باشد,fa
6109,I love this!,en
6110,I am so tired of this nonsense.,en
6111,خوب بود اما می‌توانست بهتر باشد,fa
6112,बहुत ही अच्छा प्रदर्शन!,hi
6113,لا يعجبني هذا,ar
6114,من خیلی ناراحتم,fa
6115,اليوم كان رائعًا,ar
6116,What a beautiful day!,en
6117,"Nicht schlecht, aber nicht gut.",de
6118,اليوم كان رائعًا,ar
6119,मैं इससे खुश नहीं हूँ।,hi
6120,यह ठीक था।,hi
6121,Worst day ever.,en
6122,این بهترین روز من بود,fa
6123,"Nicht schlecht, aber nicht gut.",de
6124,What a beautiful day!,en
6125,خوب بود اما می‌توانست بهتر باشد,fa
6126,What a beautiful day!,en
6127,Absolutely fantastic experience!,en
6128,"Nicht schlecht, aber nicht gut.",de
6129,اليوم كان رائعًا,ar
6130,Could be better.,en
6131,Absolutely fantastic experience!,en
6132,Could be better.,en
6133,Ich bin enttäuscht.,de
6134,What a beautiful day!,en
6135,बहुत ही अच्छा प्रदर्शन!,hi
6136,خوب بود اما می‌توانست بهتر باشد,fa
6137,बहुत ही अच्छा प्रदर्शन!,hi
6138,What a beautiful day!,en
6139,Could be better.,en
6140,What a beautiful day!,en
6141,मैं इससे खुश नहीं हूँ।,hi
6142,Worst day ever.,en
6143,I am so tired of this nonsense.,en
6144,मैं इससे खुश नहीं हूँ।,hi
6145,"Nicht schlecht, aber nicht gut.",de
6146,Ich bin enttäuscht.,de
6147,I am so tired of this nonsense.,en
6148,What a beautiful day!,en
6149,مقبول لكنه ليس الأفضل,ar
6150,Worst day ever.,en
6151,لا يعجبني هذا,ar
6152,Ich bin enttäuscht.,de
6153,خوب بود اما می‌توانست بهتر باشد,fa
6154,من خیلی ناراحتم,fa
6155,من خیلی ناراحتم,fa
6156,What a beautiful day!,en
6157,Ich bin enttäuscht.,de
6158,Absolutely fantastic experience!,en
6159,Ich bin enttäuscht.,de
6160,اليوم كان رائعًا,ar
6161,बहुत ही अच्छा प्रदर्शन!,hi
6162,Could be better.,en
6163,Worst day ever.,en
6164,What a beautiful day!,en
6165,मैं इससे खुश नहीं हूँ।,hi
6166,यह ठीक था।,hi
6167,خوب بود اما می‌توانست بهتر باشد,fa
6168,Absolutely fantastic experience!,en
6169,Worst day ever.,en
6170,This is terrible...,en
6171,Worst day ever.,en
6172,Das war unglaublich!,de
6173,मैं इससे खुश नहीं हूँ।,hi
6174,اليوم كان رائعًا,ar
6175,Das war unglaublich!,de
6176,मैं इससे खुश नहीं हूँ।,hi
6177,من خیلی ناراحتم,fa
6178,Absolutely fantastic experience!,en
6179,मैं इससे खुश नहीं हूँ।,hi
6180,Could be better.,en
6181,यह ठीक था।,hi
6182,यह ठीक था।,hi
6183,बहुत ही अच्छा प्रदर्शन!,hi
6184,Das war unglaublich!,de
6185,I am so tired of this nonsense.,en
6186,यह ठीक था।,hi
6187,Ich bin enttäuscht.,de
6188,مقبول لكنه ليس الأفضل,ar
6189,I am so tired of this nonsense.,en
6190,خوب بود اما می‌توانست بهتر باشد,fa
6191,Das war unglaublich!,de
6192,خوب بود اما می‌توانست بهتر باشد,fa
6193,I am so tired of this nonsense.,en
6194,Worst day ever.,en
6195,این بهترین روز من بود,fa
6196,I love this!,en
6197,Ich bin enttäuscht.,de
6198,What a beautiful day!,en
6199,I love this!,en
6200,यह ठीक था।,hi
6201,Das war unglaublich!,de
6202,Could be better.,en
6203,यह ठीक था।,hi
6204,این بهترین روز من بود,fa
6205,This is terrible...,en
6206,I am so tired of this nonsense.,en
6207,This is terrible...,en
6208,मैं इससे खुश नहीं हूँ।,hi
6209,I am so tired of this nonsense.,en
6210,"Nicht schlecht, aber nicht gut.",de
6211,مقبول لكنه ليس الأفضل,ar
6212,این بهترین روز من بود,fa
6213,خوب بود اما می‌توانست بهتر باشد,fa
6214,I am so tired of this nonsense.,en
6215,Worst day ever.,en
6216,لا يعجبني هذا,ar
6217,این بهترین روز من بود,fa
6218,Ich bin enttäuscht.,de
6219,I am so tired of this nonsense.,en
6220,यह ठीक था।,hi
6221,خوب بود اما می‌توانست بهتر باشد,fa
6222,Das war unglaublich!,de
6223,Worst day ever.,en
6224,बहुत ही अच्छा प्रदर्शन!,hi
6225,Ich bin enttäuscht.,de
6226,Ich bin enttäuscht.,de
6227,I love this!,en
6228,Could be better.,en
6229,اليوم كان رائعًا,ar
6230,मैं इससे खुश नहीं हूँ।,hi
6231,Worst day ever.,en
6232,خوب بود اما می‌توانست بهتر باشد,fa
6233,Could be better.,en
6234,मैं इससे खुश नहीं हूँ।,hi
6235,این بهترین روز من بود,fa
6236,"Nicht schlecht, aber nicht gut.",de
6237,اليوم كان رائعًا,ar
6238,لا يعجبني هذا,ar
6239,Could be better.,en
6240,I am so tired of this nonsense.,en
6241,I am so tired of this nonsense.,en
6242,خوب بود اما می‌توانست بهتر باشد,fa
6243,من خیلی ناراحتم,fa
6244,Worst day ever.,en
6245,यह ठीक था।,hi
6246,این بهترین روز من بود,fa
6247,Das war unglaublich!,de
6248,این بهترین روز من بود,fa
6249,"Nicht schlecht, aber nicht gut.",de
6250,اليوم كان رائعًا,ar
6251,What a beautiful day!,en
6252,این بهترین روز من بود,fa
6253,Das war unglaublich!,de
6254,What a beautiful day!,en
6255,من خیلی ناراحتم,fa
6256,I am so tired of this nonsense.,en
6257,What a beautiful day!,en
6258,What a beautiful day!,en
6259,لا يعجبني هذا,ar
6260,خوب بود اما می‌توانست بهتر باشد,fa
6261,Ich bin enttäuscht.,de
6262,Absolutely fantastic experience!,en
6263,Could be better.,en
6264,I love this!,en
6265,لا يعجبني هذا,ar
6266,Das war unglaublich!,de
6267,من خیلی ناراحتم,fa
6268,I am so tired of this nonsense.,en
6269,Absolutely fantastic experience!,en
6270,مقبول لكنه ليس الأفضل,ar
6271,Das war unglaublich!,de
6272,لا يعجبني هذا,ar
6273,خوب بود اما می‌توانست بهتر باشد,fa
6274,مقبول لكنه ليس الأفضل,ar
6275,Das war unglaublich!,de
6276,"Nicht schlecht, aber nicht gut.",de
6277,Worst day ever.,en
6278,Absolutely fantastic experience!,en
6279,من خیلی ناراحتم,fa
6280,مقبول لكنه ليس الأفضل,ar
6281,मैं इससे खुश नहीं हूँ।,hi
6282,मैं इससे खुश नहीं हूँ।,hi
6283,خوب بود اما می‌توانست بهتر باشد,fa
6284,من خیلی ناراحتم,fa
6285,This is terrible...,en
6286,Ich bin enttäuscht.,de
6287,Ich bin enttäuscht.,de
6288,I am so tired of this nonsense.,en
6289,Could be better.,en
6290,Ich bin enttäuscht.,de
6291,Could be better.,en
6292,این بهترین روز من بود,fa
6293,لا يعجبني هذا,ar
6294,यह ठीक था।,hi
6295,This is terrible...,en
6296,I love this!,en
6297,لا يعجبني هذا,ar
6298,این بهترین روز من بود,fa
6299,What a beautiful day!,en
6300,मैं इससे खुश नहीं हूँ।,hi
6301,Ich bin enttäuscht.,de
6302,Could be better.,en
6303,यह ठीक था।,hi
6304,من خیلی ناراحتم,fa
6305,This is terrible...,en
6306,This is terrible...,en
6307,خوب بود اما می‌توانست بهتر باشد,fa
6308,मैं इससे खुश नहीं हूँ।,hi
6309,I love this!,en
6310,من خیلی ناراحتم,fa
6311,बहुत ही अच्छा प्रदर्शन!,hi
6312,I love this!,en
6313,مقبول لكنه ليس الأفضل,ar
6314,मैं इससे खुश नहीं हूँ।,hi
6315,"Nicht schlecht, aber nicht gut.",de
6316,Absolutely fantastic experience!,en
6317,This is terrible...,en
6318,मैं इससे खुश नहीं हूँ।,hi
6319,What a beautiful day!,en
6320,اليوم كان رائعًا,ar
6321,This is terrible...,en
6322,لا يعجبني هذا,ar
6323,I am so tired of this nonsense.,en
6324,اليوم كان رائعًا,ar
6325,Das war unglaublich!,de
6326,यह ठीक था।,hi
6327,Das war unglaublich!,de
6328,Ich bin enttäuscht.,de
6329,This is terrible...,en
6330,This is terrible...,en
6331,I am so tired of this nonsense.,en
6332,Das war unglaublich!,de
6333,مقبول لكنه ليس الأفضل,ar
6334,لا يعجبني هذا,ar
6335,What a beautiful day!,en
6336,Could be better.,en
6337,"Nicht schlecht, aber nicht gut.",de
6338,I am so tired of this nonsense.,en
6339,This is terrible...,en
6340,"Nicht schlecht, aber nicht gut.",de
6341,What a beautiful day!,en
6342,This is terrible...,en
6343,من خیلی ناراحتم,fa
6344,Worst day ever.,en
6345,Worst day ever.,en
6346,बहुत ही अच्छा प्रदर्शन!,hi
6347,من خیلی ناراحتم,fa
6348,مقبول لكنه ليس الأفضل,ar
6349,What a beautiful day!,en
6350,I love this!,en
6351,बहुत ही अच्छा प्रदर्शन!,hi
6352,Worst day ever.,en
6353,اليوم كان رائعًا,ar
6354,I love this!,en
6355,This is terrible...,en
6356,Absolutely fantastic experience!,en
6357,من خیلی ناراحتم,fa
6358,من خیلی ناراحتم,fa
6359,"Nicht schlecht, aber nicht gut.",de
6360,Worst day ever.,en
6361,I love this!,en
6362,"Nicht schlecht, aber nicht gut.",de
6363,Das war unglaublich!,de
6364,Worst day ever.,en
6365,مقبول لكنه ليس الأفضل,ar
6366,Could be better.,en
6367,خوب بود اما می‌توانست بهتر باشد,fa
6368,I love this!,en
6369,مقبول لكنه ليس الأفضل,ar
6370,Das war unglaublich!,de
6371,Absolutely fantastic experience!,en
6372,خوب بود اما می‌توانست بهتر باشد,fa
6373,این بهترین روز من بود,fa
6374,I am so tired of this nonsense.,en
6375,من خیلی ناراحتم,fa
6376,Ich bin enttäuscht.,de
6377,خوب بود اما می‌توانست بهتر باشد,fa
6378,What a beautiful day!,en
6379,What a beautiful day!,en
6380,This is terrible...,en
6381,مقبول لكنه ليس الأفضل,ar
6382,اليوم كان رائعًا,ar
6383,لا يعجبني هذا,ar
6384,"Nicht schlecht, aber nicht gut.",de
6385,"Nicht schlecht, aber nicht gut.",de
6386,यह ठीक था।,hi
6387,این بهترین روز من بود,fa
6388,Das war unglaublich!,de
6389,Das war unglaublich!,de
6390,बहुत ही अच्छा प्रदर्शन!,hi
6391,Das war unglaublich!,de
6392,What a beautiful day!,en
6393,Worst day ever.,en
6394,बहुत ही अच्छा प्रदर्शन!,hi
6395,बहुत ही अच्छा प्रदर्शन!,hi
6396,Absolutely fantastic experience!,en
6397,Das war unglaublich!,de
6398,"Nicht schlecht, aber nicht gut.",de
6399,यह ठीक था।,hi
6400,बहुत ही अच्छा प्रदर्शन!,hi
6401,Absolutely fantastic experience!,en
6402,Absolutely fantastic experience!,en
6403,لا يعجبني هذا,ar
6404,"Nicht schlecht, aber nicht gut.",de
6405,لا يعجبني هذا,ar
6406,من خیلی ناراحتم,fa
6407,Could be better.,en
6408,This is terrible...,en
6409,Ich bin enttäuscht.,de
6410,مقبول لكنه ليس الأفضل,ar
6411,Absolutely fantastic experience!,en
6412,مقبول لكنه ليس الأفضل,ar
6413,Could be better.,en
6414,Ich bin enttäuscht.,de
6415,I love this!,en
6416,Absolutely fantastic experience!,en
6417,Worst day ever.,en
6418,बहुत ही अच्छा प्रदर्शन!,hi
6419,Worst day ever.,en
6420,مقبول لكنه ليس الأفضل,ar
6421,خوب بود اما می‌توانست بهتر باشد,fa
6422,Ich bin enttäuscht.,de
6423,This is terrible...,en
6424,من خیلی ناراحتم,fa
6425,I love this!,en
6426,मैं इससे खुश नहीं हूँ।,hi
6427,لا يعجبني هذا,ar
6428,Worst day ever.,en
6429,این بهترین روز من بود,fa
6430,Das war unglaublich!,de
6431,I love this!,en
6432,Ich bin enttäuscht.,de
6433,This is terrible...,en
6434,I love this!,en
6435,Ich bin enttäuscht.,de
6436,مقبول لكنه ليس الأفضل,ar
6437,اليوم كان رائعًا,ar
6438,बहुत ही अच्छा प्रदर्शन!,hi
6439,مقبول لكنه ليس الأفضل,ar
6440,این بهترین روز من بود,fa
6441,I am so tired of this nonsense.,en
6442,I am so tired of this nonsense.,en
6443,Das war unglaublich!,de
6444,Absolutely fantastic experience!,en
6445,خوب بود اما می‌توانست بهتر باشد,fa
6446,من خیلی ناراحتم,fa
6447,من خیلی ناراحتم,fa
6448,خوب بود اما می‌توانست بهتر باشد,fa
6449,I love this!,en
6450,I love this!,en
6451,مقبول لكنه ليس الأفضل,ar
6452,اليوم كان رائعًا,ar
6453,این بهترین روز من بود,fa
6454,"Nicht schlecht, aber nicht gut.",de
6455,مقبول لكنه ليس الأفضل,ar
6456,यह ठीक था।,hi
6457,"Nicht schlecht, aber nicht gut.",de
6458,Could be better.,en
6459,این بهترین روز من بود,fa
6460,What a beautiful day!,en
6461,"Nicht schlecht, aber nicht gut.",de
6462,اليوم كان رائعًا,ar
6463,Das war unglaublich!,de
6464,من خیلی ناراحتم,fa
6465,यह ठीक था।,hi
6466,من خیلی ناراحتم,fa
6467,این بهترین روز من بود,fa
6468,Worst day ever.,en
6469,خوب بود اما می‌توانست بهتر باشد,fa
6470,यह ठीक था।,hi
6471,لا يعجبني هذا,ar
6472,Worst day ever.,en
6473,I love this!,en
6474,لا يعجبني هذا,ar
6475,"Nicht schlecht, aber nicht gut.",de
6476,What a beautiful day!,en
6477,خوب بود اما می‌توانست بهتر باشد,fa
6478,I am so tired of this nonsense.,en
6479,این بهترین روز من بود,fa
6480,اليوم كان رائعًا,ar
6481,Ich bin enttäuscht.,de
6482,Das war unglaublich!,de
6483,Das war unglaublich!,de
6484,बहुत ही अच्छा प्रदर्शन!,hi
6485,Absolutely fantastic experience!,en
6486,اليوم كان رائعًا,ar
6487,Absolutely fantastic experience!,en
6488,لا يعجبني هذا,ar
6489,बहुत ही अच्छा प्रदर्शन!,hi
6490,मैं इससे खुश नहीं हूँ।,hi
6491,This is terrible...,en
6492,Worst day ever.,en
6493,मैं इससे खुश नहीं हूँ।,hi
6494,Absolutely fantastic experience!,en
6495,I love this!,en
6496,यह ठीक था।,hi
6497,مقبول لكنه ليس الأفضل,ar
6498,مقبول لكنه ليس الأفضل,ar
6499,यह ठीक था।,hi
6500,"Nicht schlecht, aber nicht gut.",de
6501,What a beautiful day!,en
6502,Das war unglaublich!,de
6503,Could be better.,en
6504,مقبول لكنه ليس الأفضل,ar
6505,I am so tired of this nonsense.,en
6506,Das war unglaublich!,de
6507,این بهترین روز من بود,fa
6508,What a beautiful day!,en
6509,Das war unglaublich!,de
6510,I am so tired of this nonsense.,en
6511,I am so tired of this nonsense.,en
6512,"Nicht schlecht, aber nicht gut.",de
6513,This is terrible...,en
6514,यह ठीक था।,hi
6515,Absolutely fantastic experience!,en
6516,Worst day ever.,en
6517,मैं इससे खुश नहीं हूँ।,hi
6518,Das war unglaublich!,de
6519,Ich bin enttäuscht.,de
6520,Absolutely fantastic experience!,en
6521,Ich bin enttäuscht.,de
6522,This is terrible...,en
6523,मैं इससे खुश नहीं हूँ।,hi
6524,यह ठीक था।,hi
6525,Absolutely fantastic experience!,en
6526,این بهترین روز من بود,fa
6527,Worst day ever.,en
6528,What a beautiful day!,en
6529,اليوم كان رائعًا,ar
6530,Absolutely fantastic experience!,en
6531,مقبول لكنه ليس الأفضل,ar
6532,This is terrible...,en
6533,Worst day ever.,en
6534,I am so tired of this nonsense.,en
6535,I am so tired of this nonsense.,en
6536,من خیلی ناراحتم,fa
6537,Ich bin enttäuscht.,de
6538,این بهترین روز من بود,fa
6539,बहुत ही अच्छा प्रदर्शन!,hi
6540,مقبول لكنه ليس الأفضل,ar
6541,I love this!,en
6542,"Nicht schlecht, aber nicht gut.",de
6543,لا يعجبني هذا,ar
6544,Das war unglaublich!,de
6545,مقبول لكنه ليس الأفضل,ar
6546,من خیلی ناراحتم,fa
6547,Could be better.,en
6548,خوب بود اما می‌توانست بهتر باشد,fa
6549,مقبول لكنه ليس الأفضل,ar
6550,What a beautiful day!,en
6551,This is terrible...,en
6552,Das war unglaublich!,de
6553,این بهترین روز من بود,fa
6554,I love this!,en
6555,Absolutely fantastic experience!,en
6556,मैं इससे खुश नहीं हूँ।,hi
6557,I love this!,en
6558,Absolutely fantastic experience!,en
6559,خوب بود اما می‌توانست بهتر باشد,fa
6560,What a beautiful day!,en
6561,मैं इससे खुश नहीं हूँ।,hi
6562,Das war unglaublich!,de
6563,I am so tired of this nonsense.,en
6564,Could be better.,en
6565,Worst day ever.,en
6566,اليوم كان رائعًا,ar
6567,मैं इससे खुश नहीं हूँ।,hi
6568,مقبول لكنه ليس الأفضل,ar
6569,مقبول لكنه ليس الأفضل,ar
6570,This is terrible...,en
6571,Das war unglaublich!,de
6572,I am so tired of this nonsense.,en
6573,This is terrible...,en
6574,Could be better.,en
6575,Worst day ever.,en
6576,"Nicht schlecht, aber nicht gut.",de
6577,من خیلی ناراحتم,fa
6578,मैं इससे खुश नहीं हूँ।,hi
6579,बहुत ही अच्छा प्रदर्शन!,hi
6580,बहुत ही अच्छा प्रदर्शन!,hi
6581,Worst day ever.,en
6582,Worst day ever.,en
6583,Worst day ever.,en
6584,This is terrible...,en
6585,Worst day ever.,en
6586,What a beautiful day!,en
6587,Absolutely fantastic experience!,en
6588,"Nicht schlecht, aber nicht gut.",de
6589,Could be better.,en
6590,Das war unglaublich!,de
6591,Absolutely fantastic experience!,en
6592,This is terrible...,en
6593,Absolutely fantastic experience!,en
6594,خوب بود اما می‌توانست بهتر باشد,fa
6595,Absolutely fantastic experience!,en
6596,این بهترین روز من بود,fa
6597,مقبول لكنه ليس الأفضل,ar
6598,مقبول لكنه ليس الأفضل,ar
6599,لا يعجبني هذا,ar
6600,اليوم كان رائعًا,ar
6601,This is terrible...,en
6602,बहुत ही अच्छा प्रदर्शन!,hi
6603,من خیلی ناراحتم,fa
6604,این بهترین روز من بود,fa
6605,I love this!,en
6606,मैं इससे खुश नहीं हूँ।,hi
6607,I love this!,en
6608,مقبول لكنه ليس الأفضل,ar
6609,اليوم كان رائعًا,ar
6610,لا يعجبني هذا,ar
6611,I am so tired of this nonsense.,en
6612,I love this!,en
6613,Absolutely fantastic experience!,en
6614,I love this!,en
6615,مقبول لكنه ليس الأفضل,ar
6616,Could be better.,en
6617,لا يعجبني هذا,ar
6618,Worst day ever.,en
6619,मैं इससे खुश नहीं हूँ।,hi
6620,I am so tired of this nonsense.,en
6621,"Nicht schlecht, aber nicht gut.",de
6622,"Nicht schlecht, aber nicht gut.",de
6623,Worst day ever.,en
6624,اليوم كان رائعًا,ar
6625,لا يعجبني هذا,ar
6626,Absolutely fantastic experience!,en
6627,This is terrible...,en
6628,لا يعجبني هذا,ar
6629,اليوم كان رائعًا,ar
6630,لا يعجبني هذا,ar
6631,Could be better.,en
6632,What a beautiful day!,en
6633,لا يعجبني هذا,ar
6634,Could be better.,en
6635,من خیلی ناراحتم,fa
6636,मैं इससे खुश नहीं हूँ।,hi
6637,Absolutely fantastic experience!,en
6638,बहुत ही अच्छा प्रदर्शन!,hi
6639,बहुत ही अच्छा प्रदर्शन!,hi
6640,Absolutely fantastic experience!,en
6641,Das war unglaublich!,de
6642,What a beautiful day!,en
6643,यह ठीक था।,hi
6644,मैं इससे खुश नहीं हूँ।,hi
6645,What a beautiful day!,en
6646,لا يعجبني هذا,ar
6647,خوب بود اما می‌توانست بهتر باشد,fa
6648,لا يعجبني هذا,ar
6649,I love this!,en
6650,خوب بود اما می‌توانست بهتر باشد,fa
6651,اليوم كان رائعًا,ar
6652,Das war unglaublich!,de
6653,This is terrible...,en
6654,Das war unglaublich!,de
6655,This is terrible...,en
6656,What a beautiful day!,en
6657,خوب بود اما می‌توانست بهتر باشد,fa
6658,اليوم كان رائعًا,ar
6659,This is terrible...,en
6660,مقبول لكنه ليس الأفضل,ar
6661,यह ठीक था।,hi
6662,Absolutely fantastic experience!,en
6663,This is terrible...,en
6664,What a beautiful day!,en
6665,मैं इससे खुश नहीं हूँ।,hi
6666,مقبول لكنه ليس الأفضل,ar
6667,Das war unglaublich!,de
6668,यह ठीक था।,hi
6669,Absolutely fantastic experience!,en
6670,Das war unglaublich!,de
6671,I love this!,en
6672,यह ठीक था।,hi
6673,اليوم كان رائعًا,ar
6674,मैं इससे खुश नहीं हूँ।,hi
6675,Could be better.,en
6676,من خیلی ناراحتم,fa
6677,बहुत ही अच्छा प्रदर्शन!,hi
6678,बहुत ही अच्छा प्रदर्शन!,hi
6679,Could be better.,en
6680,यह ठीक था।,hi
6681,मैं इससे खुश नहीं हूँ।,hi
6682,اليوم كان رائعًا,ar
6683,Worst day ever.,en
6684,لا يعجبني هذا,ar
6685,I am so tired of this nonsense.,en
6686,मैं इससे खुश नहीं हूँ।,hi
6687,اليوم كان رائعًا,ar
6688,Worst day ever.,en
6689,Ich bin enttäuscht.,de
6690,यह ठीक था।,hi
6691,این بهترین روز من بود,fa
6692,I love this!,en
6693,I love this!,en
6694,What a beautiful day!,en
6695,اليوم كان رائعًا,ar
6696,لا يعجبني هذا,ar
6697,I love this!,en
6698,خوب بود اما می‌توانست بهتر باشد,fa
6699,I am so tired of this nonsense.,en
6700,مقبول لكنه ليس الأفضل,ar
6701,Absolutely fantastic experience!,en
6702,"Nicht schlecht, aber nicht gut.",de
6703,I am so tired of this nonsense.,en
6704,Absolutely fantastic experience!,en
6705,اليوم كان رائعًا,ar
6706,I am so tired of this nonsense.,en
6707,मैं इससे खुश नहीं हूँ।,hi
6708,यह ठीक था।,hi
6709,مقبول لكنه ليس الأفضل,ar
6710,لا يعجبني هذا,ar
6711,Das war unglaublich!,de
6712,This is terrible...,en
6713,این بهترین روز من بود,fa
6714,I love this!,en
6715,اليوم كان رائعًا,ar
6716,Ich bin enttäuscht.,de
6717,बहुत ही अच्छा प्रदर्शन!,hi
6718,این بهترین روز من بود,fa
6719,Worst day ever.,en
6720,لا يعجبني هذا,ar
6721,من خیلی ناراحتم,fa
6722,اليوم كان رائعًا,ar
6723,خوب بود اما می‌توانست بهتر باشد,fa
6724,من خیلی ناراحتم,fa
6725,من خیلی ناراحتم,fa
6726,बहुत ही अच्छा प्रदर्शन!,hi
6727,مقبول لكنه ليس الأفضل,ar
6728,اليوم كان رائعًا,ar
6729,من خیلی ناراحتم,fa
6730,خوب بود اما می‌توانست بهتر باشد,fa
6731,मैं इससे खुश नहीं हूँ।,hi
6732,مقبول لكنه ليس الأفضل,ar
6733,"Nicht schlecht, aber nicht gut.",de
6734,यह ठीक था।,hi
6735,I love this!,en
6736,This is terrible...,en
6737,"Nicht schlecht, aber nicht gut.",de
6738,"Nicht schlecht, aber nicht gut.",de
6739,Worst day ever.,en
6740,I love this!,en
6741,Ich bin enttäuscht.,de
6742,Das war unglaublich!,de
6743,यह ठीक था।,hi
6744,This is terrible...,en
6745,Could be better.,en
6746,मैं इससे खुश नहीं हूँ।,hi
6747,"Nicht schlecht, aber nicht gut.",de
6748,What a beautiful day!,en
6749,Absolutely fantastic experience!,en
6750,مقبول لكنه ليس الأفضل,ar
6751,यह ठीक था।,hi
6752,बहुत ही अच्छा प्रदर्शन!,hi
6753,What a beautiful day!,en
6754,Das war unglaublich!,de
6755,Could be better.,en
6756,I love this!,en
6757,I am so tired of this nonsense.,en
6758,Ich bin enttäuscht.,de
6759,Das war unglaublich!,de
6760,I am so tired of this nonsense.,en
6761,I am so tired of this nonsense.,en
6762,اليوم كان رائعًا,ar
6763,لا يعجبني هذا,ar
6764,"Nicht schlecht, aber nicht gut.",de
6765,मैं इससे खुश नहीं हूँ।,hi
6766,मैं इससे खुश नहीं हूँ।,hi
6767,Ich bin enttäuscht.,de
6768,I am so tired of this nonsense.,en
6769,"Nicht schlecht, aber nicht gut.",de
6770,این بهترین روز من بود,fa
6771,यह ठीक था।,hi
6772,"Nicht schlecht, aber nicht gut.",de
6773,"Nicht schlecht, aber nicht gut.",de
6774,من خیلی ناراحتم,fa
6775,I am so tired of this nonsense.,en
6776,यह ठीक था।,hi
6777,मैं इससे खुश नहीं हूँ।,hi
6778,"Nicht schlecht, aber nicht gut.",de
6779,"Nicht schlecht, aber nicht gut.",de
6780,Absolutely fantastic experience!,en
6781,اليوم كان رائعًا,ar
6782,Could be better.,en
6783,خوب بود اما می‌توانست بهتر باشد,fa
6784,मैं इससे खुश नहीं हूँ।,hi
6785,This is terrible...,en
6786,This is terrible...,en
6787,यह ठीक था।,hi
6788,این بهترین روز من بود,fa
6789,Das war unglaublich!,de
6790,यह ठीक था।,hi
6791,Could be better.,en
6792,اليوم كان رائعًا,ar
6793,I love this!,en
6794,Could be better.,en
6795,यह ठीक था।,hi
6796,मैं इससे खुश नहीं हूँ।,hi
6797,Absolutely fantastic experience!,en
6798,This is terrible...,en
6799,What a beautiful day!,en
6800,This is terrible...,en
6801,Absolutely fantastic experience!,en
6802,مقبول لكنه ليس الأفضل,ar
6803,مقبول لكنه ليس الأفضل,ar
6804,خوب بود اما می‌توانست بهتر باشد,fa
6805,यह ठीक था।,hi
6806,What a beautiful day!,en
6807,What a beautiful day!,en
6808,Ich bin enttäuscht.,de
6809,What a beautiful day!,en
6810,Absolutely fantastic experience!,en
6811,Ich bin enttäuscht.,de
6812,من خیلی ناراحتم,fa
6813,Das war unglaublich!,de
6814,यह ठीक था।,hi
6815,Could be better.,en
6816,Worst day ever.,en
6817,لا يعجبني هذا,ar
6818,I love this!,en
6819,बहुत ही अच्छा प्रदर्शन!,hi
6820,मैं इससे खुश नहीं हूँ।,hi
6821,What a beautiful day!,en
6822,This is terrible...,en
6823,Absolutely fantastic experience!,en
6824,لا يعجبني هذا,ar
6825,لا يعجبني هذا,ar
6826,Ich bin enttäuscht.,de
6827,"Nicht schlecht, aber nicht gut.",de
6828,मैं इससे खुश नहीं हूँ।,hi
6829,Could be better.,en
6830,Das war unglaublich!,de
6831,यह ठीक था।,hi
6832,Absolutely fantastic experience!,en
6833,I love this!,en
6834,मैं इससे खुश नहीं हूँ।,hi
6835,बहुत ही अच्छा प्रदर्शन!,hi
6836,मैं इससे खुश नहीं हूँ।,hi
6837,من خیلی ناراحتم,fa
6838,बहुत ही अच्छा प्रदर्शन!,hi
6839,I am so tired of this nonsense.,en
6840,What a beautiful day!,en
6841,اليوم كان رائعًا,ar
6842,مقبول لكنه ليس الأفضل,ar
6843,Absolutely fantastic experience!,en
6844,मैं इससे खुश नहीं हूँ।,hi
6845,Das war unglaublich!,de
6846,این بهترین روز من بود,fa
6847,من خیلی ناراحتم,fa
6848,لا يعجبني هذا,ar
6849,बहुत ही अच्छा प्रदर्शन!,hi
6850,Worst day ever.,en
6851,"Nicht schlecht, aber nicht gut.",de
6852,Worst day ever.,en
6853,What a beautiful day!,en
6854,این بهترین روز من بود,fa
6855,Could be better.,en
6856,خوب بود اما می‌توانست بهتر باشد,fa
6857,I love this!,en
6858,Das war unglaublich!,de
6859,I love this!,en
6860,यह ठीक था।,hi
6861,बहुत ही अच्छा प्रदर्शन!,hi
6862,من خیلی ناراحتم,fa
6863,मैं इससे खुश नहीं हूँ।,hi
6864,यह ठीक था।,hi
6865,خوب بود اما می‌توانست بهتر باشد,fa
6866,I am so tired of this nonsense.,en
6867,مقبول لكنه ليس الأفضل,ar
6868,Das war unglaublich!,de
6869,مقبول لكنه ليس الأفضل,ar
6870,اليوم كان رائعًا,ar
6871,خوب بود اما می‌توانست بهتر باشد,fa
6872,Ich bin enttäuscht.,de
6873,خوب بود اما می‌توانست بهتر باشد,fa
6874,What a beautiful day!,en
6875,این بهترین روز من بود,fa
6876,I love this!,en
6877,This is terrible...,en
6878,Ich bin enttäuscht.,de
6879,This is terrible...,en
6880,Absolutely fantastic experience!,en
6881,من خیلی ناراحتم,fa
6882,"Nicht schlecht, aber nicht gut.",de
6883,Das war unglaublich!,de
6884,What a beautiful day!,en
6885,मैं इससे खुश नहीं हूँ।,hi
6886,Absolutely fantastic experience!,en
6887,I am so tired of this nonsense.,en
6888,I am so tired of this nonsense.,en
6889,"Nicht schlecht, aber nicht gut.",de
6890,خوب بود اما می‌توانست بهتر باشد,fa
6891,من خیلی ناراحتم,fa
6892,Das war unglaublich!,de
6893,این بهترین روز من بود,fa
6894,Ich bin enttäuscht.,de
6895,I am so tired of this nonsense.,en
6896,This is terrible...,en
6897,خوب بود اما می‌توانست بهتر باشد,fa
6898,Ich bin enttäuscht.,de
6899,I love this!,en
6900,"Nicht schlecht, aber nicht gut.",de
6901,"Nicht schlecht, aber nicht gut.",de
6902,बहुत ही अच्छा प्रदर्शन!,hi
6903,"Nicht schlecht, aber nicht gut.",de
6904,Worst day ever.,en
6905,Could be better.,en
6906,This is terrible...,en
6907,این بهترین روز من بود,fa
6908,لا يعجبني هذا,ar
6909,Ich bin enttäuscht.,de
6910,Worst day ever.,en
6911,Worst day ever.,en
6912,I love this!,en
6913,Das war unglaublich!,de
6914,This is terrible...,en
6915,خوب بود اما می‌توانست بهتر باشد,fa
6916,"Nicht schlecht, aber nicht gut.",de
6917,I love this!,en
6918,اليوم كان رائعًا,ar
6919,This is terrible...,en
6920,لا يعجبني هذا,ar
6921,I am so tired of this nonsense.,en
6922,यह ठीक था।,hi
6923,"Nicht schlecht, aber nicht gut.",de
6924,This is terrible...,en
6925,خوب بود اما می‌توانست بهتر باشد,fa
6926,"Nicht schlecht, aber nicht gut.",de
6927,Das war unglaublich!,de
6928,I am so tired of this nonsense.,en
6929,اليوم كان رائعًا,ar
6930,I am so tired of this nonsense.,en
6931,من خیلی ناراحتم,fa
6932,Das war unglaublich!,de
6933,Absolutely fantastic experience!,en
6934,What a beautiful day!,en
6935,Worst day ever.,en
6936,خوب بود اما می‌توانست بهتر باشد,fa
6937,यह ठीक था।,hi
6938,Absolutely fantastic experience!,en
6939,"Nicht schlecht, aber nicht gut.",de
6940,مقبول لكنه ليس الأفضل,ar
6941,Worst day ever.,en
6942,خوب بود اما می‌توانست بهتر باشد,fa
6943,من خیلی ناراحتم,fa
6944,Ich bin enttäuscht.,de
6945,خوب بود اما می‌توانست بهتر باشد,fa
6946,Das war unglaublich!,de
6947,Das war unglaublich!,de
6948,Ich bin enttäuscht.,de
6949,This is terrible...,en
6950,यह ठीक था।,hi
6951,این بهترین روز من بود,fa
6952,Ich bin enttäuscht.,de
6953,I love this!,en
6954,اليوم كان رائعًا,ar
6955,"Nicht schlecht, aber nicht gut.",de
6956,خوب بود اما می‌توانست بهتر باشد,fa
6957,خوب بود اما می‌توانست بهتر باشد,fa
6958,مقبول لكنه ليس الأفضل,ar
6959,बहुत ही अच्छा प्रदर्शन!,hi
6960,لا يعجبني هذا,ar
6961,मैं इससे खुश नहीं हूँ।,hi
6962,What a beautiful day!,en
6963,Absolutely fantastic experience!,en
6964,لا يعجبني هذا,ar
6965,Worst day ever.,en
6966,لا يعجبني هذا,ar
6967,Das war unglaublich!,de
6968,من خیلی ناراحتم,fa
6969,मैं इससे खुश नहीं हूँ।,hi
6970,What a beautiful day!,en
6971,I am so tired of this nonsense.,en
6972,"Nicht schlecht, aber nicht gut.",de
6973,من خیلی ناراحتم,fa
6974,Ich bin enttäuscht.,de
6975,Ich bin enttäuscht.,de
6976,این بهترین روز من بود,fa
6977,बहुत ही अच्छा प्रदर्शन!,hi
6978,I am so tired of this nonsense.,en
6979,این بهترین روز من بود,fa
6980,من خیلی ناراحتم,fa
6981,I am so tired of this nonsense.,en
6982,Ich bin enttäuscht.,de
6983,Ich bin enttäuscht.,de
6984,خوب بود اما می‌توانست بهتر باشد,fa
6985,This is terrible...,en
6986,اليوم كان رائعًا,ar
6987,اليوم كان رائعًا,ar
6988,Worst day ever.,en
6989,मैं इससे खुश नहीं हूँ।,hi
6990,Ich bin enttäuscht.,de
6991,خوب بود اما می‌توانست بهتر باشد,fa
6992,مقبول لكنه ليس الأفضل,ar
6993,यह ठीक था।,hi
6994,बहुत ही अच्छा प्रदर्शन!,hi
6995,यह ठीक था।,hi
6996,This is terrible...,en
6997,मैं इससे खुश नहीं हूँ।,hi
6998,"Nicht schlecht, aber nicht gut.",de
6999,Das war unglaublich!,de
7000,बहुत ही अच्छा प्रदर्शन!,hi
7001,Absolutely fantastic experience!,en
7002,Worst day ever.,en
7003,Das war unglaublich!,de
7004,Absolutely fantastic experience!,en
7005,I love this!,en
7006,Das war unglaublich!,de
7007,Absolutely fantastic experience!,en
7008,"Nicht schlecht, aber nicht gut.",de
7009,Absolutely fantastic experience!,en
7010,I love this!,en
7011,Absolutely fantastic experience!,en
7012,Worst day ever.,en
7013,What a beautiful day!,en
7014,Could be better.,en
7015,This is terrible...,en
7016,من خیلی ناراحتم,fa
7017,बहुत ही अच्छा प्रदर्शन!,hi
7018,I am so tired of this nonsense.,en
7019,Das war unglaublich!,de
7020,Absolutely fantastic experience!,en
7021,اليوم كان رائعًا,ar
7022,I love this!,en
7023,I love this!,en
7024,Could be better.,en
7025,बहुत ही अच्छा प्रदर्शन!,hi
7026,यह ठीक था।,hi
7027,I am so tired of this nonsense.,en
7028,Could be better.,en
7029,Could be better.,en
7030,Could be better.,en
7031,"Nicht schlecht, aber nicht gut.",de
7032,Ich bin enttäuscht.,de
7033,I love this!,en
7034,Could be better.,en
7035,لا يعجبني هذا,ar
7036,Das war unglaublich!,de
7037,I am so tired of this nonsense.,en
7038,این بهترین روز من بود,fa
7039,من خیلی ناراحتم,fa
7040,What a beautiful day!,en
7041,Worst day ever.,en
7042,خوب بود اما می‌توانست بهتر باشد,fa
7043,I love this!,en
7044,I love this!,en
7045,यह ठीक था।,hi
7046,Worst day ever.,en
7047,این بهترین روز من بود,fa
7048,बहुत ही अच्छा प्रदर्शन!,hi
7049,यह ठीक था।,hi
7050,مقبول لكنه ليس الأفضل,ar
7051,خوب بود اما می‌توانست بهتر باشد,fa
7052,यह ठीक था।,hi
7053,Could be better.,en
7054,خوب بود اما می‌توانست بهتر باشد,fa
7055,اليوم كان رائعًا,ar
7056,Das war unglaublich!,de
7057,Worst day ever.,en
7058,बहुत ही अच्छा प्रदर्शन!,hi
7059,What a beautiful day!,en
7060,Das war unglaublich!,de
7061,من خیلی ناراحتم,fa
7062,Absolutely fantastic experience!,en
7063,Das war unglaublich!,de
7064,"Nicht schlecht, aber nicht gut.",de
7065,لا يعجبني هذا,ar
7066,I love this!,en
7067,این بهترین روز من بود,fa
7068,I am so tired of this nonsense.,en
7069,I love this!,en
7070,मैं इससे खुश नहीं हूँ।,hi
7071,اليوم كان رائعًا,ar
7072,बहुत ही अच्छा प्रदर्शन!,hi
7073,اليوم كان رائعًا,ar
7074,मैं इससे खुश नहीं हूँ।,hi
7075,Ich bin enttäuscht.,de
7076,Could be better.,en
7077,This is terrible...,en
7078,I love this!,en
7079,Could be better.,en
7080,Ich bin enttäuscht.,de
7081,I am so tired of this nonsense.,en
7082,Worst day ever.,en
7083,Could be better.,en
7084,من خیلی ناراحتم,fa
7085,"Nicht schlecht, aber nicht gut.",de
7086,Could be better.,en
7087,What a beautiful day!,en
7088,यह ठीक था।,hi
7089,What a beautiful day!,en
7090,मैं इससे खुश नहीं हूँ।,hi
7091,این بهترین روز من بود,fa
7092,What a beautiful day!,en
7093,این بهترین روز من بود,fa
7094,मैं इससे खुश नहीं हूँ।,hi
7095,لا يعجبني هذا,ar
7096,"Nicht schlecht, aber nicht gut.",de
7097,Absolutely fantastic experience!,en
7098,यह ठीक था।,hi
7099,Ich bin enttäuscht.,de
7100,لا يعجبني هذا,ar
7101,اليوم كان رائعًا,ar
7102,من خیلی ناراحتم,fa
7103,Absolutely fantastic experience!,en
7104,यह ठीक था।,hi
7105,اليوم كان رائعًا,ar
7106,यह ठीक था।,hi
7107,बहुत ही अच्छा प्रदर्शन!,hi
7108,"Nicht schlecht, aber nicht gut.",de
7109,"Nicht schlecht, aber nicht gut.",de
7110,Worst day ever.,en
7111,I am so tired of this nonsense.,en
7112,बहुत ही अच्छा प्रदर्शन!,hi
7113,बहुत ही अच्छा प्रदर्शन!,hi
7114,Absolutely fantastic experience!,en
7115,मैं इससे खुश नहीं हूँ।,hi
7116,मैं इससे खुश नहीं हूँ।,hi
7117,من خیلی ناراحتم,fa
7118,बहुत ही अच्छा प्रदर्शन!,hi
7119,مقبول لكنه ليس الأفضل,ar
7120,خوب بود اما می‌توانست بهتر باشد,fa
7121,مقبول لكنه ليس الأفضل,ar
7122,خوب بود اما می‌توانست بهتر باشد,fa
7123,مقبول لكنه ليس الأفضل,ar
7124,Absolutely fantastic experience!,en
7125,Could be better.,en
7126,لا يعجبني هذا,ar
7127,Worst day ever.,en
7128,मैं इससे खुश नहीं हूँ।,hi
7129,I am so tired of this nonsense.,en
7130,मैं इससे खुश नहीं हूँ।,hi
7131,Das war unglaublich!,de
7132,I am so tired of this nonsense.,en
7133,من خیلی ناراحتم,fa
7134,اليوم كان رائعًا,ar
7135,बहुत ही अच्छा प्रदर्शन!,hi
7136,"Nicht schlecht, aber nicht gut.",de
7137,"Nicht schlecht, aber nicht gut.",de
7138,خوب بود اما می‌توانست بهتر باشد,fa
7139,Worst day ever.,en
7140,I am so tired of this nonsense.,en
7141,This is terrible...,en
7142,اليوم كان رائعًا,ar
7143,اليوم كان رائعًا,ar
7144,این بهترین روز من بود,fa
7145,Ich bin enttäuscht.,de
7146,Ich bin enttäuscht.,de
7147,Could be better.,en
7148,I love this!,en
7149,Absolutely fantastic experience!,en
7150,Could be better.,en
7151,This is terrible...,en
7152,What a beautiful day!,en
7153,Worst day ever.,en
7154,I am so tired of this nonsense.,en
7155,I am so tired of this nonsense.,en
7156,What a beautiful day!,en
7157,Could be better.,en
7158,Absolutely fantastic experience!,en
7159,این بهترین روز من بود,fa
7160,मैं इससे खुश नहीं हूँ।,hi
7161,I am so tired of this nonsense.,en
7162,Absolutely fantastic experience!,en
7163,Absolutely fantastic experience!,en
7164,यह ठीक था।,hi
7165,لا يعجبني هذا,ar
7166,خوب بود اما می‌توانست بهتر باشد,fa
7167,لا يعجبني هذا,ar
7168,बहुत ही अच्छा प्रदर्शन!,hi
7169,What a beautiful day!,en
7170,لا يعجبني هذا,ar
7171,این بهترین روز من بود,fa
7172,اليوم كان رائعًا,ar
7173,"Nicht schlecht, aber nicht gut.",de
7174,This is terrible...,en
7175,من خیلی ناراحتم,fa
7176,من خیلی ناراحتم,fa
7177,لا يعجبني هذا,ar
7178,من خیلی ناراحتم,fa
7179,I am so tired of this nonsense.,en
7180,बहुत ही अच्छा प्रदर्शन!,hi
7181,لا يعجبني هذا,ar
7182,यह ठीक था।,hi
7183,I love this!,en
7184,مقبول لكنه ليس الأفضل,ar
7185,This is terrible...,en
7186,बहुत ही अच्छा प्रदर्शन!,hi
7187,مقبول لكنه ليس الأفضل,ar
7188,Worst day ever.,en
7189,مقبول لكنه ليس الأفضل,ar
7190,I am so tired of this nonsense.,en
7191,What a beautiful day!,en
7192,من خیلی ناراحتم,fa
7193,मैं इससे खुश नहीं हूँ।,hi
7194,این بهترین روز من بود,fa
7195,Could be better.,en
7196,مقبول لكنه ليس الأفضل,ar
7197,मैं इससे खुश नहीं हूँ।,hi
7198,مقبول لكنه ليس الأفضل,ar
7199,Could be better.,en
7200,What a beautiful day!,en
7201,I am so tired of this nonsense.,en
7202,Worst day ever.,en
7203,"Nicht schlecht, aber nicht gut.",de
7204,बहुत ही अच्छा प्रदर्शन!,hi
7205,Absolutely fantastic experience!,en
7206,बहुत ही अच्छा प्रदर्शन!,hi
7207,Ich bin enttäuscht.,de
7208,This is terrible...,en
7209,यह ठीक था।,hi
7210,لا يعجبني هذا,ar
7211,Ich bin enttäuscht.,de
7212,Worst day ever.,en
7213,What a beautiful day!,en
7214,لا يعجبني هذا,ar
7215,خوب بود اما می‌توانست بهتر باشد,fa
7216,لا يعجبني هذا,ar
7217,Could be better.,en
7218,لا يعجبني هذا,ar
7219,لا يعجبني هذا,ar
7220,I love this!,en
7221,I love this!,en
7222,"Nicht schlecht, aber nicht gut.",de
7223,لا يعجبني هذا,ar
7224,I am so tired of this nonsense.,en
7225,Could be better.,en
7226,این بهترین روز من بود,fa
7227,خوب بود اما می‌توانست بهتر باشد,fa
7228,I am so tired of this nonsense.,en
7229,این بهترین روز من بود,fa
7230,Absolutely fantastic experience!,en
7231,यह ठीक था।,hi
7232,این بهترین روز من بود,fa
7233,اليوم كان رائعًا,ar
7234,Ich bin enttäuscht.,de
7235,I am so tired of this nonsense.,en
7236,बहुत ही अच्छा प्रदर्शन!,hi
7237,Worst day ever.,en
7238,What a beautiful day!,en
7239,Das war unglaublich!,de
7240,Absolutely fantastic experience!,en
7241,यह ठीक था।,hi
7242,What a beautiful day!,en
7243,اليوم كان رائعًا,ar
7244,Could be better.,en
7245,Could be better.,en
7246,اليوم كان رائعًا,ar
7247,مقبول لكنه ليس الأفضل,ar
7248,Worst day ever.,en
7249,Could be better.,en
7250,यह ठीक था।,hi
7251,اليوم كان رائعًا,ar
7252,لا يعجبني هذا,ar
7253,Das war unglaublich!,de
7254,Could be better.,en
7255,What a beautiful day!,en
7256,Worst day ever.,en
7257,این بهترین روز من بود,fa
7258,I am so tired of this nonsense.,en
7259,خوب بود اما می‌توانست بهتر باشد,fa
7260,خوب بود اما می‌توانست بهتر باشد,fa
7261,बहुत ही अच्छा प्रदर्शन!,hi
7262,Worst day ever.,en
7263,Das war unglaublich!,de
7264,What a beautiful day!,en
7265,मैं इससे खुश नहीं हूँ।,hi
7266,मैं इससे खुश नहीं हूँ।,hi
7267,Das war unglaublich!,de
7268,لا يعجبني هذا,ar
7269,این بهترین روز من بود,fa
7270,Das war unglaublich!,de
7271,Absolutely fantastic experience!,en
7272,Absolutely fantastic experience!,en
7273,لا يعجبني هذا,ar
7274,Das war unglaublich!,de
7275,बहुत ही अच्छा प्रदर्शन!,hi
7276,I am so tired of this nonsense.,en
7277,Worst day ever.,en
7278,Das war unglaublich!,de
7279,لا يعجبني هذا,ar
7280,बहुत ही अच्छा प्रदर्शन!,hi
7281,اليوم كان رائعًا,ar
7282,لا يعجبني هذا,ar
7283,Ich bin enttäuscht.,de
7284,خوب بود اما می‌توانست بهتر باشد,fa
7285,What a beautiful day!,en
7286,I love this!,en
7287,Das war unglaublich!,de
7288,This is terrible...,en
7289,لا يعجبني هذا,ar
7290,What a beautiful day!,en
7291,Absolutely fantastic experience!,en
7292,این بهترین روز من بود,fa
7293,"Nicht schlecht, aber nicht gut.",de
7294,I am so tired of this nonsense.,en
7295,Worst day ever.,en
7296,"Nicht schlecht, aber nicht gut.",de
7297,यह ठीक था।,hi
7298,Could be better.,en
7299,I am so tired of this nonsense.,en
7300,Das war unglaublich!,de
7301,مقبول لكنه ليس الأفضل,ar
7302,I am so tired of this nonsense.,en
7303,यह ठीक था।,hi
7304,مقبول لكنه ليس الأفضل,ar
7305,من خیلی ناراحتم,fa
7306,این بهترین روز من بود,fa
7307,I love this!,en
7308,This is terrible...,en
7309,This is terrible...,en
7310,Absolutely fantastic experience!,en
7311,Could be better.,en
7312,I love this!,en
7313,خوب بود اما می‌توانست بهتر باشد,fa
7314,यह ठीक था।,hi
7315,Das war unglaublich!,de
7316,مقبول لكنه ليس الأفضل,ar
7317,I am so tired of this nonsense.,en
7318,बहुत ही अच्छा प्रदर्शन!,hi
7319,"Nicht schlecht, aber nicht gut.",de
7320,यह ठीक था।,hi
7321,Absolutely fantastic experience!,en
7322,لا يعجبني هذا,ar
7323,I am so tired of this nonsense.,en
7324,What a beautiful day!,en
7325,This is terrible...,en
7326,من خیلی ناراحتم,fa
7327,Absolutely fantastic experience!,en
7328,"Nicht schlecht, aber nicht gut.",de
7329,اليوم كان رائعًا,ar
7330,Ich bin enttäuscht.,de
7331,Absolutely fantastic experience!,en
7332,این بهترین روز من بود,fa
7333,बहुत ही अच्छा प्रदर्शन!,hi
7334,Ich bin enttäuscht.,de
7335,This is terrible...,en
7336,"Nicht schlecht, aber nicht gut.",de
7337,मैं इससे खुश नहीं हूँ।,hi
7338,اليوم كان رائعًا,ar
7339,Das war unglaublich!,de
7340,I love this!,en
7341,Absolutely fantastic experience!,en
7342,I am so tired of this nonsense.,en
7343,Worst day ever.,en
7344,Das war unglaublich!,de
7345,"Nicht schlecht, aber nicht gut.",de
7346,बहुत ही अच्छा प्रदर्शन!,hi
7347,Absolutely fantastic experience!,en
7348,बहुत ही अच्छा प्रदर्शन!,hi
7349,من خیلی ناراحتم,fa
7350,این بهترین روز من بود,fa
7351,"Nicht schlecht, aber nicht gut.",de
7352,This is terrible...,en
7353,This is terrible...,en
7354,मैं इससे खुश नहीं हूँ।,hi
7355,बहुत ही अच्छा प्रदर्शन!,hi
7356,این بهترین روز من بود,fa
7357,اليوم كان رائعًا,ar
7358,من خیلی ناراحتم,fa
7359,مقبول لكنه ليس الأفضل,ar
7360,What a beautiful day!,en
7361,This is terrible...,en
7362,"Nicht schlecht, aber nicht gut.",de
7363,यह ठीक था।,hi
7364,لا يعجبني هذا,ar
7365,مقبول لكنه ليس الأفضل,ar
7366,I love this!,en
7367,I love this!,en
7368,Absolutely fantastic experience!,en
7369,What a beautiful day!,en
7370,اليوم كان رائعًا,ar
7371,اليوم كان رائعًا,ar
7372,Das war unglaublich!,de
7373,मैं इससे खुश नहीं हूँ।,hi
7374,لا يعجبني هذا,ar
7375,Could be better.,en
7376,बहुत ही अच्छा प्रदर्शन!,hi
7377,لا يعجبني هذا,ar
7378,This is terrible...,en
7379,Absolutely fantastic experience!,en
7380,Das war unglaublich!,de
7381,Worst day ever.,en
7382,این بهترین روز من بود,fa
7383,Das war unglaublich!,de
7384,Absolutely fantastic experience!,en
7385,اليوم كان رائعًا,ar
7386,Absolutely fantastic experience!,en
7387,خوب بود اما می‌توانست بهتر باشد,fa
7388,خوب بود اما می‌توانست بهتر باشد,fa
7389,This is terrible...,en
7390,I love this!,en
7391,Ich bin enttäuscht.,de
7392,I love this!,en
7393,बहुत ही अच्छा प्रदर्शन!,hi
7394,What a beautiful day!,en
7395,این بهترین روز من بود,fa
7396,यह ठीक था।,hi
7397,Ich bin enttäuscht.,de
7398,اليوم كان رائعًا,ar
7399,این بهترین روز من بود,fa
7400,اليوم كان رائعًا,ar
7401,این بهترین روز من بود,fa
7402,What a beautiful day!,en
7403,This is terrible...,en
7404,اليوم كان رائعًا,ar
7405,این بهترین روز من بود,fa
7406,Could be better.,en
7407,Absolutely fantastic experience!,en
7408,این بهترین روز من بود,fa
7409,من خیلی ناراحتم,fa
7410,बहुत ही अच्छा प्रदर्शन!,hi
7411,This is terrible...,en
7412,Worst day ever.,en
7413,اليوم كان رائعًا,ar
7414,Ich bin enttäuscht.,de
7415,Worst day ever.,en
7416,Worst day ever.,en
7417,مقبول لكنه ليس الأفضل,ar
7418,Ich bin enttäuscht.,de
7419,Could be better.,en
7420,اليوم كان رائعًا,ar
7421,What a beautiful day!,en
7422,اليوم كان رائعًا,ar
7423,لا يعجبني هذا,ar
7424,لا يعجبني هذا,ar
7425,این بهترین روز من بود,fa
7426,"Nicht schlecht, aber nicht gut.",de
7427,मैं इससे खुश नहीं हूँ।,hi
7428,"Nicht schlecht, aber nicht gut.",de
7429,مقبول لكنه ليس الأفضل,ar
7430,اليوم كان رائعًا,ar
7431,I am so tired of this nonsense.,en
7432,من خیلی ناراحتم,fa
7433,Das war unglaublich!,de
7434,Worst day ever.,en
7435,من خیلی ناراحتم,fa
7436,I am so tired of this nonsense.,en
7437,این بهترین روز من بود,fa
7438,I love this!,en
7439,I love this!,en
7440,مقبول لكنه ليس الأفضل,ar
7441,"Nicht schlecht, aber nicht gut.",de
7442,لا يعجبني هذا,ar
7443,What a beautiful day!,en
7444,مقبول لكنه ليس الأفضل,ar
7445,این بهترین روز من بود,fa
7446,I love this!,en
7447,این بهترین روز من بود,fa
7448,Das war unglaublich!,de
7449,Worst day ever.,en
7450,Could be better.,en
7451,اليوم كان رائعًا,ar
7452,Absolutely fantastic experience!,en
7453,What a beautiful day!,en
7454,من خیلی ناراحتم,fa
7455,यह ठीक था।,hi
7456,What a beautiful day!,en
7457,Das war unglaublich!,de
7458,Worst day ever.,en
7459,I love this!,en
7460,This is terrible...,en
7461,Ich bin enttäuscht.,de
7462,مقبول لكنه ليس الأفضل,ar
7463,Could be better.,en
7464,اليوم كان رائعًا,ar
7465,What a beautiful day!,en
7466,مقبول لكنه ليس الأفضل,ar
7467,این بهترین روز من بود,fa
7468,I love this!,en
7469,Absolutely fantastic experience!,en
7470,اليوم كان رائعًا,ar
7471,Absolutely fantastic experience!,en
7472,این بهترین روز من بود,fa
7473,यह ठीक था।,hi
7474,Worst day ever.,en
7475,I am so tired of this nonsense.,en
7476,Worst day ever.,en
7477,Worst day ever.,en
7478,मैं इससे खुश नहीं हूँ।,hi
7479,Das war unglaublich!,de
7480,لا يعجبني هذا,ar
7481,Das war unglaublich!,de
7482,Absolutely fantastic experience!,en
7483,من خیلی ناراحتم,fa
7484,خوب بود اما می‌توانست بهتر باشد,fa
7485,خوب بود اما می‌توانست بهتر باشد,fa
7486,Ich bin enttäuscht.,de
7487,मैं इससे खुश नहीं हूँ।,hi
7488,من خیلی ناراحتم,fa
7489,यह ठीक था।,hi
7490,لا يعجبني هذا,ar
7491,बहुत ही अच्छा प्रदर्शन!,hi
7492,मैं इससे खुश नहीं हूँ।,hi
7493,यह ठीक था।,hi
7494,I am so tired of this nonsense.,en
7495,यह ठीक था।,hi
7496,Das war unglaublich!,de
7497,اليوم كان رائعًا,ar
7498,Das war unglaublich!,de
7499,यह ठीक था।,hi
7500,خوب بود اما می‌توانست بهتر باشد,fa
7501,Worst day ever.,en
7502,What a beautiful day!,en
7503,Das war unglaublich!,de
7504,यह ठीक था।,hi
7505,لا يعجبني هذا,ar
7506,बहुत ही अच्छा प्रदर्शन!,hi
7507,What a beautiful day!,en
7508,Ich bin enttäuscht.,de
7509,اليوم كان رائعًا,ar
7510,مقبول لكنه ليس الأفضل,ar
7511,यह ठीक था।,hi
7512,"Nicht schlecht, aber nicht gut.",de
7513,خوب بود اما می‌توانست بهتر باشد,fa
7514,Absolutely fantastic experience!,en
7515,Ich bin enttäuscht.,de
7516,Could be better.,en
7517,این بهترین روز من بود,fa
7518,Ich bin enttäuscht.,de
7519,Das war unglaublich!,de
7520,Worst day ever.,en
7521,बहुत ही अच्छा प्रदर्शन!,hi
7522,यह ठीक था।,hi
7523,اليوم كان رائعًا,ar
7524,I am so tired of this nonsense.,en
7525,मैं इससे खुश नहीं हूँ।,hi
7526,Could be better.,en
7527,I love this!,en
7528,What a beautiful day!,en
7529,मैं इससे खुश नहीं हूँ।,hi
7530,Could be better.,en
7531,This is terrible...,en
7532,اليوم كان رائعًا,ar
7533,Could be better.,en
7534,I am so tired of this nonsense.,en
7535,यह ठीक था।,hi
7536,من خیلی ناراحتم,fa
7537,خوب بود اما می‌توانست بهتر باشد,fa
7538,I love this!,en
7539,I am so tired of this nonsense.,en
7540,This is terrible...,en
7541,Das war unglaublich!,de
7542,What a beautiful day!,en
7543,اليوم كان رائعًا,ar
7544,مقبول لكنه ليس الأفضل,ar
7545,I love this!,en
7546,Das war unglaublich!,de
7547,من خیلی ناراحتم,fa
7548,Absolutely fantastic experience!,en
7549,I am so tired of this nonsense.,en
7550,मैं इससे खुश नहीं हूँ।,hi
7551,Worst day ever.,en
7552,I love this!,en
7553,Absolutely fantastic experience!,en
7554,बहुत ही अच्छा प्रदर्शन!,hi
7555,मैं इससे खुश नहीं हूँ।,hi
7556,اليوم كان رائعًا,ar
7557,बहुत ही अच्छा प्रदर्शन!,hi
7558,خوب بود اما می‌توانست بهتر باشد,fa
7559,Could be better.,en
7560,Ich bin enttäuscht.,de
7561,من خیلی ناراحتم,fa
7562,I love this!,en
7563,बहुत ही अच्छा प्रदर्शन!,hi
7564,Absolutely fantastic experience!,en
7565,What a beautiful day!,en
7566,This is terrible...,en
7567,خوب بود اما می‌توانست بهتر باشد,fa
7568,मैं इससे खुश नहीं हूँ।,hi
7569,این بهترین روز من بود,fa
7570,Ich bin enttäuscht.,de
7571,I am so tired of this nonsense.,en
7572,Could be better.,en
7573,What a beautiful day!,en
7574,من خیلی ناراحتم,fa
7575,I love this!,en
7576,Das war unglaublich!,de
7577,Worst day ever.,en
7578,Absolutely fantastic experience!,en
7579,اليوم كان رائعًا,ar
7580,Worst day ever.,en
7581,I am so tired of this nonsense.,en
7582,मैं इससे खुश नहीं हूँ।,hi
7583,यह ठीक था।,hi
7584,لا يعجبني هذا,ar
7585,बहुत ही अच्छा प्रदर्शन!,hi
7586,बहुत ही अच्छा प्रदर्शन!,hi
7587,बहुत ही अच्छा प्रदर्शन!,hi
7588,لا يعجبني هذا,ar
7589,Could be better.,en
7590,Worst day ever.,en
7591,من خیلی ناراحتم,fa
7592,مقبول لكنه ليس الأفضل,ar
7593,Could be better.,en
7594,Absolutely fantastic experience!,en
7595,बहुत ही अच्छा प्रदर्शन!,hi
7596,What a beautiful day!,en
7597,این بهترین روز من بود,fa
7598,اليوم كان رائعًا,ar
7599,من خیلی ناراحتم,fa
7600,خوب بود اما می‌توانست بهتر باشد,fa
7601,यह ठीक था।,hi
7602,I love this!,en
7603,Ich bin enttäuscht.,de
7604,Could be better.,en
7605,Ich bin enttäuscht.,de
7606,What a beautiful day!,en
7607,This is terrible...,en
7608,What a beautiful day!,en
7609,خوب بود اما می‌توانست بهتر باشد,fa
7610,Worst day ever.,en
7611,لا يعجبني هذا,ar
7612,اليوم كان رائعًا,ar
7613,من خیلی ناراحتم,fa
7614,خوب بود اما می‌توانست بهتر باشد,fa
7615,Das war unglaublich!,de
7616,Absolutely fantastic experience!,en
7617,मैं इससे खुश नहीं हूँ।,hi
7618,لا يعجبني هذا,ar
7619,لا يعجبني هذا,ar
7620,यह ठीक था।,hi
7621,Absolutely fantastic experience!,en
7622,این بهترین روز من بود,fa
7623,यह ठीक था।,hi
7624,I am so tired of this nonsense.,en
7625,لا يعجبني هذا,ar
7626,Das war unglaublich!,de
7627,Das war unglaublich!,de
7628,این بهترین روز من بود,fa
7629,What a beautiful day!,en
7630,This is terrible...,en
7631,اليوم كان رائعًا,ar
7632,Worst day ever.,en
7633,I am so tired of this nonsense.,en
7634,Could be better.,en
7635,من خیلی ناراحتم,fa
7636,I love this!,en
7637,Could be better.,en
7638,Worst day ever.,en
7639,اليوم كان رائعًا,ar
7640,मैं इससे खुश नहीं हूँ।,hi
7641,Ich bin enttäuscht.,de
7642,Das war unglaublich!,de
7643,"Nicht schlecht, aber nicht gut.",de
7644,این بهترین روز من بود,fa
7645,बहुत ही अच्छा प्रदर्शन!,hi
7646,مقبول لكنه ليس الأفضل,ar
7647,Das war unglaublich!,de
7648,Could be better.,en
7649,यह ठीक था।,hi
7650,"Nicht schlecht, aber nicht gut.",de
7651,"Nicht schlecht, aber nicht gut.",de
7652,मैं इससे खुश नहीं हूँ।,hi
7653,"Nicht schlecht, aber nicht gut.",de
7654,What a beautiful day!,en
7655,मैं इससे खुश नहीं हूँ।,hi
7656,बहुत ही अच्छा प्रदर्शन!,hi
7657,Das war unglaublich!,de
7658,बहुत ही अच्छा प्रदर्शन!,hi
7659,मैं इससे खुश नहीं हूँ।,hi
7660,What a beautiful day!,en
7661,Ich bin enttäuscht.,de
7662,من خیلی ناراحتم,fa
7663,यह ठीक था।,hi
7664,मैं इससे खुश नहीं हूँ।,hi
7665,"Nicht schlecht, aber nicht gut.",de
7666,I love this!,en
7667,मैं इससे खुश नहीं हूँ।,hi
7668,لا يعجبني هذا,ar
7669,What a beautiful day!,en
7670,यह ठीक था।,hi
7671,Absolutely fantastic experience!,en
7672,مقبول لكنه ليس الأفضل,ar
7673,خوب بود اما می‌توانست بهتر باشد,fa
7674,Could be better.,en
7675,Ich bin enttäuscht.,de
7676,من خیلی ناراحتم,fa
7677,مقبول لكنه ليس الأفضل,ar
7678,मैं इससे खुश नहीं हूँ।,hi
7679,این بهترین روز من بود,fa
7680,"Nicht schlecht, aber nicht gut.",de
7681,I love this!,en
7682,مقبول لكنه ليس الأفضل,ar
7683,مقبول لكنه ليس الأفضل,ar
7684,اليوم كان رائعًا,ar
7685,لا يعجبني هذا,ar
7686,لا يعجبني هذا,ar
7687,Worst day ever.,en
7688,"Nicht schlecht, aber nicht gut.",de
7689,बहुत ही अच्छा प्रदर्शन!,hi
7690,बहुत ही अच्छा प्रदर्शन!,hi
7691,यह ठीक था।,hi
7692,I love this!,en
7693,What a beautiful day!,en
7694,اليوم كان رائعًا,ar
7695,"Nicht schlecht, aber nicht gut.",de
7696,این بهترین روز من بود,fa
7697,Worst day ever.,en
7698,مقبول لكنه ليس الأفضل,ar
7699,I love this!,en
7700,Das war unglaublich!,de
7701,This is terrible...,en
7702,خوب بود اما می‌توانست بهتر باشد,fa
7703,لا يعجبني هذا,ar
7704,این بهترین روز من بود,fa
7705,من خیلی ناراحتم,fa
7706,این بهترین روز من بود,fa
7707,यह ठीक था।,hi
7708,من خیلی ناراحتم,fa
7709,I am so tired of this nonsense.,en
7710,I am so tired of this nonsense.,en
7711,This is terrible...,en
7712,Absolutely fantastic experience!,en
7713,این بهترین روز من بود,fa
7714,बहुत ही अच्छा प्रदर्शन!,hi
7715,Ich bin enttäuscht.,de
7716,This is terrible...,en
7717,This is terrible...,en
7718,I am so tired of this nonsense.,en
7719,خوب بود اما می‌توانست بهتر باشد,fa
7720,What a beautiful day!,en
7721,اليوم كان رائعًا,ar
7722,Absolutely fantastic experience!,en
7723,This is terrible...,en
7724,لا يعجبني هذا,ar
7725,बहुत ही अच्छा प्रदर्शन!,hi
7726,What a beautiful day!,en
7727,"Nicht schlecht, aber nicht gut.",de
7728,यह ठीक था।,hi
7729,اليوم كان رائعًا,ar
7730,मैं इससे खुश नहीं हूँ।,hi
7731,"Nicht schlecht, aber nicht gut.",de
7732,مقبول لكنه ليس الأفضل,ar
7733,این بهترین روز من بود,fa
7734,لا يعجبني هذا,ar
7735,बहुत ही अच्छा प्रदर्शन!,hi
7736,Das war unglaublich!,de
7737,Das war unglaublich!,de
7738,لا يعجبني هذا,ar
7739,من خیلی ناراحتم,fa
7740,"Nicht schlecht, aber nicht gut.",de
7741,Worst day ever.,en
7742,यह ठीक था।,hi
7743,मैं इससे खुश नहीं हूँ।,hi
7744,यह ठीक था।,hi
7745,من خیلی ناراحتم,fa
7746,خوب بود اما می‌توانست بهتر باشد,fa
7747,बहुत ही अच्छा प्रदर्शन!,hi
7748,Das war unglaublich!,de
7749,"Nicht schlecht, aber nicht gut.",de
7750,لا يعجبني هذا,ar
7751,Worst day ever.,en
7752,This is terrible...,en
7753,What a beautiful day!,en
7754,من خیلی ناراحتم,fa
7755,Absolutely fantastic experience!,en
7756,I love this!,en
7757,I am so tired of this nonsense.,en
7758,Worst day ever.,en
7759,मैं इससे खुश नहीं हूँ।,hi
7760,Das war unglaublich!,de
7761,لا يعجبني هذا,ar
7762,I am so tired of this nonsense.,en
7763,Could be better.,en
7764,बहुत ही अच्छा प्रदर्शन!,hi
7765,बहुत ही अच्छा प्रदर्शन!,hi
7766,این بهترین روز من بود,fa
7767,मैं इससे खुश नहीं हूँ।,hi
7768,لا يعجبني هذا,ar
7769,این بهترین روز من بود,fa
7770,من خیلی ناراحتم,fa
7771,Ich bin enttäuscht.,de
7772,Ich bin enttäuscht.,de
7773,اليوم كان رائعًا,ar
7774,Could be better.,en
7775,من خیلی ناراحتم,fa
7776,Das war unglaublich!,de
7777,Worst day ever.,en
7778,مقبول لكنه ليس الأفضل,ar
7779,اليوم كان رائعًا,ar
7780,I love this!,en
7781,Das war unglaublich!,de
7782,این بهترین روز من بود,fa
7783,من خیلی ناراحتم,fa
7784,What a beautiful day!,en
7785,Worst day ever.,en
7786,यह ठीक था।,hi
7787,این بهترین روز من بود,fa
7788,Absolutely fantastic experience!,en
7789,Ich bin enttäuscht.,de
7790,बहुत ही अच्छा प्रदर्शन!,hi
7791,बहुत ही अच्छा प्रदर्शन!,hi
7792,मैं इससे खुश नहीं हूँ।,hi
7793,Could be better.,en
7794,خوب بود اما می‌توانست بهتر باشد,fa
7795,Worst day ever.,en
7796,मैं इससे खुश नहीं हूँ।,hi
7797,Das war unglaublich!,de
7798,I am so tired of this nonsense.,en
7799,Absolutely fantastic experience!,en
7800,Worst day ever.,en
7801,مقبول لكنه ليس الأفضل,ar
7802,من خیلی ناراحتم,fa
7803,خوب بود اما می‌توانست بهتر باشد,fa
7804,मैं इससे खुश नहीं हूँ।,hi
7805,لا يعجبني هذا,ar
7806,مقبول لكنه ليس الأفضل,ar
7807,I love this!,en
7808,لا يعجبني هذا,ar
7809,Could be better.,en
7810,मैं इससे खुश नहीं हूँ।,hi
7811,"Nicht schlecht, aber nicht gut.",de
7812,यह ठीक था।,hi
7813,من خیلی ناراحتم,fa
7814,اليوم كان رائعًا,ar
7815,"Nicht schlecht, aber nicht gut.",de
7816,I am so tired of this nonsense.,en
7817,I love this!,en
7818,لا يعجبني هذا,ar
7819,من خیلی ناراحتم,fa
7820,خوب بود اما می‌توانست بهتر باشد,fa
7821,من خیلی ناراحتم,fa
7822,यह ठीक था।,hi
7823,यह ठीक था।,hi
7824,I love this!,en
7825,این بهترین روز من بود,fa
7826,बहुत ही अच्छा प्रदर्शन!,hi
7827,Das war unglaublich!,de
7828,Absolutely fantastic experience!,en
7829,Could be better.,en
7830,خوب بود اما می‌توانست بهتر باشد,fa
7831,مقبول لكنه ليس الأفضل,ar
7832,I am so tired of this nonsense.,en
7833,"Nicht schlecht, aber nicht gut.",de
7834,Absolutely fantastic experience!,en
7835,This is terrible...,en
7836,من خیلی ناراحتم,fa
7837,Ich bin enttäuscht.,de
7838,यह ठीक था।,hi
7839,I am so tired of this nonsense.,en
7840,Worst day ever.,en
7841,مقبول لكنه ليس الأفضل,ar
7842,Worst day ever.,en
7843,خوب بود اما می‌توانست بهتر باشد,fa
7844,لا يعجبني هذا,ar
7845,I love this!,en
7846,Worst day ever.,en
7847,Das war unglaublich!,de
7848,Ich bin enttäuscht.,de
7849,Could be better.,en
7850,من خیلی ناراحتم,fa
7851,مقبول لكنه ليس الأفضل,ar
7852,لا يعجبني هذا,ar
7853,Das war unglaublich!,de
7854,Could be better.,en
7855,I am so tired of this nonsense.,en
7856,I am so tired of this nonsense.,en
7857,اليوم كان رائعًا,ar
7858,Das war unglaublich!,de
7859,I love this!,en
7860,خوب بود اما می‌توانست بهتر باشد,fa
7861,बहुत ही अच्छा प्रदर्शन!,hi
7862,من خیلی ناراحتم,fa
7863,What a beautiful day!,en
7864,Ich bin enttäuscht.,de
7865,Absolutely fantastic experience!,en
7866,اليوم كان رائعًا,ar
7867,Could be better.,en
7868,Could be better.,en
7869,यह ठीक था।,hi
7870,मैं इससे खुश नहीं हूँ।,hi
7871,What a beautiful day!,en
7872,What a beautiful day!,en
7873,خوب بود اما می‌توانست بهتر باشد,fa
7874,مقبول لكنه ليس الأفضل,ar
7875,مقبول لكنه ليس الأفضل,ar
7876,मैं इससे खुश नहीं हूँ।,hi
7877,مقبول لكنه ليس الأفضل,ar
7878,مقبول لكنه ليس الأفضل,ar
7879,"Nicht schlecht, aber nicht gut.",de
7880,Ich bin enttäuscht.,de
7881,This is terrible...,en
7882,خوب بود اما می‌توانست بهتر باشد,fa
7883,Ich bin enttäuscht.,de
7884,خوب بود اما می‌توانست بهتر باشد,fa
7885,This is terrible...,en
7886,Worst day ever.,en
7887,What a beautiful day!,en
7888,I love this!,en
7889,मैं इससे खुश नहीं हूँ।,hi
7890,Absolutely fantastic experience!,en
7891,Das war unglaublich!,de
7892,मैं इससे खुश नहीं हूँ।,hi
7893,What a beautiful day!,en
7894,बहुत ही अच्छा प्रदर्शन!,hi
7895,I love this!,en
7896,خوب بود اما می‌توانست بهتر باشد,fa
7897,خوب بود اما می‌توانست بهتر باشد,fa
7898,این بهترین روز من بود,fa
7899,من خیلی ناراحتم,fa
7900,من خیلی ناراحتم,fa
7901,"Nicht schlecht, aber nicht gut.",de
7902,I am so tired of this nonsense.,en
7903,"Nicht schlecht, aber nicht gut.",de
7904,What a beautiful day!,en
7905,This is terrible...,en
7906,यह ठीक था।,hi
7907,Could be better.,en
7908,من خیلی ناراحتم,fa
7909,این بهترین روز من بود,fa
7910,बहुत ही अच्छा प्रदर्शन!,hi
7911,خوب بود اما می‌توانست بهتر باشد,fa
7912,मैं इससे खुश नहीं हूँ।,hi
7913,خوب بود اما می‌توانست بهتر باشد,fa
7914,Could be better.,en
7915,Could be better.,en
7916,من خیلی ناراحتم,fa
7917,لا يعجبني هذا,ar
7918,اليوم كان رائعًا,ar
7919,خوب بود اما می‌توانست بهتر باشد,fa
7920,What a beautiful day!,en
7921,This is terrible...,en
7922,اليوم كان رائعًا,ar
7923,मैं इससे खुश नहीं हूँ।,hi
7924,لا يعجبني هذا,ar
7925,मैं इससे खुश नहीं हूँ।,hi
7926,I love this!,en
7927,لا يعجبني هذا,ar
7928,لا يعجبني هذا,ar
7929,این بهترین روز من بود,fa
7930,Absolutely fantastic experience!,en
7931,من خیلی ناراحتم,fa
7932,مقبول لكنه ليس الأفضل,ar
7933,बहुत ही अच्छा प्रदर्शन!,hi
7934,यह ठीक था।,hi
7935,Could be better.,en
7936,I am so tired of this nonsense.,en
7937,Ich bin enttäuscht.,de
7938,मैं इससे खुश नहीं हूँ।,hi
7939,Ich bin enttäuscht.,de
7940,Could be better.,en
7941,مقبول لكنه ليس الأفضل,ar
7942,This is terrible...,en
7943,Absolutely fantastic experience!,en
7944,बहुत ही अच्छा प्रदर्शन!,hi
7945,خوب بود اما می‌توانست بهتر باشد,fa
7946,Das war unglaublich!,de
7947,Ich bin enttäuscht.,de
7948,خوب بود اما می‌توانست بهتر باشد,fa
7949,"Nicht schlecht, aber nicht gut.",de
7950,Absolutely fantastic experience!,en
7951,Absolutely fantastic experience!,en
7952,مقبول لكنه ليس الأفضل,ar
7953,Worst day ever.,en
7954,Das war unglaublich!,de
7955,این بهترین روز من بود,fa
7956,این بهترین روز من بود,fa
7957,This is terrible...,en
7958,Absolutely fantastic experience!,en
7959,यह ठीक था।,hi
7960,Worst day ever.,en
7961,I love this!,en
7962,Worst day ever.,en
7963,من خیلی ناراحتم,fa
7964,Absolutely fantastic experience!,en
7965,This is terrible...,en
7966,Das war unglaublich!,de
7967,"Nicht schlecht, aber nicht gut.",de
7968,مقبول لكنه ليس الأفضل,ar
7969,Worst day ever.,en
7970,Ich bin enttäuscht.,de
7971,Could be better.,en
7972,What a beautiful day!,en
7973,Ich bin enttäuscht.,de
7974,बहुत ही अच्छा प्रदर्शन!,hi
7975,बहुत ही अच्छा प्रदर्शन!,hi
7976,Das war unglaublich!,de
7977,What a beautiful day!,en
7978,What a beautiful day!,en
7979,This is terrible...,en
7980,यह ठीक था।,hi
7981,Ich bin enttäuscht.,de
7982,لا يعجبني هذا,ar
7983,لا يعجبني هذا,ar
7984,من خیلی ناراحتم,fa
7985,"Nicht schlecht, aber nicht gut.",de
7986,I love this!,en
7987,Absolutely fantastic experience!,en
7988,मैं इससे खुश नहीं हूँ।,hi
7989,من خیلی ناراحتم,fa
7990,What a beautiful day!,en
7991,Absolutely fantastic experience!,en
7992,Could be better.,en
7993,This is terrible...,en
7994,बहुत ही अच्छा प्रदर्शन!,hi
7995,What a beautiful day!,en
7996,Ich bin enttäuscht.,de
7997,I love this!,en
7998,"Nicht schlecht, aber nicht gut.",de
7999,I am so tired of this nonsense.,en
8000,من خیلی ناراحتم,fa
8001,Absolutely fantastic experience!,en
8002,"Nicht schlecht, aber nicht gut.",de
8003,من خیلی ناراحتم,fa
8004,خوب بود اما می‌توانست بهتر باشد,fa
8005,यह ठीक था।,hi
8006,यह ठीक था।,hi
8007,این بهترین روز من بود,fa
8008,Worst day ever.,en
8009,خوب بود اما می‌توانست بهتر باشد,fa
8010,Ich bin enttäuscht.,de
8011,I am so tired of this nonsense.,en
8012,من خیلی ناراحتم,fa
8013,این بهترین روز من بود,fa
8014,Worst day ever.,en
8015,Ich bin enttäuscht.,de
8016,من خیلی ناراحتم,fa
8017,خوب بود اما می‌توانست بهتر باشد,fa
8018,لا يعجبني هذا,ar
8019,اليوم كان رائعًا,ar
8020,I love this!,en
8021,बहुत ही अच्छा प्रदर्शन!,hi
8022,What a beautiful day!,en
8023,Das war unglaublich!,de
8024,I am so tired of this nonsense.,en
8025,What a beautiful day!,en
8026,I love this!,en
8027,This is terrible...,en
8028,मैं इससे खुश नहीं हूँ।,hi
8029,This is terrible...,en
8030,Could be better.,en
8031,لا يعجبني هذا,ar
8032,यह ठीक था।,hi
8033,I love this!,en
8034,"Nicht schlecht, aber nicht gut.",de
8035,من خیلی ناراحتم,fa
8036,यह ठीक था।,hi
8037,خوب بود اما می‌توانست بهتر باشد,fa
8038,मैं इससे खुश नहीं हूँ।,hi
8039,لا يعجبني هذا,ar
8040,"Nicht schlecht, aber nicht gut.",de
8041,मैं इससे खुश नहीं हूँ।,hi
8042,اليوم كان رائعًا,ar
8043,यह ठीक था।,hi
8044,Absolutely fantastic experience!,en
8045,I love this!,en
8046,"Nicht schlecht, aber nicht gut.",de
8047,I love this!,en
8048,यह ठीक था।,hi
8049,Could be better.,en
8050,मैं इससे खुश नहीं हूँ।,hi
8051,خوب بود اما می‌توانست بهتر باشد,fa
8052,What a beautiful day!,en
8053,What a beautiful day!,en
8054,لا يعجبني هذا,ar
8055,This is terrible...,en
8056,من خیلی ناراحتم,fa
8057,What a beautiful day!,en
8058,من خیلی ناراحتم,fa
8059,خوب بود اما می‌توانست بهتر باشد,fa
8060,من خیلی ناراحتم,fa
8061,خوب بود اما می‌توانست بهتر باشد,fa
8062,"Nicht schlecht, aber nicht gut.",de
8063,لا يعجبني هذا,ar
8064,Could be better.,en
8065,This is terrible...,en
8066,مقبول لكنه ليس الأفضل,ar
8067,What a beautiful day!,en
8068,Ich bin enttäuscht.,de
8069,Ich bin enttäuscht.,de
8070,This is terrible...,en
8071,Worst day ever.,en
8072,Absolutely fantastic experience!,en
8073,مقبول لكنه ليس الأفضل,ar
8074,Das war unglaublich!,de
8075,यह ठीक था।,hi
8076,خوب بود اما می‌توانست بهتر باشد,fa
8077,यह ठीक था।,hi
8078,I love this!,en
8079,Worst day ever.,en
8080,خوب بود اما می‌توانست بهتر باشد,fa
8081,خوب بود اما می‌توانست بهتر باشد,fa
8082,What a beautiful day!,en
8083,اليوم كان رائعًا,ar
8084,"Nicht schlecht, aber nicht gut.",de
8085,I am so tired of this nonsense.,en
8086,من خیلی ناراحتم,fa
8087,من خیلی ناراحتم,fa
8088,I love this!,en
8089,Absolutely fantastic experience!,en
8090,Das war unglaublich!,de
8091,این بهترین روز من بود,fa
8092,What a beautiful day!,en
8093,مقبول لكنه ليس الأفضل,ar
8094,मैं इससे खुश नहीं हूँ।,hi
8095,What a beautiful day!,en
8096,اليوم كان رائعًا,ar
8097,این بهترین روز من بود,fa
8098,Absolutely fantastic experience!,en
8099,यह ठीक था।,hi
8100,बहुत ही अच्छा प्रदर्शन!,hi
8101,Worst day ever.,en
8102,बहुत ही अच्छा प्रदर्शन!,hi
8103,I am so tired of this nonsense.,en
8104,Worst day ever.,en
8105,Absolutely fantastic experience!,en
8106,این بهترین روز من بود,fa
8107,Absolutely fantastic experience!,en
8108,Ich bin enttäuscht.,de
8109,यह ठीक था।,hi
8110,यह ठीक था।,hi
8111,This is terrible...,en
8112,Ich bin enttäuscht.,de
8113,I love this!,en
8114,I love this!,en
8115,I love this!,en
8116,Absolutely fantastic experience!,en
8117,"Nicht schlecht, aber nicht gut.",de
8118,لا يعجبني هذا,ar
8119,Das war unglaublich!,de
8120,Das war unglaublich!,de
8121,این بهترین روز من بود,fa
8122,I love this!,en
8123,मैं इससे खुश नहीं हूँ।,hi
8124,Ich bin enttäuscht.,de
8125,این بهترین روز من بود,fa
8126,What a beautiful day!,en
8127,Ich bin enttäuscht.,de
8128,خوب بود اما می‌توانست بهتر باشد,fa
8129,اليوم كان رائعًا,ar
8130,مقبول لكنه ليس الأفضل,ar
8131,What a beautiful day!,en
8132,I love this!,en
8133,Worst day ever.,en
8134,I am so tired of this nonsense.,en
8135,This is terrible...,en
8136,I love this!,en
8137,यह ठीक था।,hi
8138,मैं इससे खुश नहीं हूँ।,hi
8139,This is terrible...,en
8140,This is terrible...,en
8141,"Nicht schlecht, aber nicht gut.",de
8142,Das war unglaublich!,de
8143,Worst day ever.,en
8144,Worst day ever.,en
8145,यह ठीक था।,hi
8146,مقبول لكنه ليس الأفضل,ar
8147,خوب بود اما می‌توانست بهتر باشد,fa
8148,What a beautiful day!,en
8149,What a beautiful day!,en
8150,مقبول لكنه ليس الأفضل,ar
8151,This is terrible...,en
8152,बहुत ही अच्छा प्रदर्शन!,hi
8153,बहुत ही अच्छा प्रदर्शन!,hi
8154,यह ठीक था।,hi
8155,لا يعجبني هذا,ar
8156,Absolutely fantastic experience!,en
8157,اليوم كان رائعًا,ar
8158,I am so tired of this nonsense.,en
8159,اليوم كان رائعًا,ar
8160,من خیلی ناراحتم,fa
8161,This is terrible...,en
8162,خوب بود اما می‌توانست بهتر باشد,fa
8163,बहुत ही अच्छा प्रदर्शन!,hi
8164,बहुत ही अच्छा प्रदर्शन!,hi
8165,لا يعجبني هذا,ar
8166,I love this!,en
8167,I love this!,en
8168,I love this!,en
8169,मैं इससे खुश नहीं हूँ।,hi
8170,यह ठीक था।,hi
8171,यह ठीक था।,hi
8172,मैं इससे खुश नहीं हूँ।,hi
8173,यह ठीक था।,hi
8174,I am so tired of this nonsense.,en
8175,I love this!,en
8176,Could be better.,en
8177,Das war unglaublich!,de
8178,Ich bin enttäuscht.,de
8179,I am so tired of this nonsense.,en
8180,این بهترین روز من بود,fa
8181,Worst day ever.,en
8182,"Nicht schlecht, aber nicht gut.",de
8183,Das war unglaublich!,de
8184,बहुत ही अच्छा प्रदर्शन!,hi
8185,Worst day ever.,en
8186,مقبول لكنه ليس الأفضل,ar
8187,این بهترین روز من بود,fa
8188,I am so tired of this nonsense.,en
8189,मैं इससे खुश नहीं हूँ।,hi
8190,مقبول لكنه ليس الأفضل,ar
8191,"Nicht schlecht, aber nicht gut.",de
8192,What a beautiful day!,en
8193,I love this!,en
8194,Absolutely fantastic experience!,en
8195,Das war unglaublich!,de
8196,مقبول لكنه ليس الأفضل,ar
8197,"Nicht schlecht, aber nicht gut.",de
8198,I love this!,en
8199,यह ठीक था।,hi
8200,What a beautiful day!,en
8201,यह ठीक था।,hi
8202,मैं इससे खुश नहीं हूँ।,hi
8203,"Nicht schlecht, aber nicht gut.",de
8204,मैं इससे खुश नहीं हूँ।,hi
8205,این بهترین روز من بود,fa
8206,"Nicht schlecht, aber nicht gut.",de
8207,خوب بود اما می‌توانست بهتر باشد,fa
8208,لا يعجبني هذا,ar
8209,مقبول لكنه ليس الأفضل,ar
8210,Ich bin enttäuscht.,de
8211,बहुत ही अच्छा प्रदर्शन!,hi
8212,Das war unglaublich!,de
8213,این بهترین روز من بود,fa
8214,बहुत ही अच्छा प्रदर्शन!,hi
8215,"Nicht schlecht, aber nicht gut.",de
8216,मैं इससे खुश नहीं हूँ।,hi
8217,Absolutely fantastic experience!,en
8218,مقبول لكنه ليس الأفضل,ar
8219,I am so tired of this nonsense.,en
8220,"Nicht schlecht, aber nicht gut.",de
8221,Worst day ever.,en
8222,اليوم كان رائعًا,ar
8223,बहुत ही अच्छा प्रदर्शन!,hi
8224,What a beautiful day!,en
8225,मैं इससे खुश नहीं हूँ।,hi
8226,من خیلی ناراحتم,fa
8227,Absolutely fantastic experience!,en
8228,مقبول لكنه ليس الأفضل,ar
8229,I love this!,en
8230,این بهترین روز من بود,fa
8231,Ich bin enttäuscht.,de
8232,Absolutely fantastic experience!,en
8233,यह ठीक था।,hi
8234,I am so tired of this nonsense.,en
8235,مقبول لكنه ليس الأفضل,ar
8236,اليوم كان رائعًا,ar
8237,Worst day ever.,en
8238,यह ठीक था।,hi
8239,मैं इससे खुश नहीं हूँ।,hi
8240,बहुत ही अच्छा प्रदर्शन!,hi
8241,"Nicht schlecht, aber nicht gut.",de
8242,Ich bin enttäuscht.,de
8243,من خیلی ناراحتم,fa
8244,"Nicht schlecht, aber nicht gut.",de
8245,اليوم كان رائعًا,ar
8246,Worst day ever.,en
8247,Absolutely fantastic experience!,en
8248,What a beautiful day!,en
8249,لا يعجبني هذا,ar
8250,Ich bin enttäuscht.,de
8251,Absolutely fantastic experience!,en
8252,This is terrible...,en
8253,لا يعجبني هذا,ar
8254,I am so tired of this nonsense.,en
8255,This is terrible...,en
8256,Could be better.,en
8257,اليوم كان رائعًا,ar
8258,Worst day ever.,en
8259,मैं इससे खुश नहीं हूँ।,hi
8260,I am so tired of this nonsense.,en
8261,Could be better.,en
8262,من خیلی ناراحتم,fa
8263,Das war unglaublich!,de
8264,Worst day ever.,en
8265,Ich bin enttäuscht.,de
8266,यह ठीक था।,hi
8267,यह ठीक था।,hi
8268,اليوم كان رائعًا,ar
8269,I am so tired of this nonsense.,en
8270,What a beautiful day!,en
8271,من خیلی ناراحتم,fa
8272,Absolutely fantastic experience!,en
8273,बहुत ही अच्छा प्रदर्शन!,hi
8274,"Nicht schlecht, aber nicht gut.",de
8275,What a beautiful day!,en
8276,This is terrible...,en
8277,Worst day ever.,en
8278,Das war unglaublich!,de
8279,Ich bin enttäuscht.,de
8280,خوب بود اما می‌توانست بهتر باشد,fa
8281,Absolutely fantastic experience!,en
8282,What a beautiful day!,en
8283,यह ठीक था।,hi
8284,خوب بود اما می‌توانست بهتر باشد,fa
8285,मैं इससे खुश नहीं हूँ।,hi
8286,Worst day ever.,en
8287,What a beautiful day!,en
8288,Das war unglaublich!,de
8289,من خیلی ناراحتم,fa
8290,This is terrible...,en
8291,What a beautiful day!,en
8292,Worst day ever.,en
8293,مقبول لكنه ليس الأفضل,ar
8294,Absolutely fantastic experience!,en
8295,Could be better.,en
8296,"Nicht schlecht, aber nicht gut.",de
8297,من خیلی ناراحتم,fa
8298,Das war unglaublich!,de
8299,Could be better.,en
8300,لا يعجبني هذا,ar
8301,बहुत ही अच्छा प्रदर्शन!,hi
8302,What a beautiful day!,en
8303,اليوم كان رائعًا,ar
8304,Worst day ever.,en
8305,Worst day ever.,en
8306,اليوم كان رائعًا,ar
8307,What a beautiful day!,en
8308,What a beautiful day!,en
8309,I am so tired of this nonsense.,en
8310,اليوم كان رائعًا,ar
8311,Das war unglaublich!,de
8312,Worst day ever.,en
8313,Das war unglaublich!,de
8314,What a beautiful day!,en
8315,خوب بود اما می‌توانست بهتر باشد,fa
8316,Ich bin enttäuscht.,de
8317,Could be better.,en
8318,मैं इससे खुश नहीं हूँ।,hi
8319,لا يعجبني هذا,ar
8320,مقبول لكنه ليس الأفضل,ar
8321,What a beautiful day!,en
8322,Worst day ever.,en
8323,این بهترین روز من بود,fa
8324,"Nicht schlecht, aber nicht gut.",de
8325,من خیلی ناراحتم,fa
8326,اليوم كان رائعًا,ar
8327,خوب بود اما می‌توانست بهتر باشد,fa
8328,यह ठीक था।,hi
8329,What a beautiful day!,en
8330,Absolutely fantastic experience!,en
8331,This is terrible...,en
8332,I love this!,en
8333,من خیلی ناراحتم,fa
8334,What a beautiful day!,en
8335,لا يعجبني هذا,ar
8336,خوب بود اما می‌توانست بهتر باشد,fa
8337,خوب بود اما می‌توانست بهتر باشد,fa
8338,مقبول لكنه ليس الأفضل,ar
8339,This is terrible...,en
8340,This is terrible...,en
8341,I love this!,en
8342,I love this!,en
8343,मैं इससे खुश नहीं हूँ।,hi
8344,من خیلی ناراحتم,fa
8345,Das war unglaublich!,de
8346,Das war unglaublich!,de
8347,This is terrible...,en
8348,این بهترین روز من بود,fa
8349,Absolutely fantastic experience!,en
8350,"Nicht schlecht, aber nicht gut.",de
8351,لا يعجبني هذا,ar
8352,मैं इससे खुश नहीं हूँ।,hi
8353,Could be better.,en
8354,Das war unglaublich!,de
8355,Could be better.,en
8356,Das war unglaublich!,de
8357,What a beautiful day!,en
8358,Ich bin enttäuscht.,de
8359,"Nicht schlecht, aber nicht gut.",de
8360,मैं इससे खुश नहीं हूँ।,hi
8361,बहुत ही अच्छा प्रदर्शन!,hi
8362,This is terrible...,en
8363,I love this!,en
8364,مقبول لكنه ليس الأفضل,ar
8365,مقبول لكنه ليس الأفضل,ar
8366,यह ठीक था।,hi
8367,मैं इससे खुश नहीं हूँ।,hi
8368,यह ठीक था।,hi
8369,मैं इससे खुश नहीं हूँ।,hi
8370,مقبول لكنه ليس الأفضل,ar
8371,"Nicht schlecht, aber nicht gut.",de
8372,मैं इससे खुश नहीं हूँ।,hi
8373,Absolutely fantastic experience!,en
8374,Absolutely fantastic experience!,en
8375,"Nicht schlecht, aber nicht gut.",de
8376,"Nicht schlecht, aber nicht gut.",de
8377,Das war unglaublich!,de
8378,لا يعجبني هذا,ar
8379,لا يعجبني هذا,ar
8380,"Nicht schlecht, aber nicht gut.",de
8381,Could be better.,en
8382,Could be better.,en
8383,خوب بود اما می‌توانست بهتر باشد,fa
8384,मैं इससे खुश नहीं हूँ।,hi
8385,لا يعجبني هذا,ar
8386,Ich bin enttäuscht.,de
8387,لا يعجبني هذا,ar
8388,This is terrible...,en
8389,Ich bin enttäuscht.,de
8390,Ich bin enttäuscht.,de
8391,What a beautiful day!,en
8392,Could be better.,en
8393,اليوم كان رائعًا,ar
8394,Absolutely fantastic experience!,en
8395,Ich bin enttäuscht.,de
8396,मैं इससे खुश नहीं हूँ।,hi
8397,"Nicht schlecht, aber nicht gut.",de
8398,Absolutely fantastic experience!,en
8399,बहुत ही अच्छा प्रदर्शन!,hi
8400,این بهترین روز من بود,fa
8401,"Nicht schlecht, aber nicht gut.",de
8402,I am so tired of this nonsense.,en
8403,این بهترین روز من بود,fa
8404,Worst day ever.,en
8405,This is terrible...,en
8406,Could be better.,en
8407,I am so tired of this nonsense.,en
8408,बहुत ही अच्छा प्रदर्शन!,hi
8409,मैं इससे खुश नहीं हूँ।,hi
8410,बहुत ही अच्छा प्रदर्शन!,hi
8411,Absolutely fantastic experience!,en
8412,मैं इससे खुश नहीं हूँ।,hi
8413,این بهترین روز من بود,fa
8414,خوب بود اما می‌توانست بهتر باشد,fa
8415,لا يعجبني هذا,ar
8416,Absolutely fantastic experience!,en
8417,مقبول لكنه ليس الأفضل,ar
8418,What a beautiful day!,en
8419,This is terrible...,en
8420,What a beautiful day!,en
8421,What a beautiful day!,en
8422,मैं इससे खुश नहीं हूँ।,hi
8423,This is terrible...,en
8424,مقبول لكنه ليس الأفضل,ar
8425,من خیلی ناراحتم,fa
8426,خوب بود اما می‌توانست بهتر باشد,fa
8427,This is terrible...,en
8428,Das war unglaublich!,de
8429,बहुत ही अच्छा प्रदर्शन!,hi
8430,I love this!,en
8431,Das war unglaublich!,de
8432,यह ठीक था।,hi
8433,لا يعجبني هذا,ar
8434,Das war unglaublich!,de
8435,Das war unglaublich!,de
8436,Could be better.,en
8437,I am so tired of this nonsense.,en
8438,I love this!,en
8439,This is terrible...,en
8440,Could be better.,en
8441,मैं इससे खुश नहीं हूँ।,hi
8442,I am so tired of this nonsense.,en
8443,What a beautiful day!,en
8444,This is terrible...,en
8445,من خیلی ناراحتم,fa
8446,Worst day ever.,en
8447,"Nicht schlecht, aber nicht gut.",de
8448,Worst day ever.,en
8449,"Nicht schlecht, aber nicht gut.",de
8450,اليوم كان رائعًا,ar
8451,मैं इससे खुश नहीं हूँ।,hi
8452,Ich bin enttäuscht.,de
8453,Absolutely fantastic experience!,en
8454,من خیلی ناراحتم,fa
8455,What a beautiful day!,en
8456,बहुत ही अच्छा प्रदर्शन!,hi
8457,यह ठीक था।,hi
8458,बहुत ही अच्छा प्रदर्शन!,hi
8459,خوب بود اما می‌توانست بهتر باشد,fa
8460,Das war unglaublich!,de
8461,What a beautiful day!,en
8462,Absolutely fantastic experience!,en
8463,What a beautiful day!,en
8464,Das war unglaublich!,de
8465,I am so tired of this nonsense.,en
8466,Ich bin enttäuscht.,de
8467,این بهترین روز من بود,fa
8468,What a beautiful day!,en
8469,I love this!,en
8470,من خیلی ناراحتم,fa
8471,Das war unglaublich!,de
8472,Worst day ever.,en
8473,من خیلی ناراحتم,fa
8474,Ich bin enttäuscht.,de
8475,Could be better.,en
8476,Absolutely fantastic experience!,en
8477,"Nicht schlecht, aber nicht gut.",de
8478,Could be better.,en
8479,What a beautiful day!,en
8480,बहुत ही अच्छा प्रदर्शन!,hi
8481,This is terrible...,en
8482,I love this!,en
8483,I love this!,en
8484,मैं इससे खुश नहीं हूँ।,hi
8485,لا يعجبني هذا,ar
8486,لا يعجبني هذا,ar
8487,این بهترین روز من بود,fa
8488,This is terrible...,en
8489,این بهترین روز من بود,fa
8490,مقبول لكنه ليس الأفضل,ar
8491,What a beautiful day!,en
8492,لا يعجبني هذا,ar
8493,من خیلی ناراحتم,fa
8494,مقبول لكنه ليس الأفضل,ar
8495,This is terrible...,en
8496,मैं इससे खुश नहीं हूँ।,hi
8497,اليوم كان رائعًا,ar
8498,Worst day ever.,en
8499,मैं इससे खुश नहीं हूँ।,hi
8500,What a beautiful day!,en
8501,Worst day ever.,en
8502,من خیلی ناراحتم,fa
8503,मैं इससे खुश नहीं हूँ।,hi
8504,من خیلی ناراحتم,fa
8505,I love this!,en
8506,I am so tired of this nonsense.,en
8507,Could be better.,en
8508,لا يعجبني هذا,ar
8509,این بهترین روز من بود,fa
8510,این بهترین روز من بود,fa
8511,यह ठीक था।,hi
8512,Absolutely fantastic experience!,en
8513,"Nicht schlecht, aber nicht gut.",de
8514,बहुत ही अच्छा प्रदर्शन!,hi
8515,This is terrible...,en
8516,من خیلی ناراحتم,fa
8517,خوب بود اما می‌توانست بهتر باشد,fa
8518,Could be better.,en
8519,बहुत ही अच्छा प्रदर्शन!,hi
8520,اليوم كان رائعًا,ar
8521,I am so tired of this nonsense.,en
8522,I am so tired of this nonsense.,en
8523,यह ठीक था।,hi
8524,मैं इससे खुश नहीं हूँ।,hi
8525,मैं इससे खुश नहीं हूँ।,hi
8526,"Nicht schlecht, aber nicht gut.",de
8527,Worst day ever.,en
8528,I am so tired of this nonsense.,en
8529,मैं इससे खुश नहीं हूँ।,hi
8530,This is terrible...,en
8531,من خیلی ناراحتم,fa
8532,बहुत ही अच्छा प्रदर्शन!,hi
8533,Absolutely fantastic experience!,en
8534,من خیلی ناراحتم,fa
8535,I love this!,en
8536,Could be better.,en
8537,Could be better.,en
8538,Absolutely fantastic experience!,en
8539,لا يعجبني هذا,ar
8540,"Nicht schlecht, aber nicht gut.",de
8541,What a beautiful day!,en
8542,مقبول لكنه ليس الأفضل,ar
8543,من خیلی ناراحتم,fa
8544,من خیلی ناراحتم,fa
8545,من خیلی ناراحتم,fa
8546,What a beautiful day!,en
8547,اليوم كان رائعًا,ar
8548,Ich bin enttäuscht.,de
8549,مقبول لكنه ليس الأفضل,ar
8550,اليوم كان رائعًا,ar
8551,Ich bin enttäuscht.,de
8552,This is terrible...,en
8553,لا يعجبني هذا,ar
8554,I love this!,en
8555,बहुत ही अच्छा प्रदर्शन!,hi
8556,Das war unglaublich!,de
8557,خوب بود اما می‌توانست بهتر باشد,fa
8558,خوب بود اما می‌توانست بهتر باشد,fa
8559,I am so tired of this nonsense.,en
8560,This is terrible...,en
8561,لا يعجبني هذا,ar
8562,"Nicht schlecht, aber nicht gut.",de
8563,اليوم كان رائعًا,ar
8564,این بهترین روز من بود,fa
8565,यह ठीक था।,hi
8566,बहुत ही अच्छा प्रदर्शन!,hi
8567,This is terrible...,en
8568,من خیلی ناراحتم,fa
8569,This is terrible...,en
8570,I am so tired of this nonsense.,en
8571,اليوم كان رائعًا,ar
8572,What a beautiful day!,en
8573,Could be better.,en
8574,اليوم كان رائعًا,ar
8575,I am so tired of this nonsense.,en
8576,What a beautiful day!,en
8577,اليوم كان رائعًا,ar
8578,Ich bin enttäuscht.,de
8579,मैं इससे खुश नहीं हूँ।,hi
8580,این بهترین روز من بود,fa
8581,बहुत ही अच्छा प्रदर्शन!,hi
8582,خوب بود اما می‌توانست بهتر باشد,fa
8583,This is terrible...,en
8584,لا يعجبني هذا,ar
8585,What a beautiful day!,en
8586,"Nicht schlecht, aber nicht gut.",de
8587,I love this!,en
8588,This is terrible...,en
8589,خوب بود اما می‌توانست بهتر باشد,fa
8590,Could be better.,en
8591,मैं इससे खुश नहीं हूँ।,hi
8592,I love this!,en
8593,This is terrible...,en
8594,मैं इससे खुश नहीं हूँ।,hi
8595,این بهترین روز من بود,fa
8596,यह ठीक था।,hi
8597,बहुत ही अच्छा प्रदर्शन!,hi
8598,What a beautiful day!,en
8599,Absolutely fantastic experience!,en
8600,I love this!,en
8601,لا يعجبني هذا,ar
8602,این بهترین روز من بود,fa
8603,Das war unglaublich!,de
8604,Absolutely fantastic experience!,en
8605,बहुत ही अच्छा प्रदर्शन!,hi
8606,اليوم كان رائعًا,ar
8607,Ich bin enttäuscht.,de
8608,Ich bin enttäuscht.,de
8609,This is terrible...,en
8610,این بهترین روز من بود,fa
8611,اليوم كان رائعًا,ar
8612,Absolutely fantastic experience!,en
8613,اليوم كان رائعًا,ar
8614,I love this!,en
8615,Absolutely fantastic experience!,en
8616,बहुत ही अच्छा प्रदर्शन!,hi
8617,مقبول لكنه ليس الأفضل,ar
8618,मैं इससे खुश नहीं हूँ।,hi
8619,I am so tired of this nonsense.,en
8620,Absolutely fantastic experience!,en
8621,Could be better.,en
8622,मैं इससे खुश नहीं हूँ।,hi
8623,I am so tired of this nonsense.,en
8624,What a beautiful day!,en
8625,Das war unglaublich!,de
8626,"Nicht schlecht, aber nicht gut.",de
8627,I love this!,en
8628,What a beautiful day!,en
8629,لا يعجبني هذا,ar
8630,مقبول لكنه ليس الأفضل,ar
8631,Absolutely fantastic experience!,en
8632,لا يعجبني هذا,ar
8633,I love this!,en
8634,خوب بود اما می‌توانست بهتر باشد,fa
8635,मैं इससे खुश नहीं हूँ।,hi
8636,مقبول لكنه ليس الأفضل,ar
8637,Could be better.,en
8638,बहुत ही अच्छा प्रदर्शन!,hi
8639,What a beautiful day!,en
8640,Could be better.,en
8641,Could be better.,en
8642,What a beautiful day!,en
8643,من خیلی ناراحتم,fa
8644,मैं इससे खुश नहीं हूँ।,hi
8645,من خیلی ناراحتم,fa
8646,مقبول لكنه ليس الأفضل,ar
8647,این بهترین روز من بود,fa
8648,مقبول لكنه ليس الأفضل,ar
8649,Worst day ever.,en
8650,من خیلی ناراحتم,fa
8651,اليوم كان رائعًا,ar
8652,I love this!,en
8653,I love this!,en
8654,لا يعجبني هذا,ar
8655,Das war unglaublich!,de
8656,What a beautiful day!,en
8657,What a beautiful day!,en
8658,This is terrible...,en
8659,این بهترین روز من بود,fa
8660,What a beautiful day!,en
8661,Worst day ever.,en
8662,This is terrible...,en
8663,I love this!,en
8664,यह ठीक था।,hi
8665,मैं इससे खुश नहीं हूँ।,hi
8666,این بهترین روز من بود,fa
8667,I am so tired of this nonsense.,en
8668,What a beautiful day!,en
8669,Ich bin enttäuscht.,de
8670,Absolutely fantastic experience!,en
8671,This is terrible...,en
8672,यह ठीक था।,hi
8673,What a beautiful day!,en
8674,बहुत ही अच्छा प्रदर्शन!,hi
8675,اليوم كان رائعًا,ar
8676,من خیلی ناراحتم,fa
8677,مقبول لكنه ليس الأفضل,ar
8678,This is terrible...,en
8679,Ich bin enttäuscht.,de
8680,I am so tired of this nonsense.,en
8681,من خیلی ناراحتم,fa
8682,मैं इससे खुश नहीं हूँ।,hi
8683,Das war unglaublich!,de
8684,Worst day ever.,en
8685,اليوم كان رائعًا,ar
8686,I am so tired of this nonsense.,en
8687,اليوم كان رائعًا,ar
8688,मैं इससे खुश नहीं हूँ।,hi
8689,बहुत ही अच्छा प्रदर्शन!,hi
8690,I am so tired of this nonsense.,en
8691,خوب بود اما می‌توانست بهتر باشد,fa
8692,Worst day ever.,en
8693,I love this!,en
8694,I am so tired of this nonsense.,en
8695,I am so tired of this nonsense.,en
8696,اليوم كان رائعًا,ar
8697,خوب بود اما می‌توانست بهتر باشد,fa
8698,Could be better.,en
8699,Das war unglaublich!,de
8700,यह ठीक था।,hi
8701,What a beautiful day!,en
8702,This is terrible...,en
8703,"Nicht schlecht, aber nicht gut.",de
8704,Worst day ever.,en
8705,این بهترین روز من بود,fa
8706,این بهترین روز من بود,fa
8707,اليوم كان رائعًا,ar
8708,Absolutely fantastic experience!,en
8709,बहुत ही अच्छा प्रदर्शन!,hi
8710,This is terrible...,en
8711,मैं इससे खुश नहीं हूँ।,hi
8712,لا يعجبني هذا,ar
8713,مقبول لكنه ليس الأفضل,ar
8714,Das war unglaublich!,de
8715,यह ठीक था।,hi
8716,मैं इससे खुश नहीं हूँ।,hi
8717,Worst day ever.,en
8718,Absolutely fantastic experience!,en
8719,من خیلی ناراحتم,fa
8720,این بهترین روز من بود,fa
8721,मैं इससे खुश नहीं हूँ।,hi
8722,"Nicht schlecht, aber nicht gut.",de
8723,What a beautiful day!,en
8724,Worst day ever.,en
8725,यह ठीक था।,hi
8726,Could be better.,en
8727,Ich bin enttäuscht.,de
8728,This is terrible...,en
8729,बहुत ही अच्छा प्रदर्शन!,hi
8730,This is terrible...,en
8731,"Nicht schlecht, aber nicht gut.",de
8732,Absolutely fantastic experience!,en
8733,I am so tired of this nonsense.,en
8734,این بهترین روز من بود,fa
8735,لا يعجبني هذا,ar
8736,Ich bin enttäuscht.,de
8737,What a beautiful day!,en
8738,मैं इससे खुश नहीं हूँ।,hi
8739,"Nicht schlecht, aber nicht gut.",de
8740,This is terrible...,en
8741,خوب بود اما می‌توانست بهتر باشد,fa
8742,خوب بود اما می‌توانست بهتر باشد,fa
8743,I am so tired of this nonsense.,en
8744,मैं इससे खुश नहीं हूँ।,hi
8745,बहुत ही अच्छा प्रदर्शन!,hi
8746,لا يعجبني هذا,ar
8747,اليوم كان رائعًا,ar
8748,बहुत ही अच्छा प्रदर्शन!,hi
8749,من خیلی ناراحتم,fa
8750,این بهترین روز من بود,fa
8751,This is terrible...,en
8752,خوب بود اما می‌توانست بهتر باشد,fa
8753,اليوم كان رائعًا,ar
8754,Absolutely fantastic experience!,en
8755,Ich bin enttäuscht.,de
8756,مقبول لكنه ليس الأفضل,ar
8757,बहुत ही अच्छा प्रदर्शन!,hi
8758,बहुत ही अच्छा प्रदर्शन!,hi
8759,خوب بود اما می‌توانست بهتر باشد,fa
8760,"Nicht schlecht, aber nicht gut.",de
8761,What a beautiful day!,en
8762,لا يعجبني هذا,ar
8763,मैं इससे खुश नहीं हूँ।,hi
8764,من خیلی ناراحتم,fa
8765,لا يعجبني هذا,ar
8766,Ich bin enttäuscht.,de
8767,خوب بود اما می‌توانست بهتر باشد,fa
8768,این بهترین روز من بود,fa
8769,اليوم كان رائعًا,ar
8770,यह ठीक था।,hi
8771,"Nicht schlecht, aber nicht gut.",de
8772,यह ठीक था।,hi
8773,Worst day ever.,en
8774,Could be better.,en
8775,यह ठीक था।,hi
8776,Das war unglaublich!,de
8777,Das war unglaublich!,de
8778,خوب بود اما می‌توانست بهتر باشد,fa
8779,यह ठीक था।,hi
8780,Absolutely fantastic experience!,en
8781,What a beautiful day!,en
8782,مقبول لكنه ليس الأفضل,ar
8783,What a beautiful day!,en
8784,This is terrible...,en
8785,This is terrible...,en
8786,मैं इससे खुश नहीं हूँ।,hi
8787,Could be better.,en
8788,Ich bin enttäuscht.,de
8789,यह ठीक था।,hi
8790,من خیلی ناراحتم,fa
8791,مقبول لكنه ليس الأفضل,ar
8792,बहुत ही अच्छा प्रदर्शन!,hi
8793,I love this!,en
8794,خوب بود اما می‌توانست بهتر باشد,fa
8795,لا يعجبني هذا,ar
8796,Absolutely fantastic experience!,en
8797,मैं इससे खुश नहीं हूँ।,hi
8798,مقبول لكنه ليس الأفضل,ar
8799,बहुत ही अच्छा प्रदर्शन!,hi
8800,این بهترین روز من بود,fa
8801,What a beautiful day!,en
8802,مقبول لكنه ليس الأفضل,ar
8803,मैं इससे खुश नहीं हूँ।,hi
8804,خوب بود اما می‌توانست بهتر باشد,fa
8805,मैं इससे खुश नहीं हूँ।,hi
8806,Ich bin enttäuscht.,de
8807,This is terrible...,en
8808,Ich bin enttäuscht.,de
8809,Ich bin enttäuscht.,de
8810,Das war unglaublich!,de
8811,Worst day ever.,en
8812,यह ठीक था।,hi
8813,مقبول لكنه ليس الأفضل,ar
8814,Worst day ever.,en
8815,مقبول لكنه ليس الأفضل,ar
8816,मैं इससे खुश नहीं हूँ।,hi
8817,Ich bin enttäuscht.,de
8818,خوب بود اما می‌توانست بهتر باشد,fa
8819,اليوم كان رائعًا,ar
8820,I am so tired of this nonsense.,en
8821,What a beautiful day!,en
8822,What a beautiful day!,en
8823,خوب بود اما می‌توانست بهتر باشد,fa
8824,Das war unglaublich!,de
8825,خوب بود اما می‌توانست بهتر باشد,fa
8826,मैं इससे खुश नहीं हूँ।,hi
8827,این بهترین روز من بود,fa
8828,This is terrible...,en
8829,Could be better.,en
8830,I am so tired of this nonsense.,en
8831,मैं इससे खुश नहीं हूँ।,hi
8832,I love this!,en
8833,Ich bin enttäuscht.,de
8834,Absolutely fantastic experience!,en
8835,این بهترین روز من بود,fa
8836,Das war unglaublich!,de
8837,مقبول لكنه ليس الأفضل,ar
8838,من خیلی ناراحتم,fa
8839,مقبول لكنه ليس الأفضل,ar
8840,اليوم كان رائعًا,ar
8841,बहुत ही अच्छा प्रदर्शन!,hi
8842,Ich bin enttäuscht.,de
8843,خوب بود اما می‌توانست بهتر باشد,fa
8844,यह ठीक था।,hi
8845,خوب بود اما می‌توانست بهتر باشد,fa
8846,बहुत ही अच्छा प्रदर्शन!,hi
8847,मैं इससे खुश नहीं हूँ।,hi
8848,This is terrible...,en
8849,मैं इससे खुश नहीं हूँ।,hi
8850,Absolutely fantastic experience!,en
8851,मैं इससे खुश नहीं हूँ।,hi
8852,बहुत ही अच्छा प्रदर्शन!,hi
8853,Absolutely fantastic experience!,en
8854,Worst day ever.,en
8855,Could be better.,en
8856,Das war unglaublich!,de
8857,مقبول لكنه ليس الأفضل,ar
8858,من خیلی ناراحتم,fa
8859,"Nicht schlecht, aber nicht gut.",de
8860,I am so tired of this nonsense.,en
8861,मैं इससे खुश नहीं हूँ।,hi
8862,Das war unglaublich!,de
8863,मैं इससे खुश नहीं हूँ।,hi
8864,خوب بود اما می‌توانست بهتر باشد,fa
8865,Das war unglaublich!,de
8866,خوب بود اما می‌توانست بهتر باشد,fa
8867,I am so tired of this nonsense.,en
8868,من خیلی ناراحتم,fa
8869,من خیلی ناراحتم,fa
8870,Absolutely fantastic experience!,en
8871,Absolutely fantastic experience!,en
8872,Absolutely fantastic experience!,en
8873,من خیلی ناراحتم,fa
8874,من خیلی ناراحتم,fa
8875,मैं इससे खुश नहीं हूँ।,hi
8876,این بهترین روز من بود,fa
8877,I love this!,en
8878,मैं इससे खुश नहीं हूँ।,hi
8879,यह ठीक था।,hi
8880,बहुत ही अच्छा प्रदर्शन!,hi
8881,من خیلی ناراحتم,fa
8882,"Nicht schlecht, aber nicht gut.",de
8883,"Nicht schlecht, aber nicht gut.",de
8884,Das war unglaublich!,de
8885,"Nicht schlecht, aber nicht gut.",de
8886,I love this!,en
8887,Absolutely fantastic experience!,en
8888,Ich bin enttäuscht.,de
8889,I love this!,en
8890,I love this!,en
8891,What a beautiful day!,en
8892,I love this!,en
8893,I love this!,en
8894,Ich bin enttäuscht.,de
8895,Worst day ever.,en
8896,Ich bin enttäuscht.,de
8897,این بهترین روز من بود,fa
8898,مقبول لكنه ليس الأفضل,ar
8899,این بهترین روز من بود,fa
8900,Absolutely fantastic experience!,en
8901,خوب بود اما می‌توانست بهتر باشد,fa
8902,لا يعجبني هذا,ar
8903,لا يعجبني هذا,ar
8904,मैं इससे खुश नहीं हूँ।,hi
8905,"Nicht schlecht, aber nicht gut.",de
8906,خوب بود اما می‌توانست بهتر باشد,fa
8907,This is terrible...,en
8908,من خیلی ناراحتم,fa
8909,I am so tired of this nonsense.,en
8910,من خیلی ناراحتم,fa
8911,बहुत ही अच्छा प्रदर्शन!,hi
8912,مقبول لكنه ليس الأفضل,ar
8913,Absolutely fantastic experience!,en
8914,I am so tired of this nonsense.,en
8915,من خیلی ناراحتم,fa
8916,Could be better.,en
8917,This is terrible...,en
8918,What a beautiful day!,en
8919,बहुत ही अच्छा प्रदर्शन!,hi
8920,Ich bin enttäuscht.,de
8921,Das war unglaublich!,de
8922,I am so tired of this nonsense.,en
8923,I love this!,en
8924,मैं इससे खुश नहीं हूँ।,hi
8925,مقبول لكنه ليس الأفضل,ar
8926,اليوم كان رائعًا,ar
8927,خوب بود اما می‌توانست بهتر باشد,fa
8928,मैं इससे खुश नहीं हूँ।,hi
8929,बहुत ही अच्छा प्रदर्शन!,hi
8930,من خیلی ناراحتم,fa
8931,This is terrible...,en
8932,Worst day ever.,en
8933,What a beautiful day!,en
8934,Absolutely fantastic experience!,en
8935,बहुत ही अच्छा प्रदर्शन!,hi
8936,I love this!,en
8937,"Nicht schlecht, aber nicht gut.",de
8938,Could be better.,en
8939,من خیلی ناراحتم,fa
8940,لا يعجبني هذا,ar
8941,Ich bin enttäuscht.,de
8942,این بهترین روز من بود,fa
8943,This is terrible...,en
8944,Worst day ever.,en
8945,Das war unglaublich!,de
8946,I am so tired of this nonsense.,en
8947,बहुत ही अच्छा प्रदर्शन!,hi
8948,مقبول لكنه ليس الأفضل,ar
8949,Ich bin enttäuscht.,de
8950,اليوم كان رائعًا,ar
8951,"Nicht schlecht, aber nicht gut.",de
8952,What a beautiful day!,en
8953,बहुत ही अच्छा प्रदर्शन!,hi
8954,Could be better.,en
8955,यह ठीक था।,hi
8956,बहुत ही अच्छा प्रदर्शन!,hi
8957,I love this!,en
8958,"Nicht schlecht, aber nicht gut.",de
8959,बहुत ही अच्छा प्रदर्शन!,hi
8960,I am so tired of this nonsense.,en
8961,Ich bin enttäuscht.,de
8962,Could be better.,en
8963,I am so tired of this nonsense.,en
8964,बहुत ही अच्छा प्रदर्शन!,hi
8965,I am so tired of this nonsense.,en
8966,Worst day ever.,en
8967,बहुत ही अच्छा प्रदर्शन!,hi
8968,Could be better.,en
8969,"Nicht schlecht, aber nicht gut.",de
8970,I am so tired of this nonsense.,en
8971,Could be better.,en
8972,Ich bin enttäuscht.,de
8973,यह ठीक था।,hi
8974,Absolutely fantastic experience!,en
8975,I am so tired of this nonsense.,en
8976,यह ठीक था।,hi
8977,Worst day ever.,en
8978,बहुत ही अच्छा प्रदर्शन!,hi
8979,من خیلی ناراحتم,fa
8980,Ich bin enttäuscht.,de
8981,मैं इससे खुश नहीं हूँ।,hi
8982,Ich bin enttäuscht.,de
8983,मैं इससे खुश नहीं हूँ।,hi
8984,This is terrible...,en
8985,बहुत ही अच्छा प्रदर्शन!,hi
8986,मैं इससे खुश नहीं हूँ।,hi
8987,این بهترین روز من بود,fa
8988,"Nicht schlecht, aber nicht gut.",de
8989,I love this!,en
8990,यह ठीक था।,hi
8991,Absolutely fantastic experience!,en
8992,Das war unglaublich!,de
8993,Das war unglaublich!,de
8994,I am so tired of this nonsense.,en
8995,Ich bin enttäuscht.,de
8996,यह ठीक था।,hi
8997,Ich bin enttäuscht.,de
8998,I am so tired of this nonsense.,en
8999,اليوم كان رائعًا,ar
9000,من خیلی ناراحتم,fa
9001,मैं इससे खुश नहीं हूँ।,hi
9002,Das war unglaublich!,de
9003,Das war unglaublich!,de
9004,Absolutely fantastic experience!,en
9005,I love this!,en
9006,خوب بود اما می‌توانست بهتر باشد,fa
9007,لا يعجبني هذا,ar
9008,Worst day ever.,en
9009,I love this!,en
9010,مقبول لكنه ليس الأفضل,ar
9011,I love this!,en
9012,मैं इससे खुश नहीं हूँ।,hi
9013,What a beautiful day!,en
9014,Absolutely fantastic experience!,en
9015,اليوم كان رائعًا,ar
9016,मैं इससे खुश नहीं हूँ।,hi
9017,Das war unglaublich!,de
9018,لا يعجبني هذا,ar
9019,बहुत ही अच्छा प्रदर्शन!,hi
9020,I love this!,en
9021,यह ठीक था।,hi
9022,यह ठीक था।,hi
9023,Worst day ever.,en
9024,من خیلی ناراحتم,fa
9025,لا يعجبني هذا,ar
9026,What a beautiful day!,en
9027,این بهترین روز من بود,fa
9028,I am so tired of this nonsense.,en
9029,"Nicht schlecht, aber nicht gut.",de
9030,Absolutely fantastic experience!,en
9031,I love this!,en
9032,मैं इससे खुश नहीं हूँ।,hi
9033,Absolutely fantastic experience!,en
9034,Das war unglaublich!,de
9035,I am so tired of this nonsense.,en
9036,Could be better.,en
9037,مقبول لكنه ليس الأفضل,ar
9038,خوب بود اما می‌توانست بهتر باشد,fa
9039,मैं इससे खुश नहीं हूँ।,hi
9040,Absolutely fantastic experience!,en
9041,این بهترین روز من بود,fa
9042,لا يعجبني هذا,ar
9043,Absolutely fantastic experience!,en
9044,What a beautiful day!,en
9045,Das war unglaublich!,de
9046,Could be better.,en
9047,خوب بود اما می‌توانست بهتر باشد,fa
9048,"Nicht schlecht, aber nicht gut.",de
9049,यह ठीक था।,hi
9050,This is terrible...,en
9051,यह ठीक था।,hi
9052,Absolutely fantastic experience!,en
9053,Absolutely fantastic experience!,en
9054,I am so tired of this nonsense.,en
9055,I love this!,en
9056,Absolutely fantastic experience!,en
9057,मैं इससे खुश नहीं हूँ।,hi
9058,यह ठीक था।,hi
9059,Could be better.,en
9060,مقبول لكنه ليس الأفضل,ar
9061,मैं इससे खुश नहीं हूँ।,hi
9062,Worst day ever.,en
9063,This is terrible...,en
9064,خوب بود اما می‌توانست بهتر باشد,fa
9065,What a beautiful day!,en
9066,Worst day ever.,en
9067,مقبول لكنه ليس الأفضل,ar
9068,I love this!,en
9069,مقبول لكنه ليس الأفضل,ar
9070,Ich bin enttäuscht.,de
9071,اليوم كان رائعًا,ar
9072,من خیلی ناراحتم,fa
9073,मैं इससे खुश नहीं हूँ।,hi
9074,This is terrible...,en
9075,اليوم كان رائعًا,ar
9076,This is terrible...,en
9077,I am so tired of this nonsense.,en
9078,لا يعجبني هذا,ar
9079,Could be better.,en
9080,لا يعجبني هذا,ar
9081,I love this!,en
9082,I love this!,en
9083,لا يعجبني هذا,ar
9084,What a beautiful day!,en
9085,این بهترین روز من بود,fa
9086,I love this!,en
9087,من خیلی ناراحتم,fa
9088,اليوم كان رائعًا,ar
9089,This is terrible...,en
9090,لا يعجبني هذا,ar
9091,बहुत ही अच्छा प्रदर्शन!,hi
9092,I am so tired of this nonsense.,en
9093,Das war unglaublich!,de
9094,Absolutely fantastic experience!,en
9095,मैं इससे खुश नहीं हूँ।,hi
9096,बहुत ही अच्छा प्रदर्शन!,hi
9097,I am so tired of this nonsense.,en
9098,اليوم كان رائعًا,ar
9099,Worst day ever.,en
9100,Absolutely fantastic experience!,en
9101,"Nicht schlecht, aber nicht gut.",de
9102,What a beautiful day!,en
9103,Das war unglaublich!,de
9104,Worst day ever.,en
9105,यह ठीक था।,hi
9106,خوب بود اما می‌توانست بهتر باشد,fa
9107,I am so tired of this nonsense.,en
9108,"Nicht schlecht, aber nicht gut.",de
9109,Worst day ever.,en
9110,Could be better.,en
9111,این بهترین روز من بود,fa
9112,من خیلی ناراحتم,fa
9113,मैं इससे खुश नहीं हूँ।,hi
9114,Absolutely fantastic experience!,en
9115,لا يعجبني هذا,ar
9116,मैं इससे खुश नहीं हूँ।,hi
9117,این بهترین روز من بود,fa
9118,I am so tired of this nonsense.,en
9119,این بهترین روز من بود,fa
9120,यह ठीक था।,hi
9121,"Nicht schlecht, aber nicht gut.",de
9122,مقبول لكنه ليس الأفضل,ar
9123,مقبول لكنه ليس الأفضل,ar
9124,این بهترین روز من بود,fa
9125,Absolutely fantastic experience!,en
9126,من خیلی ناراحتم,fa
9127,Could be better.,en
9128,Absolutely fantastic experience!,en
9129,This is terrible...,en
9130,"Nicht schlecht, aber nicht gut.",de
9131,मैं इससे खुश नहीं हूँ।,hi
9132,مقبول لكنه ليس الأفضل,ar
9133,Das war unglaublich!,de
9134,Das war unglaublich!,de
9135,من خیلی ناراحتم,fa
9136,اليوم كان رائعًا,ar
9137,این بهترین روز من بود,fa
9138,बहुत ही अच्छा प्रदर्शन!,hi
9139,خوب بود اما می‌توانست بهتر باشد,fa
9140,Absolutely fantastic experience!,en
9141,What a beautiful day!,en
9142,"Nicht schlecht, aber nicht gut.",de
9143,Ich bin enttäuscht.,de
9144,I love this!,en
9145,Could be better.,en
9146,خوب بود اما می‌توانست بهتر باشد,fa
9147,خوب بود اما می‌توانست بهتر باشد,fa
9148,बहुत ही अच्छा प्रदर्शन!,hi
9149,Ich bin enttäuscht.,de
9150,Absolutely fantastic experience!,en
9151,Ich bin enttäuscht.,de
9152,خوب بود اما می‌توانست بهتر باشد,fa
9153,لا يعجبني هذا,ar
9154,यह ठीक था।,hi
9155,مقبول لكنه ليس الأفضل,ar
9156,این بهترین روز من بود,fa
9157,This is terrible...,en
9158,من خیلی ناراحتم,fa
9159,What a beautiful day!,en
9160,Ich bin enttäuscht.,de
9161,यह ठीक था।,hi
9162,Das war unglaublich!,de
9163,Worst day ever.,en
9164,من خیلی ناراحتم,fa
9165,बहुत ही अच्छा प्रदर्शन!,hi
9166,"Nicht schlecht, aber nicht gut.",de
9167,این بهترین روز من بود,fa
9168,यह ठीक था।,hi
9169,من خیلی ناراحتم,fa
9170,मैं इससे खुश नहीं हूँ।,hi
9171,لا يعجبني هذا,ar
9172,خوب بود اما می‌توانست بهتر باشد,fa
9173,این بهترین روز من بود,fa
9174,Das war unglaublich!,de
9175,Could be better.,en
9176,لا يعجبني هذا,ar
9177,I am so tired of this nonsense.,en
9178,I love this!,en
9179,خوب بود اما می‌توانست بهتر باشد,fa
9180,I love this!,en
9181,यह ठीक था।,hi
9182,"Nicht schlecht, aber nicht gut.",de
9183,لا يعجبني هذا,ar
9184,Das war unglaublich!,de
9185,Absolutely fantastic experience!,en
9186,"Nicht schlecht, aber nicht gut.",de
9187,این بهترین روز من بود,fa
9188,What a beautiful day!,en
9189,لا يعجبني هذا,ar
9190,مقبول لكنه ليس الأفضل,ar
9191,لا يعجبني هذا,ar
9192,यह ठीक था।,hi
9193,خوب بود اما می‌توانست بهتر باشد,fa
9194,"Nicht schlecht, aber nicht gut.",de
9195,यह ठीक था।,hi
9196,I am so tired of this nonsense.,en
9197,خوب بود اما می‌توانست بهتر باشد,fa
9198,مقبول لكنه ليس الأفضل,ar
9199,Absolutely fantastic experience!,en
9200,मैं इससे खुश नहीं हूँ।,hi
9201,Could be better.,en
9202,"Nicht schlecht, aber nicht gut.",de
9203,اليوم كان رائعًا,ar
9204,مقبول لكنه ليس الأفضل,ar
9205,मैं इससे खुश नहीं हूँ।,hi
9206,Could be better.,en
9207,यह ठीक था।,hi
9208,I am so tired of this nonsense.,en
9209,बहुत ही अच्छा प्रदर्शन!,hi
9210,"Nicht schlecht, aber nicht gut.",de
9211,اليوم كان رائعًا,ar
9212,Worst day ever.,en
9213,"Nicht schlecht, aber nicht gut.",de
9214,This is terrible...,en
9215,این بهترین روز من بود,fa
9216,Could be better.,en
9217,I love this!,en
9218,Ich bin enttäuscht.,de
9219,اليوم كان رائعًا,ar
9220,Ich bin enttäuscht.,de
9221,I love this!,en
9222,مقبول لكنه ليس الأفضل,ar
9223,What a beautiful day!,en
9224,Ich bin enttäuscht.,de
9225,Could be better.,en
9226,I love this!,en
9227,Worst day ever.,en
9228,خوب بود اما می‌توانست بهتر باشد,fa
9229,این بهترین روز من بود,fa
9230,"Nicht schlecht, aber nicht gut.",de
9231,बहुत ही अच्छा प्रदर्शन!,hi
9232,من خیلی ناراحتم,fa
9233,मैं इससे खुश नहीं हूँ।,hi
9234,"Nicht schlecht, aber nicht gut.",de
9235,I am so tired of this nonsense.,en
9236,यह ठीक था।,hi
9237,"Nicht schlecht, aber nicht gut.",de
9238,I am so tired of this nonsense.,en
9239,مقبول لكنه ليس الأفضل,ar
9240,خوب بود اما می‌توانست بهتر باشد,fa
9241,I am so tired of this nonsense.,en
9242,यह ठीक था।,hi
9243,What a beautiful day!,en
9244,این بهترین روز من بود,fa
9245,I am so tired of this nonsense.,en
9246,Das war unglaublich!,de
9247,Absolutely fantastic experience!,en
9248,مقبول لكنه ليس الأفضل,ar
9249,यह ठीक था।,hi
9250,मैं इससे खुश नहीं हूँ।,hi
9251,मैं इससे खुश नहीं हूँ।,hi
9252,این بهترین روز من بود,fa
9253,बहुत ही अच्छा प्रदर्शन!,hi
9254,خوب بود اما می‌توانست بهتر باشد,fa
9255,बहुत ही अच्छा प्रदर्शन!,hi
9256,این بهترین روز من بود,fa
9257,لا يعجبني هذا,ar
9258,I love this!,en
9259,Ich bin enttäuscht.,de
9260,اليوم كان رائعًا,ar
9261,Ich bin enttäuscht.,de
9262,Worst day ever.,en
9263,Worst day ever.,en
9264,اليوم كان رائعًا,ar
9265,I am so tired of this nonsense.,en
9266,اليوم كان رائعًا,ar
9267,"Nicht schlecht, aber nicht gut.",de
9268,خوب بود اما می‌توانست بهتر باشد,fa
9269,اليوم كان رائعًا,ar
9270,Das war unglaublich!,de
9271,اليوم كان رائعًا,ar
9272,I am so tired of this nonsense.,en
9273,मैं इससे खुश नहीं हूँ।,hi
9274,این بهترین روز من بود,fa
9275,مقبول لكنه ليس الأفضل,ar
9276,I love this!,en
9277,اليوم كان رائعًا,ar
9278,I love this!,en
9279,बहुत ही अच्छा प्रदर्शन!,hi
9280,यह ठीक था।,hi
9281,बहुत ही अच्छा प्रदर्शन!,hi
9282,I am so tired of this nonsense.,en
9283,من خیلی ناراحتم,fa
9284,Absolutely fantastic experience!,en
9285,I love this!,en
9286,Could be better.,en
9287,"Nicht schlecht, aber nicht gut.",de
9288,यह ठीक था।,hi
9289,اليوم كان رائعًا,ar
9290,مقبول لكنه ليس الأفضل,ar
9291,لا يعجبني هذا,ar
9292,این بهترین روز من بود,fa
9293,This is terrible...,en
9294,من خیلی ناراحتم,fa
9295,مقبول لكنه ليس الأفضل,ar
9296,من خیلی ناراحتم,fa
9297,من خیلی ناراحتم,fa
9298,What a beautiful day!,en
9299,I love this!,en
9300,مقبول لكنه ليس الأفضل,ar
9301,बहुत ही अच्छा प्रदर्शन!,hi
9302,I love this!,en
9303,Das war unglaublich!,de
9304,मैं इससे खुश नहीं हूँ।,hi
9305,Worst day ever.,en
9306,बहुत ही अच्छा प्रदर्शन!,hi
9307,Absolutely fantastic experience!,en
9308,I love this!,en
9309,لا يعجبني هذا,ar
9310,"Nicht schlecht, aber nicht gut.",de
9311,I am so tired of this nonsense.,en
9312,اليوم كان رائعًا,ar
9313,این بهترین روز من بود,fa
9314,Could be better.,en
9315,Could be better.,en
9316,Das war unglaublich!,de
9317,Worst day ever.,en
9318,مقبول لكنه ليس الأفضل,ar
9319,"Nicht schlecht, aber nicht gut.",de
9320,Worst day ever.,en
9321,مقبول لكنه ليس الأفضل,ar
9322,I love this!,en
9323,यह ठीक था।,hi
9324,مقبول لكنه ليس الأفضل,ar
9325,Ich bin enttäuscht.,de
9326,This is terrible...,en
9327,Worst day ever.,en
9328,من خیلی ناراحتم,fa
9329,I am so tired of this nonsense.,en
9330,मैं इससे खुश नहीं हूँ।,hi
9331,Das war unglaublich!,de
9332,خوب بود اما می‌توانست بهتر باشد,fa
9333,Ich bin enttäuscht.,de
9334,बहुत ही अच्छा प्रदर्शन!,hi
9335,لا يعجبني هذا,ar
9336,Ich bin enttäuscht.,de
9337,مقبول لكنه ليس الأفضل,ar
9338,مقبول لكنه ليس الأفضل,ar
9339,यह ठीक था।,hi
9340,I am so tired of this nonsense.,en
9341,Could be better.,en
9342,خوب بود اما می‌توانست بهتر باشد,fa
9343,Absolutely fantastic experience!,en
9344,Absolutely fantastic experience!,en
9345,این بهترین روز من بود,fa
9346,لا يعجبني هذا,ar
9347,Ich bin enttäuscht.,de
9348,خوب بود اما می‌توانست بهتر باشد,fa
9349,Ich bin enttäuscht.,de
9350,Could be better.,en
9351,Absolutely fantastic experience!,en
9352,Das war unglaublich!,de
9353,من خیلی ناراحتم,fa
9354,اليوم كان رائعًا,ar
9355,خوب بود اما می‌توانست بهتر باشد,fa
9356,"Nicht schlecht, aber nicht gut.",de
9357,اليوم كان رائعًا,ar
9358,مقبول لكنه ليس الأفضل,ar
9359,لا يعجبني هذا,ar
9360,خوب بود اما می‌توانست بهتر باشد,fa
9361,Das war unglaublich!,de
9362,مقبول لكنه ليس الأفضل,ar
9363,I love this!,en
9364,This is terrible...,en
9365,اليوم كان رائعًا,ar
9366,مقبول لكنه ليس الأفضل,ar
9367,बहुत ही अच्छा प्रदर्शन!,hi
9368,Das war unglaublich!,de
9369,Das war unglaublich!,de
9370,Worst day ever.,en
9371,این بهترین روز من بود,fa
9372,What a beautiful day!,en
9373,I love this!,en
9374,این بهترین روز من بود,fa
9375,"Nicht schlecht, aber nicht gut.",de
9376,"Nicht schlecht, aber nicht gut.",de
9377,خوب بود اما می‌توانست بهتر باشد,fa
9378,Das war unglaublich!,de
9379,مقبول لكنه ليس الأفضل,ar
9380,مقبول لكنه ليس الأفضل,ar
9381,من خیلی ناراحتم,fa
9382,"Nicht schlecht, aber nicht gut.",de
9383,मैं इससे खुश नहीं हूँ।,hi
9384,Absolutely fantastic experience!,en
9385,बहुत ही अच्छा प्रदर्शन!,hi
9386,"Nicht schlecht, aber nicht gut.",de
9387,خوب بود اما می‌توانست بهتر باشد,fa
9388,बहुत ही अच्छा प्रदर्शन!,hi
9389,Ich bin enttäuscht.,de
9390,لا يعجبني هذا,ar
9391,این بهترین روز من بود,fa
9392,मैं इससे खुश नहीं हूँ।,hi
9393,Das war unglaublich!,de
9394,لا يعجبني هذا,ar
9395,This is terrible...,en
9396,यह ठीक था।,hi
9397,من خیلی ناراحتم,fa
9398,من خیلی ناراحتم,fa
9399,Ich bin enttäuscht.,de
9400,این بهترین روز من بود,fa
9401,خوب بود اما می‌توانست بهتر باشد,fa
9402,Worst day ever.,en
9403,What a beautiful day!,en
9404,Could be better.,en
9405,What a beautiful day!,en
9406,What a beautiful day!,en
9407,I am so tired of this nonsense.,en
9408,Worst day ever.,en
9409,I am so tired of this nonsense.,en
9410,यह ठीक था।,hi
9411,What a beautiful day!,en
9412,لا يعجبني هذا,ar
9413,Ich bin enttäuscht.,de
9414,What a beautiful day!,en
9415,Worst day ever.,en
9416,مقبول لكنه ليس الأفضل,ar
9417,خوب بود اما می‌توانست بهتر باشد,fa
9418,Absolutely fantastic experience!,en
9419,बहुत ही अच्छा प्रदर्शन!,hi
9420,Worst day ever.,en
9421,من خیلی ناراحتم,fa
9422,I am so tired of this nonsense.,en
9423,Das war unglaublich!,de
9424,"Nicht schlecht, aber nicht gut.",de
9425,مقبول لكنه ليس الأفضل,ar
9426,Worst day ever.,en
9427,Das war unglaublich!,de
9428,Absolutely fantastic experience!,en
9429,What a beautiful day!,en
9430,لا يعجبني هذا,ar
9431,मैं इससे खुश नहीं हूँ।,hi
9432,Das war unglaublich!,de
9433,मैं इससे खुश नहीं हूँ।,hi
9434,Ich bin enttäuscht.,de
9435,"Nicht schlecht, aber nicht gut.",de
9436,बहुत ही अच्छा प्रदर्शन!,hi
9437,बहुत ही अच्छा प्रदर्शन!,hi
9438,Ich bin enttäuscht.,de
9439,Worst day ever.,en
9440,من خیلی ناراحتم,fa
9441,لا يعجبني هذا,ar
9442,من خیلی ناراحتم,fa
9443,این بهترین روز من بود,fa
9444,لا يعجبني هذا,ar
9445,मैं इससे खुश नहीं हूँ।,hi
9446,Ich bin enttäuscht.,de
9447,Absolutely fantastic experience!,en
9448,مقبول لكنه ليس الأفضل,ar
9449,Absolutely fantastic experience!,en
9450,I love this!,en
9451,बहुत ही अच्छा प्रदर्शन!,hi
9452,I am so tired of this nonsense.,en
9453,لا يعجبني هذا,ar
9454,این بهترین روز من بود,fa
9455,"Nicht schlecht, aber nicht gut.",de
9456,Could be better.,en
9457,مقبول لكنه ليس الأفضل,ar
9458,मैं इससे खुश नहीं हूँ।,hi
9459,مقبول لكنه ليس الأفضل,ar
9460,Absolutely fantastic experience!,en
9461,Das war unglaublich!,de
9462,This is terrible...,en
9463,لا يعجبني هذا,ar
9464,Das war unglaublich!,de
9465,Absolutely fantastic experience!,en
9466,Worst day ever.,en
9467,Could be better.,en
9468,What a beautiful day!,en
9469,مقبول لكنه ليس الأفضل,ar
9470,من خیلی ناراحتم,fa
9471,"Nicht schlecht, aber nicht gut.",de
9472,لا يعجبني هذا,ar
9473,من خیلی ناراحتم,fa
9474,Worst day ever.,en
9475,What a beautiful day!,en
9476,Worst day ever.,en
9477,This is terrible...,en
9478,لا يعجبني هذا,ar
9479,What a beautiful day!,en
9480,لا يعجبني هذا,ar
9481,اليوم كان رائعًا,ar
9482,Could be better.,en
9483,مقبول لكنه ليس الأفضل,ar
9484,اليوم كان رائعًا,ar
9485,यह ठीक था।,hi
9486,Could be better.,en
9487,मैं इससे खुश नहीं हूँ।,hi
9488,I love this!,en
9489,مقبول لكنه ليس الأفضل,ar
9490,Absolutely fantastic experience!,en
9491,This is terrible...,en
9492,من خیلی ناراحتم,fa
9493,This is terrible...,en
9494,مقبول لكنه ليس الأفضل,ar
9495,اليوم كان رائعًا,ar
9496,Das war unglaublich!,de
9497,این بهترین روز من بود,fa
9498,Could be better.,en
9499,Das war unglaublich!,de
9500,من خیلی ناراحتم,fa
9501,This is terrible...,en
9502,این بهترین روز من بود,fa
9503,What a beautiful day!,en
9504,من خیلی ناراحتم,fa
9505,मैं इससे खुश नहीं हूँ।,hi
9506,Could be better.,en
9507,Worst day ever.,en
9508,Worst day ever.,en
9509,Das war unglaublich!,de
9510,Absolutely fantastic experience!,en
9511,यह ठीक था।,hi
9512,من خیلی ناراحتم,fa
9513,مقبول لكنه ليس الأفضل,ar
9514,I love this!,en
9515,مقبول لكنه ليس الأفضل,ar
9516,این بهترین روز من بود,fa
9517,مقبول لكنه ليس الأفضل,ar
9518,لا يعجبني هذا,ar
9519,مقبول لكنه ليس الأفضل,ar
9520,Worst day ever.,en
9521,Absolutely fantastic experience!,en
9522,"Nicht schlecht, aber nicht gut.",de
9523,This is terrible...,en
9524,Absolutely fantastic experience!,en
9525,Absolutely fantastic experience!,en
9526,मैं इससे खुश नहीं हूँ।,hi
9527,यह ठीक था।,hi
9528,اليوم كان رائعًا,ar
9529,मैं इससे खुश नहीं हूँ।,hi
9530,Ich bin enttäuscht.,de
9531,Absolutely fantastic experience!,en
9532,I love this!,en
9533,What a beautiful day!,en
9534,What a beautiful day!,en
9535,Das war unglaublich!,de
9536,Absolutely fantastic experience!,en
9537,Worst day ever.,en
9538,Could be better.,en
9539,"Nicht schlecht, aber nicht gut.",de
9540,I love this!,en
9541,من خیلی ناراحتم,fa
9542,اليوم كان رائعًا,ar
9543,Absolutely fantastic experience!,en
9544,لا يعجبني هذا,ar
9545,لا يعجبني هذا,ar
9546,مقبول لكنه ليس الأفضل,ar
9547,What a beautiful day!,en
9548,مقبول لكنه ليس الأفضل,ar
9549,مقبول لكنه ليس الأفضل,ar
9550,لا يعجبني هذا,ar
9551,مقبول لكنه ليس الأفضل,ar
9552,Could be better.,en
9553,This is terrible...,en
9554,Worst day ever.,en
9555,Worst day ever.,en
9556,Ich bin enttäuscht.,de
9557,मैं इससे खुश नहीं हूँ।,hi
9558,لا يعجبني هذا,ar
9559,اليوم كان رائعًا,ar
9560,Absolutely fantastic experience!,en
9561,This is terrible...,en
9562,I am so tired of this nonsense.,en
9563,اليوم كان رائعًا,ar
9564,This is terrible...,en
9565,यह ठीक था।,hi
9566,Absolutely fantastic experience!,en
9567,Ich bin enttäuscht.,de
9568,Ich bin enttäuscht.,de
9569,बहुत ही अच्छा प्रदर्शन!,hi
9570,बहुत ही अच्छा प्रदर्शन!,hi
9571,I am so tired of this nonsense.,en
9572,Worst day ever.,en
9573,Absolutely fantastic experience!,en
9574,I am so tired of this nonsense.,en
9575,من خیلی ناراحتم,fa
9576,اليوم كان رائعًا,ar
9577,Absolutely fantastic experience!,en
9578,اليوم كان رائعًا,ar
9579,I love this!,en
9580,Could be better.,en
9581,من خیلی ناراحتم,fa
9582,I am so tired of this nonsense.,en
9583,Could be better.,en
9584,I love this!,en
9585,Absolutely fantastic experience!,en
9586,Worst day ever.,en
9587,Could be better.,en
9588,لا يعجبني هذا,ar
9589,मैं इससे खुश नहीं हूँ।,hi
9590,This is terrible...,en
9591,اليوم كان رائعًا,ar
9592,This is terrible...,en
9593,لا يعجبني هذا,ar
9594,Worst day ever.,en
9595,اليوم كان رائعًا,ar
9596,خوب بود اما می‌توانست بهتر باشد,fa
9597,This is terrible...,en
9598,"Nicht schlecht, aber nicht gut.",de
9599,Worst day ever.,en
9600,من خیلی ناراحتم,fa
9601,I love this!,en
9602,I love this!,en
9603,اليوم كان رائعًا,ar
9604,Das war unglaublich!,de
9605,این بهترین روز من بود,fa
9606,من خیلی ناراحتم,fa
9607,Ich bin enttäuscht.,de
9608,यह ठीक था।,hi
9609,Worst day ever.,en
9610,خوب بود اما می‌توانست بهتر باشد,fa
9611,این بهترین روز من بود,fa
9612,What a beautiful day!,en
9613,मैं इससे खुश नहीं हूँ।,hi
9614,مقبول لكنه ليس الأفضل,ar
9615,Worst day ever.,en
9616,مقبول لكنه ليس الأفضل,ar
9617,من خیلی ناراحتم,fa
9618,Absolutely fantastic experience!,en
9619,"Nicht schlecht, aber nicht gut.",de
9620,Absolutely fantastic experience!,en
9621,I love this!,en
9622,I love this!,en
9623,Could be better.,en
9624,لا يعجبني هذا,ar
9625,Absolutely fantastic experience!,en
9626,اليوم كان رائعًا,ar
9627,I am so tired of this nonsense.,en
9628,मैं इससे खुश नहीं हूँ।,hi
9629,Ich bin enttäuscht.,de
9630,What a beautiful day!,en
9631,خوب بود اما می‌توانست بهتر باشد,fa
9632,Worst day ever.,en
9633,Absolutely fantastic experience!,en
9634,Worst day ever.,en
9635,این بهترین روز من بود,fa
9636,मैं इससे खुश नहीं हूँ।,hi
9637,I love this!,en
9638,यह ठीक था।,hi
9639,من خیلی ناراحتم,fa
9640,Das war unglaublich!,de
9641,اليوم كان رائعًا,ar
9642,اليوم كان رائعًا,ar
9643,मैं इससे खुश नहीं हूँ।,hi
9644,Worst day ever.,en
9645,I am so tired of this nonsense.,en
9646,Could be better.,en
9647,बहुत ही अच्छा प्रदर्शन!,hi
9648,Das war unglaublich!,de
9649,مقبول لكنه ليس الأفضل,ar
9650,Worst day ever.,en
9651,I love this!,en
9652,Das war unglaublich!,de
9653,I love this!,en
9654,यह ठीक था।,hi
9655,لا يعجبني هذا,ar
9656,لا يعجبني هذا,ar
9657,اليوم كان رائعًا,ar
9658,این بهترین روز من بود,fa
9659,I am so tired of this nonsense.,en
9660,Ich bin enttäuscht.,de
9661,خوب بود اما می‌توانست بهتر باشد,fa
9662,Absolutely fantastic experience!,en
9663,मैं इससे खुश नहीं हूँ।,hi
9664,اليوم كان رائعًا,ar
9665,यह ठीक था।,hi
9666,این بهترین روز من بود,fa
9667,Absolutely fantastic experience!,en
9668,I am so tired of this nonsense.,en
9669,I love this!,en
9670,This is terrible...,en
9671,Worst day ever.,en
9672,Absolutely fantastic experience!,en
9673,این بهترین روز من بود,fa
9674,Could be better.,en
9675,Das war unglaublich!,de
9676,I am so tired of this nonsense.,en
9677,यह ठीक था।,hi
9678,خوب بود اما می‌توانست بهتر باشد,fa
9679,اليوم كان رائعًا,ar
9680,Worst day ever.,en
9681,"Nicht schlecht, aber nicht gut.",de
9682,I love this!,en
9683,बहुत ही अच्छा प्रदर्शन!,hi
9684,बहुत ही अच्छा प्रदर्शन!,hi
9685,I am so tired of this nonsense.,en
9686,خوب بود اما می‌توانست بهتر باشد,fa
9687,यह ठीक था।,hi
9688,Could be better.,en
9689,बहुत ही अच्छा प्रदर्शन!,hi
9690,اليوم كان رائعًا,ar
9691,I am so tired of this nonsense.,en
9692,I love this!,en
9693,बहुत ही अच्छा प्रदर्शन!,hi
9694,Ich bin enttäuscht.,de
9695,बहुत ही अच्छा प्रदर्शन!,hi
9696,"Nicht schlecht, aber nicht gut.",de
9697,This is terrible...,en
9698,This is terrible...,en
9699,बहुत ही अच्छा प्रदर्शन!,hi
9700,خوب بود اما می‌توانست بهتر باشد,fa
9701,Das war unglaublich!,de
9702,Das war unglaublich!,de
9703,Could be better.,en
9704,What a beautiful day!,en
9705,This is terrible...,en
9706,Das war unglaublich!,de
9707,اليوم كان رائعًا,ar
9708,من خیلی ناراحتم,fa
9709,I am so tired of this nonsense.,en
9710,What a beautiful day!,en
9711,اليوم كان رائعًا,ar
9712,من خیلی ناراحتم,fa
9713,I am so tired of this nonsense.,en
9714,این بهترین روز من بود,fa
9715,Das war unglaublich!,de
9716,مقبول لكنه ليس الأفضل,ar
9717,I am so tired of this nonsense.,en
9718,I am so tired of this nonsense.,en
9719,This is terrible...,en
9720,What a beautiful day!,en
9721,Das war unglaublich!,de
9722,यह ठीक था।,hi
9723,من خیلی ناراحتم,fa
9724,बहुत ही अच्छा प्रदर्शन!,hi
9725,لا يعجبني هذا,ar
9726,من خیلی ناراحتم,fa
9727,What a beautiful day!,en
9728,من خیلی ناراحتم,fa
9729,Ich bin enttäuscht.,de
9730,Worst day ever.,en
9731,این بهترین روز من بود,fa
9732,Could be better.,en
9733,اليوم كان رائعًا,ar
9734,"Nicht schlecht, aber nicht gut.",de
9735,این بهترین روز من بود,fa
9736,خوب بود اما می‌توانست بهتر باشد,fa
9737,Could be better.,en
9738,Worst day ever.,en
9739,I love this!,en
9740,What a beautiful day!,en
9741,मैं इससे खुश नहीं हूँ।,hi
9742,"Nicht schlecht, aber nicht gut.",de
9743,Das war unglaublich!,de
9744,मैं इससे खुश नहीं हूँ।,hi
9745,मैं इससे खुश नहीं हूँ।,hi
9746,Worst day ever.,en
9747,I love this!,en
9748,من خیلی ناراحتم,fa
9749,خوب بود اما می‌توانست بهتر باشد,fa
9750,"Nicht schlecht, aber nicht gut.",de
9751,This is terrible...,en
9752,این بهترین روز من بود,fa
9753,Could be better.,en
9754,Absolutely fantastic experience!,en
9755,Ich bin enttäuscht.,de
9756,Ich bin enttäuscht.,de
9757,من خیلی ناراحتم,fa
9758,बहुत ही अच्छा प्रदर्शन!,hi
9759,This is terrible...,en
9760,لا يعجبني هذا,ar
9761,Worst day ever.,en
9762,I love this!,en
9763,"Nicht schlecht, aber nicht gut.",de
9764,لا يعجبني هذا,ar
9765,"Nicht schlecht, aber nicht gut.",de
9766,Worst day ever.,en
9767,مقبول لكنه ليس الأفضل,ar
9768,Absolutely fantastic experience!,en
9769,मैं इससे खुश नहीं हूँ।,hi
9770,این بهترین روز من بود,fa
9771,यह ठीक था।,hi
9772,مقبول لكنه ليس الأفضل,ar
9773,What a beautiful day!,en
9774,لا يعجبني هذا,ar
9775,This is terrible...,en
9776,Das war unglaublich!,de
9777,I am so tired of this nonsense.,en
9778,Could be better.,en
9779,Absolutely fantastic experience!,en
9780,من خیلی ناراحتم,fa
9781,This is terrible...,en
9782,I love this!,en
9783,बहुत ही अच्छा प्रदर्शन!,hi
9784,Absolutely fantastic experience!,en
9785,Could be better.,en
9786,मैं इससे खुश नहीं हूँ।,hi
9787,لا يعجبني هذا,ar
9788,Could be better.,en
9789,"Nicht schlecht, aber nicht gut.",de
9790,Ich bin enttäuscht.,de
9791,Ich bin enttäuscht.,de
9792,Ich bin enttäuscht.,de
9793,خوب بود اما می‌توانست بهتر باشد,fa
9794,Absolutely fantastic experience!,en
9795,این بهترین روز من بود,fa
9796,What a beautiful day!,en
9797,I am so tired of this nonsense.,en
9798,خوب بود اما می‌توانست بهتر باشد,fa
9799,من خیلی ناراحتم,fa
9800,I am so tired of this nonsense.,en
9801,این بهترین روز من بود,fa
9802,This is terrible...,en
9803,Das war unglaublich!,de
9804,This is terrible...,en
9805,من خیلی ناراحتم,fa
9806,बहुत ही अच्छा प्रदर्शन!,hi
9807,Ich bin enttäuscht.,de
9808,I love this!,en
9809,I love this!,en
9810,This is terrible...,en
9811,मैं इससे खुश नहीं हूँ।,hi
9812,Could be better.,en
9813,Could be better.,en
9814,Absolutely fantastic experience!,en
9815,मैं इससे खुश नहीं हूँ।,hi
9816,این بهترین روز من بود,fa
9817,I am so tired of this nonsense.,en
9818,Absolutely fantastic experience!,en
9819,"Nicht schlecht, aber nicht gut.",de
9820,"Nicht schlecht, aber nicht gut.",de
9821,I love this!,en
9822,اليوم كان رائعًا,ar
9823,مقبول لكنه ليس الأفضل,ar
9824,This is terrible...,en
9825,Could be better.,en
9826,"Nicht schlecht, aber nicht gut.",de
9827,من خیلی ناراحتم,fa
9828,I love this!,en
9829,Ich bin enttäuscht.,de
9830,This is terrible...,en
9831,Das war unglaublich!,de
9832,Could be better.,en
9833,मैं इससे खुश नहीं हूँ।,hi
9834,این بهترین روز من بود,fa
9835,मैं इससे खुश नहीं हूँ।,hi
9836,Das war unglaublich!,de
9837,مقبول لكنه ليس الأفضل,ar
9838,"Nicht schlecht, aber nicht gut.",de
9839,لا يعجبني هذا,ar
9840,Ich bin enttäuscht.,de
9841,Could be better.,en
9842,Das war unglaublich!,de
9843,مقبول لكنه ليس الأفضل,ar
9844,Ich bin enttäuscht.,de
9845,यह ठीक था।,hi
9846,خوب بود اما می‌توانست بهتر باشد,fa
9847,बहुत ही अच्छा प्रदर्शन!,hi
9848,لا يعجبني هذا,ar
9849,मैं इससे खुश नहीं हूँ।,hi
9850,این بهترین روز من بود,fa
9851,I love this!,en
9852,What a beautiful day!,en
9853,لا يعجبني هذا,ar
9854,این بهترین روز من بود,fa
9855,مقبول لكنه ليس الأفضل,ar
9856,मैं इससे खुश नहीं हूँ।,hi
9857,مقبول لكنه ليس الأفضل,ar
9858,मैं इससे खुश नहीं हूँ।,hi
9859,لا يعجبني هذا,ar
9860,बहुत ही अच्छा प्रदर्शन!,hi
9861,मैं इससे खुश नहीं हूँ।,hi
9862,این بهترین روز من بود,fa
9863,I am so tired of this nonsense.,en
9864,This is terrible...,en
9865,مقبول لكنه ليس الأفضل,ar
9866,مقبول لكنه ليس الأفضل,ar
9867,बहुत ही अच्छा प्रदर्शन!,hi
9868,I am so tired of this nonsense.,en
9869,لا يعجبني هذا,ar
9870,مقبول لكنه ليس الأفضل,ar
9871,خوب بود اما می‌توانست بهتر باشد,fa
9872,I am so tired of this nonsense.,en
9873,This is terrible...,en
9874,خوب بود اما می‌توانست بهتر باشد,fa
9875,Absolutely fantastic experience!,en
9876,مقبول لكنه ليس الأفضل,ar
9877,من خیلی ناراحتم,fa
9878,اليوم كان رائعًا,ar
9879,यह ठीक था।,hi
9880,Das war unglaublich!,de
9881,यह ठीक था।,hi
9882,Das war unglaublich!,de
9883,I am so tired of this nonsense.,en
9884,Worst day ever.,en
9885,من خیلی ناراحتم,fa
9886,Worst day ever.,en
9887,Ich bin enttäuscht.,de
9888,"Nicht schlecht, aber nicht gut.",de
9889,من خیلی ناراحتم,fa
9890,مقبول لكنه ليس الأفضل,ar
9891,من خیلی ناراحتم,fa
9892,बहुत ही अच्छा प्रदर्शन!,hi
9893,This is terrible...,en
9894,Ich bin enttäuscht.,de
9895,यह ठीक था।,hi
9896,Das war unglaublich!,de
9897,यह ठीक था।,hi
9898,I love this!,en
9899,मैं इससे खुश नहीं हूँ।,hi
9900,What a beautiful day!,en
9901,من خیلی ناراحتم,fa
9902,मैं इससे खुश नहीं हूँ।,hi
9903,What a beautiful day!,en
9904,Ich bin enttäuscht.,de
9905,I am so tired of this nonsense.,en
9906,Das war unglaublich!,de
9907,"Nicht schlecht, aber nicht gut.",de
9908,Could be better.,en
9909,Ich bin enttäuscht.,de
9910,"Nicht schlecht, aber nicht gut.",de
9911,I am so tired of this nonsense.,en
9912,Das war unglaublich!,de
9913,Could be better.,en
9914,Worst day ever.,en
9915,This is terrible...,en
9916,Worst day ever.,en
9917,मैं इससे खुश नहीं हूँ।,hi
9918,این بهترین روز من بود,fa
9919,اليوم كان رائعًا,ar
9920,बहुत ही अच्छा प्रदर्शन!,hi
9921,Worst day ever.,en
9922,बहुत ही अच्छा प्रदर्शन!,hi
9923,این بهترین روز من بود,fa
9924,What a beautiful day!,en
9925,مقبول لكنه ليس الأفضل,ar
9926,I love this!,en
9927,I love this!,en
9928,خوب بود اما می‌توانست بهتر باشد,fa
9929,اليوم كان رائعًا,ar
9930,This is terrible...,en
9931,Absolutely fantastic experience!,en
9932,من خیلی ناراحتم,fa
9933,I love this!,en
9934,This is terrible...,en
9935,این بهترین روز من بود,fa
9936,Absolutely fantastic experience!,en
9937,من خیلی ناراحتم,fa
9938,यह ठीक था।,hi
9939,Could be better.,en
9940,Could be better.,en
9941,من خیلی ناراحتم,fa
9942,बहुत ही अच्छा प्रदर्शन!,hi
9943,اليوم كان رائعًا,ar
9944,What a beautiful day!,en
9945,This is terrible...,en
9946,Worst day ever.,en
9947,مقبول لكنه ليس الأفضل,ar
9948,مقبول لكنه ليس الأفضل,ar
9949,این بهترین روز من بود,fa
9950,बहुत ही अच्छा प्रदर्शन!,hi
9951,This is terrible...,en
9952,Absolutely fantastic experience!,en
9953,Worst day ever.,en
9954,Absolutely fantastic experience!,en
9955,Absolutely fantastic experience!,en
9956,Absolutely fantastic experience!,en
9957,این بهترین روز من بود,fa
9958,این بهترین روز من بود,fa
9959,مقبول لكنه ليس الأفضل,ar
9960,لا يعجبني هذا,ar
9961,Das war unglaublich!,de
9962,I am so tired of this nonsense.,en
9963,Das war unglaublich!,de
9964,Das war unglaublich!,de
9965,Absolutely fantastic experience!,en
9966,لا يعجبني هذا,ar
9967,This is terrible...,en
9968,Could be better.,en
9969,مقبول لكنه ليس الأفضل,ar
9970,Worst day ever.,en
9971,यह ठीक था।,hi
9972,Could be better.,en
9973,اليوم كان رائعًا,ar
9974,I am so tired of this nonsense.,en
9975,خوب بود اما می‌توانست بهتر باشد,fa
9976,"Nicht schlecht, aber nicht gut.",de
9977,Worst day ever.,en
9978,خوب بود اما می‌توانست بهتر باشد,fa
9979,I am so tired of this nonsense.,en
9980,Could be better.,en
9981,Ich bin enttäuscht.,de
9982,Could be better.,en
9983,I love this!,en
9984,خوب بود اما می‌توانست بهتر باشد,fa
9985,مقبول لكنه ليس الأفضل,ar
9986,اليوم كان رائعًا,ar
9987,What a beautiful day!,en
9988,मैं इससे खुश नहीं हूँ।,hi
9989,बहुत ही अच्छा प्रदर्शन!,hi
9990,What a beautiful day!,en
9991,Absolutely fantastic experience!,en
9992,خوب بود اما می‌توانست بهتر باشد,fa
9993,مقبول لكنه ليس الأفضل,ar
9994,من خیلی ناراحتم,fa
9995,I love this!,en
9996,What a beautiful day!,en
9997,"Nicht schlecht, aber nicht gut.",de
9998,"Nicht schlecht, aber nicht gut.",de
9999,I love this!,en
10000,لا يعجبني هذا,ar
10001,What a beautiful day!,en
10002,I love this!,en
10003,Worst day ever.,en
10004,"Nicht schlecht, aber nicht gut.",de
10005,I am so tired of this nonsense.,en
10006,"Nicht schlecht, aber nicht gut.",de
10007,Absolutely fantastic experience!,en
10008,اليوم كان رائعًا,ar
10009,I am so tired of this nonsense.,en
10010,مقبول لكنه ليس الأفضل,ar
10011,Could be better.,en
10012,Das war unglaublich!,de
10013,यह ठीक था।,hi
10014,This is terrible...,en
10015,Ich bin enttäuscht.,de
10016,This is terrible...,en
10017,यह ठीक था।,hi
10018,What a beautiful day!,en
10019,Worst day ever.,en
10020,Absolutely fantastic experience!,en
10021,Could be better.,en
10022,यह ठीक था।,hi
10023,I am so tired of this nonsense.,en
10024,Das war unglaublich!,de
10025,لا يعجبني هذا,ar
10026,Ich bin enttäuscht.,de
10027,This is terrible...,en
10028,لا يعجبني هذا,ar
10029,مقبول لكنه ليس الأفضل,ar
10030,यह ठीक था।,hi
10031,مقبول لكنه ليس الأفضل,ar
10032,"Nicht schlecht, aber nicht gut.",de
10033,لا يعجبني هذا,ar
10034,"Nicht schlecht, aber nicht gut.",de
10035,यह ठीक था।,hi
10036,مقبول لكنه ليس الأفضل,ar
10037,यह ठीक था।,hi
10038,"Nicht schlecht, aber nicht gut.",de
10039,I love this!,en
10040,I love this!,en
10041,Absolutely fantastic experience!,en
10042,What a beautiful day!,en
10043,خوب بود اما می‌توانست بهتر باشد,fa
10044,خوب بود اما می‌توانست بهتر باشد,fa
10045,Das war unglaublich!,de
10046,Could be better.,en
10047,Ich bin enttäuscht.,de
10048,من خیلی ناراحتم,fa
10049,I love this!,en
10050,این بهترین روز من بود,fa
10051,Das war unglaublich!,de
10052,यह ठीक था।,hi
10053,"Nicht schlecht, aber nicht gut.",de
10054,خوب بود اما می‌توانست بهتر باشد,fa
10055,Das war unglaublich!,de
10056,این بهترین روز من بود,fa
10057,Could be better.,en
10058,Ich bin enttäuscht.,de
10059,यह ठीक था।,hi
10060,What a beautiful day!,en
10061,I love this!,en
10062,This is terrible...,en
10063,خوب بود اما می‌توانست بهتر باشد,fa
10064,यह ठीक था।,hi
10065,خوب بود اما می‌توانست بهتر باشد,fa
10066,"Nicht schlecht, aber nicht gut.",de
10067,I am so tired of this nonsense.,en
10068,Absolutely fantastic experience!,en
10069,Could be better.,en
10070,خوب بود اما می‌توانست بهتر باشد,fa
10071,बहुत ही अच्छा प्रदर्शन!,hi
10072,من خیلی ناراحتم,fa
10073,I love this!,en
10074,اليوم كان رائعًا,ar
10075,این بهترین روز من بود,fa
10076,Ich bin enttäuscht.,de
10077,من خیلی ناراحتم,fa
10078,मैं इससे खुश नहीं हूँ।,hi
10079,"Nicht schlecht, aber nicht gut.",de
10080,اليوم كان رائعًا,ar
10081,لا يعجبني هذا,ar
10082,I am so tired of this nonsense.,en
10083,مقبول لكنه ليس الأفضل,ar
10084,मैं इससे खुश नहीं हूँ।,hi
10085,مقبول لكنه ليس الأفضل,ar
10086,बहुत ही अच्छा प्रदर्शन!,hi
10087,"Nicht schlecht, aber nicht gut.",de
10088,What a beautiful day!,en
10089,لا يعجبني هذا,ar
10090,Das war unglaublich!,de
10091,I love this!,en
10092,What a beautiful day!,en
10093,خوب بود اما می‌توانست بهتر باشد,fa
10094,این بهترین روز من بود,fa
10095,Ich bin enttäuscht.,de
10096,Absolutely fantastic experience!,en
10097,मैं इससे खुश नहीं हूँ।,hi
10098,"Nicht schlecht, aber nicht gut.",de
10099,خوب بود اما می‌توانست بهتر باشد,fa
10100,Das war unglaublich!,de
10101,لا يعجبني هذا,ar
10102,این بهترین روز من بود,fa
10103,اليوم كان رائعًا,ar
10104,Absolutely fantastic experience!,en
10105,اليوم كان رائعًا,ar
10106,यह ठीक था।,hi
10107,यह ठीक था।,hi
10108,This is terrible...,en
10109,Das war unglaublich!,de
10110,Worst day ever.,en
10111,Worst day ever.,en
10112,مقبول لكنه ليس الأفضل,ar
10113,"Nicht schlecht, aber nicht gut.",de
10114,Worst day ever.,en
10115,Worst day ever.,en
10116,اليوم كان رائعًا,ar
10117,मैं इससे खुश नहीं हूँ।,hi
10118,Ich bin enttäuscht.,de
10119,"Nicht schlecht, aber nicht gut.",de
10120,I am so tired of this nonsense.,en
10121,I love this!,en
10122,Ich bin enttäuscht.,de
10123,I am so tired of this nonsense.,en
10124,"Nicht schlecht, aber nicht gut.",de
10125,Worst day ever.,en
10126,Could be better.,en
10127,من خیلی ناراحتم,fa
10128,What a beautiful day!,en
10129,Could be better.,en
10130,Could be better.,en
10131,यह ठीक था।,hi
10132,مقبول لكنه ليس الأفضل,ar
10133,لا يعجبني هذا,ar
10134,Could be better.,en
10135,Ich bin enttäuscht.,de
10136,خوب بود اما می‌توانست بهتر باشد,fa
10137,I love this!,en
10138,لا يعجبني هذا,ar
10139,यह ठीक था।,hi
10140,Absolutely fantastic experience!,en
10141,Absolutely fantastic experience!,en
10142,बहुत ही अच्छा प्रदर्शन!,hi
10143,Absolutely fantastic experience!,en
10144,Ich bin enttäuscht.,de
10145,این بهترین روز من بود,fa
10146,बहुत ही अच्छा प्रदर्शन!,hi
10147,I love this!,en
10148,Could be better.,en
10149,لا يعجبني هذا,ar
10150,I am so tired of this nonsense.,en
10151,Worst day ever.,en
10152,बहुत ही अच्छा प्रदर्शन!,hi
10153,مقبول لكنه ليس الأفضل,ar
10154,Could be better.,en
10155,बहुत ही अच्छा प्रदर्शन!,hi
10156,I am so tired of this nonsense.,en
10157,Absolutely fantastic experience!,en
10158,यह ठीक था।,hi
10159,Ich bin enttäuscht.,de
10160,اليوم كان رائعًا,ar
10161,यह ठीक था।,hi
10162,Worst day ever.,en
10163,Could be better.,en
10164,لا يعجبني هذا,ar
10165,What a beautiful day!,en
10166,This is terrible...,en
10167,I am so tired of this nonsense.,en
10168,"Nicht schlecht, aber nicht gut.",de
10169,बहुत ही अच्छा प्रदर्शन!,hi
10170,बहुत ही अच्छा प्रदर्शन!,hi
10171,من خیلی ناراحتم,fa
10172,बहुत ही अच्छा प्रदर्शन!,hi
10173,Ich bin enttäuscht.,de
10174,यह ठीक था।,hi
10175,اليوم كان رائعًا,ar
10176,لا يعجبني هذا,ar
10177,من خیلی ناراحتم,fa
10178,Ich bin enttäuscht.,de
10179,"Nicht schlecht, aber nicht gut.",de
10180,Ich bin enttäuscht.,de
10181,مقبول لكنه ليس الأفضل,ar
10182,لا يعجبني هذا,ar
10183,"Nicht schlecht, aber nicht gut.",de
10184,What a beautiful day!,en
10185,I love this!,en
10186,مقبول لكنه ليس الأفضل,ar
10187,مقبول لكنه ليس الأفضل,ar
10188,مقبول لكنه ليس الأفضل,ar
10189,لا يعجبني هذا,ar
10190,خوب بود اما می‌توانست بهتر باشد,fa
10191,لا يعجبني هذا,ar
10192,Could be better.,en
10193,"Nicht schlecht, aber nicht gut.",de
10194,I am so tired of this nonsense.,en
10195,Worst day ever.,en
10196,این بهترین روز من بود,fa
10197,این بهترین روز من بود,fa
10198,Worst day ever.,en
10199,لا يعجبني هذا,ar
10200,I am so tired of this nonsense.,en
10201,Could be better.,en
10202,I am so tired of this nonsense.,en
10203,"Nicht schlecht, aber nicht gut.",de
10204,Das war unglaublich!,de
10205,What a beautiful day!,en
10206,من خیلی ناراحتم,fa
10207,Das war unglaublich!,de
10208,خوب بود اما می‌توانست بهتر باشد,fa
10209,Could be better.,en
10210,I am so tired of this nonsense.,en
10211,"Nicht schlecht, aber nicht gut.",de
10212,बहुत ही अच्छा प्रदर्शन!,hi
10213,I love this!,en
10214,Could be better.,en
10215,यह ठीक था।,hi
10216,"Nicht schlecht, aber nicht gut.",de
10217,Ich bin enttäuscht.,de
10218,मैं इससे खुश नहीं हूँ।,hi
10219,Ich bin enttäuscht.,de
10220,Worst day ever.,en
10221,خوب بود اما می‌توانست بهتر باشد,fa
10222,Das war unglaublich!,de
10223,This is terrible...,en
10224,मैं इससे खुश नहीं हूँ।,hi
10225,لا يعجبني هذا,ar
10226,مقبول لكنه ليس الأفضل,ar
10227,مقبول لكنه ليس الأفضل,ar
10228,Das war unglaublich!,de
10229,I love this!,en
10230,मैं इससे खुश नहीं हूँ।,hi
10231,لا يعجبني هذا,ar
10232,Could be better.,en
10233,यह ठीक था।,hi
10234,Could be better.,en
10235,مقبول لكنه ليس الأفضل,ar
10236,What a beautiful day!,en
10237,मैं इससे खुश नहीं हूँ।,hi
10238,اليوم كان رائعًا,ar
10239,यह ठीक था।,hi
10240,What a beautiful day!,en
10241,اليوم كان رائعًا,ar
10242,Could be better.,en
10243,What a beautiful day!,en
10244,I am so tired of this nonsense.,en
10245,This is terrible...,en
10246,Absolutely fantastic experience!,en
10247,मैं इससे खुश नहीं हूँ।,hi
10248,خوب بود اما می‌توانست بهتر باشد,fa
10249,Worst day ever.,en
10250,"Nicht schlecht, aber nicht gut.",de
10251,मैं इससे खुश नहीं हूँ।,hi
10252,Ich bin enttäuscht.,de
10253,مقبول لكنه ليس الأفضل,ar
10254,"Nicht schlecht, aber nicht gut.",de
10255,बहुत ही अच्छा प्रदर्शन!,hi
10256,What a beautiful day!,en
10257,I love this!,en
10258,این بهترین روز من بود,fa
10259,این بهترین روز من بود,fa
10260,यह ठीक था।,hi
10261,لا يعجبني هذا,ar
10262,لا يعجبني هذا,ar
10263,من خیلی ناراحتم,fa
10264,این بهترین روز من بود,fa
10265,This is terrible...,en
10266,This is terrible...,en
10267,Worst day ever.,en
10268,این بهترین روز من بود,fa
10269,Absolutely fantastic experience!,en
10270,اليوم كان رائعًا,ar
10271,لا يعجبني هذا,ar
10272,"Nicht schlecht, aber nicht gut.",de
10273,यह ठीक था।,hi
10274,Ich bin enttäuscht.,de
10275,خوب بود اما می‌توانست بهتر باشد,fa
10276,مقبول لكنه ليس الأفضل,ar
10277,बहुत ही अच्छा प्रदर्शन!,hi
10278,من خیلی ناراحتم,fa
10279,مقبول لكنه ليس الأفضل,ar
10280,बहुत ही अच्छा प्रदर्शन!,hi
10281,I am so tired of this nonsense.,en
10282,اليوم كان رائعًا,ar
10283,I am so tired of this nonsense.,en
10284,من خیلی ناراحتم,fa
10285,मैं इससे खुश नहीं हूँ।,hi
10286,Could be better.,en
10287,What a beautiful day!,en
10288,Worst day ever.,en
10289,What a beautiful day!,en
10290,यह ठीक था।,hi
10291,यह ठीक था।,hi
10292,اليوم كان رائعًا,ar
10293,اليوم كان رائعًا,ar
10294,Could be better.,en
10295,خوب بود اما می‌توانست بهتر باشد,fa
10296,"Nicht schlecht, aber nicht gut.",de
10297,I am so tired of this nonsense.,en
10298,What a beautiful day!,en
10299,I am so tired of this nonsense.,en
10300,من خیلی ناراحتم,fa
10301,I love this!,en
10302,I am so tired of this nonsense.,en
10303,बहुत ही अच्छा प्रदर्शन!,hi
10304,Das war unglaublich!,de
10305,Absolutely fantastic experience!,en
10306,اليوم كان رائعًا,ar
10307,Ich bin enttäuscht.,de
10308,मैं इससे खुश नहीं हूँ।,hi
10309,من خیلی ناراحتم,fa
10310,Ich bin enttäuscht.,de
10311,Ich bin enttäuscht.,de
10312,من خیلی ناراحتم,fa
10313,من خیلی ناراحتم,fa
10314,Worst day ever.,en
10315,Das war unglaublich!,de
10316,मैं इससे खुश नहीं हूँ।,hi
10317,خوب بود اما می‌توانست بهتر باشد,fa
10318,Worst day ever.,en
10319,"Nicht schlecht, aber nicht gut.",de
10320,यह ठीक था।,hi
10321,यह ठीक था।,hi
10322,Could be better.,en
10323,من خیلی ناراحتم,fa
10324,What a beautiful day!,en
10325,اليوم كان رائعًا,ar
10326,اليوم كان رائعًا,ar
10327,I am so tired of this nonsense.,en
10328,यह ठीक था।,hi
10329,این بهترین روز من بود,fa
10330,I am so tired of this nonsense.,en
10331,I love this!,en
10332,من خیلی ناراحتم,fa
10333,اليوم كان رائعًا,ar
10334,"Nicht schlecht, aber nicht gut.",de
10335,I love this!,en
10336,"Nicht schlecht, aber nicht gut.",de
10337,मैं इससे खुश नहीं हूँ।,hi
10338,Ich bin enttäuscht.,de
10339,اليوم كان رائعًا,ar
10340,I love this!,en
10341,Worst day ever.,en
10342,Das war unglaublich!,de
10343,من خیلی ناراحتم,fa
10344,اليوم كان رائعًا,ar
10345,What a beautiful day!,en
10346,Das war unglaublich!,de
10347,मैं इससे खुश नहीं हूँ।,hi
10348,لا يعجبني هذا,ar
10349,Das war unglaublich!,de
10350,Das war unglaublich!,de
10351,बहुत ही अच्छा प्रदर्शन!,hi
10352,This is terrible...,en
10353,خوب بود اما می‌توانست بهتر باشد,fa
10354,Could be better.,en
10355,I love this!,en
10356,I love this!,en
10357,Absolutely fantastic experience!,en
10358,I love this!,en
10359,من خیلی ناراحتم,fa
10360,لا يعجبني هذا,ar
10361,من خیلی ناراحتم,fa
10362,من خیلی ناراحتم,fa
10363,This is terrible...,en
10364,من خیلی ناراحتم,fa
10365,مقبول لكنه ليس الأفضل,ar
10366,Ich bin enttäuscht.,de
10367,"Nicht schlecht, aber nicht gut.",de
10368,این بهترین روز من بود,fa
10369,I am so tired of this nonsense.,en
10370,बहुत ही अच्छा प्रदर्शन!,hi
10371,बहुत ही अच्छा प्रदर्शन!,hi
10372,"Nicht schlecht, aber nicht gut.",de
10373,What a beautiful day!,en
10374,خوب بود اما می‌توانست بهتر باشد,fa
10375,This is terrible...,en
10376,I am so tired of this nonsense.,en
10377,من خیلی ناراحتم,fa
10378,Das war unglaublich!,de
10379,لا يعجبني هذا,ar
10380,Ich bin enttäuscht.,de
10381,اليوم كان رائعًا,ar
10382,मैं इससे खुश नहीं हूँ।,hi
10383,این بهترین روز من بود,fa
10384,What a beautiful day!,en
10385,این بهترین روز من بود,fa
10386,خوب بود اما می‌توانست بهتر باشد,fa
10387,Worst day ever.,en
10388,मैं इससे खुश नहीं हूँ।,hi
10389,این بهترین روز من بود,fa
10390,मैं इससे खुश नहीं हूँ।,hi
10391,Could be better.,en
10392,خوب بود اما می‌توانست بهتر باشد,fa
10393,لا يعجبني هذا,ar
10394,این بهترین روز من بود,fa
10395,I love this!,en
10396,اليوم كان رائعًا,ar
10397,I love this!,en
10398,خوب بود اما می‌توانست بهتر باشد,fa
10399,من خیلی ناراحتم,fa
10400,Ich bin enttäuscht.,de
10401,من خیلی ناراحتم,fa
10402,I love this!,en
10403,مقبول لكنه ليس الأفضل,ar
10404,बहुत ही अच्छा प्रदर्शन!,hi
10405,This is terrible...,en
10406,Das war unglaublich!,de
10407,این بهترین روز من بود,fa
10408,خوب بود اما می‌توانست بهتر باشد,fa
10409,मैं इससे खुश नहीं हूँ।,hi
10410,اليوم كان رائعًا,ar
10411,"Nicht schlecht, aber nicht gut.",de
10412,اليوم كان رائعًا,ar
10413,Ich bin enttäuscht.,de
10414,خوب بود اما می‌توانست بهتر باشد,fa
10415,اليوم كان رائعًا,ar
10416,این بهترین روز من بود,fa
10417,मैं इससे खुश नहीं हूँ।,hi
10418,Worst day ever.,en
10419,What a beautiful day!,en
10420,Absolutely fantastic experience!,en
10421,اليوم كان رائعًا,ar
10422,"Nicht schlecht, aber nicht gut.",de
10423,What a beautiful day!,en
10424,خوب بود اما می‌توانست بهتر باشد,fa
10425,I am so tired of this nonsense.,en
10426,"Nicht schlecht, aber nicht gut.",de
10427,This is terrible...,en
10428,اليوم كان رائعًا,ar
10429,Das war unglaublich!,de
10430,Could be better.,en
10431,مقبول لكنه ليس الأفضل,ar
10432,What a beautiful day!,en
10433,I am so tired of this nonsense.,en
10434,What a beautiful day!,en
10435,बहुत ही अच्छा प्रदर्शन!,hi
10436,Absolutely fantastic experience!,en
10437,This is terrible...,en
10438,این بهترین روز من بود,fa
10439,Absolutely fantastic experience!,en
10440,I am so tired of this nonsense.,en
10441,Absolutely fantastic experience!,en
10442,I am so tired of this nonsense.,en
10443,यह ठीक था।,hi
10444,خوب بود اما می‌توانست بهتر باشد,fa
10445,यह ठीक था।,hi
10446,"Nicht schlecht, aber nicht gut.",de
10447,"Nicht schlecht, aber nicht gut.",de
10448,اليوم كان رائعًا,ar
10449,اليوم كان رائعًا,ar
10450,Das war unglaublich!,de
10451,Absolutely fantastic experience!,en
10452,I am so tired of this nonsense.,en
10453,اليوم كان رائعًا,ar
10454,Absolutely fantastic experience!,en
10455,What a beautiful day!,en
10456,This is terrible...,en
10457,What a beautiful day!,en
10458,यह ठीक था।,hi
10459,Das war unglaublich!,de
10460,I am so tired of this nonsense.,en
10461,What a beautiful day!,en
10462,Das war unglaublich!,de
10463,I love this!,en
10464,خوب بود اما می‌توانست بهتر باشد,fa
10465,خوب بود اما می‌توانست بهتر باشد,fa
10466,I am so tired of this nonsense.,en
10467,مقبول لكنه ليس الأفضل,ar
10468,من خیلی ناراحتم,fa
10469,Worst day ever.,en
10470,"Nicht schlecht, aber nicht gut.",de
10471,Absolutely fantastic experience!,en
10472,What a beautiful day!,en
10473,این بهترین روز من بود,fa
10474,لا يعجبني هذا,ar
10475,मैं इससे खुश नहीं हूँ।,hi
10476,"Nicht schlecht, aber nicht gut.",de
10477,यह ठीक था।,hi
10478,Das war unglaublich!,de
10479,मैं इससे खुश नहीं हूँ।,hi
10480,خوب بود اما می‌توانست بهتر باشد,fa
10481,Worst day ever.,en
10482,मैं इससे खुश नहीं हूँ।,hi
10483,لا يعجبني هذا,ar
10484,मैं इससे खुश नहीं हूँ।,hi
10485,این بهترین روز من بود,fa
10486,This is terrible...,en
10487,این بهترین روز من بود,fa
10488,I am so tired of this nonsense.,en
10489,What a beautiful day!,en
10490,"Nicht schlecht, aber nicht gut.",de
10491,यह ठीक था।,hi
10492,I love this!,en
10493,اليوم كان رائعًا,ar
10494,यह ठीक था।,hi
10495,مقبول لكنه ليس الأفضل,ar
10496,I love this!,en
10497,Could be better.,en
10498,बहुत ही अच्छा प्रदर्शन!,hi
10499,این بهترین روز من بود,fa
10500,Ich bin enttäuscht.,de
10501,لا يعجبني هذا,ar
10502,من خیلی ناراحتم,fa
10503,Das war unglaublich!,de
10504,لا يعجبني هذا,ar
10505,لا يعجبني هذا,ar
10506,Absolutely fantastic experience!,en
10507,बहुत ही अच्छा प्रदर्शन!,hi
10508,This is terrible...,en
10509,Ich bin enttäuscht.,de
10510,این بهترین روز من بود,fa
10511,لا يعجبني هذا,ar
10512,"Nicht schlecht, aber nicht gut.",de
10513,اليوم كان رائعًا,ar
10514,مقبول لكنه ليس الأفضل,ar
10515,Das war unglaublich!,de
10516,मैं इससे खुश नहीं हूँ।,hi
10517,I love this!,en
10518,مقبول لكنه ليس الأفضل,ar
10519,I love this!,en
10520,Das war unglaublich!,de
10521,Worst day ever.,en
10522,What a beautiful day!,en
10523,I am so tired of this nonsense.,en
10524,What a beautiful day!,en
10525,Ich bin enttäuscht.,de
10526,Worst day ever.,en
10527,बहुत ही अच्छा प्रदर्शन!,hi
10528,من خیلی ناراحتم,fa
10529,این بهترین روز من بود,fa
10530,यह ठीक था।,hi
10531,मैं इससे खुश नहीं हूँ।,hi
10532,Worst day ever.,en
10533,"Nicht schlecht, aber nicht gut.",de
10534,यह ठीक था।,hi
10535,I love this!,en
10536,من خیلی ناراحتم,fa
10537,من خیلی ناراحتم,fa
10538,مقبول لكنه ليس الأفضل,ar
10539,من خیلی ناراحتم,fa
10540,I am so tired of this nonsense.,en
10541,مقبول لكنه ليس الأفضل,ar
10542,مقبول لكنه ليس الأفضل,ar
10543,Ich bin enttäuscht.,de
10544,I am so tired of this nonsense.,en
10545,I love this!,en
10546,यह ठीक था।,hi
10547,I am so tired of this nonsense.,en
10548,"Nicht schlecht, aber nicht gut.",de
10549,خوب بود اما می‌توانست بهتر باشد,fa
10550,What a beautiful day!,en
10551,Absolutely fantastic experience!,en
10552,اليوم كان رائعًا,ar
10553,خوب بود اما می‌توانست بهتر باشد,fa
10554,I love this!,en
10555,"Nicht schlecht, aber nicht gut.",de
10556,خوب بود اما می‌توانست بهتر باشد,fa
10557,Das war unglaublich!,de
10558,Das war unglaublich!,de
10559,मैं इससे खुश नहीं हूँ।,hi
10560,Das war unglaublich!,de
10561,What a beautiful day!,en
10562,خوب بود اما می‌توانست بهتر باشد,fa
10563,I am so tired of this nonsense.,en
10564,Ich bin enttäuscht.,de
10565,لا يعجبني هذا,ar
10566,Absolutely fantastic experience!,en
10567,لا يعجبني هذا,ar
10568,این بهترین روز من بود,fa
10569,I am so tired of this nonsense.,en
10570,لا يعجبني هذا,ar
10571,I love this!,en
10572,I love this!,en
10573,مقبول لكنه ليس الأفضل,ar
10574,Ich bin enttäuscht.,de
10575,"Nicht schlecht, aber nicht gut.",de
10576,Could be better.,en
10577,Absolutely fantastic experience!,en
10578,मैं इससे खुश नहीं हूँ।,hi
10579,Could be better.,en
10580,This is terrible...,en
10581,यह ठीक था।,hi
10582,I love this!,en
10583,من خیلی ناراحتم,fa
10584,I love this!,en
10585,Could be better.,en
10586,لا يعجبني هذا,ar
10587,Could be better.,en
10588,Ich bin enttäuscht.,de
10589,"Nicht schlecht, aber nicht gut.",de
10590,बहुत ही अच्छा प्रदर्शन!,hi
10591,This is terrible...,en
10592,Worst day ever.,en
10593,"Nicht schlecht, aber nicht gut.",de
10594,Absolutely fantastic experience!,en
10595,"Nicht schlecht, aber nicht gut.",de
10596,لا يعجبني هذا,ar
10597,من خیلی ناراحتم,fa
10598,बहुत ही अच्छा प्रदर्शन!,hi
10599,बहुत ही अच्छा प्रदर्शन!,hi
10600,من خیلی ناراحتم,fa
10601,مقبول لكنه ليس الأفضل,ar
10602,اليوم كان رائعًا,ar
10603,لا يعجبني هذا,ar
10604,मैं इससे खुश नहीं हूँ।,hi
10605,خوب بود اما می‌توانست بهتر باشد,fa
10606,I am so tired of this nonsense.,en
10607,اليوم كان رائعًا,ar
10608,बहुत ही अच्छा प्रदर्शन!,hi
10609,मैं इससे खुश नहीं हूँ।,hi
10610,لا يعجبني هذا,ar
10611,Das war unglaublich!,de
10612,این بهترین روز من بود,fa
10613,Absolutely fantastic experience!,en
10614,This is terrible...,en
10615,مقبول لكنه ليس الأفضل,ar
10616,من خیلی ناراحتم,fa
10617,Das war unglaublich!,de
10618,اليوم كان رائعًا,ar
10619,این بهترین روز من بود,fa
10620,Das war unglaublich!,de
10621,मैं इससे खुश नहीं हूँ।,hi
10622,این بهترین روز من بود,fa
10623,Absolutely fantastic experience!,en
10624,This is terrible...,en
10625,मैं इससे खुश नहीं हूँ।,hi
10626,बहुत ही अच्छा प्रदर्शन!,hi
10627,اليوم كان رائعًا,ar
10628,I am so tired of this nonsense.,en
10629,خوب بود اما می‌توانست بهتر باشد,fa
10630,لا يعجبني هذا,ar
10631,"Nicht schlecht, aber nicht gut.",de
10632,I am so tired of this nonsense.,en
10633,من خیلی ناراحتم,fa
10634,यह ठीक था।,hi
10635,خوب بود اما می‌توانست بهتر باشد,fa
10636,Ich bin enttäuscht.,de
10637,من خیلی ناراحتم,fa
10638,I am so tired of this nonsense.,en
10639,I love this!,en
10640,यह ठीक था।,hi
10641,لا يعجبني هذا,ar
10642,बहुत ही अच्छा प्रदर्शन!,hi
10643,"Nicht schlecht, aber nicht gut.",de
10644,Could be better.,en
10645,I am so tired of this nonsense.,en
10646,مقبول لكنه ليس الأفضل,ar
10647,Worst day ever.,en
10648,"Nicht schlecht, aber nicht gut.",de
10649,من خیلی ناراحتم,fa
10650,Ich bin enttäuscht.,de
10651,اليوم كان رائعًا,ar
10652,خوب بود اما می‌توانست بهتر باشد,fa
10653,Ich bin enttäuscht.,de
10654,Ich bin enttäuscht.,de
10655,मैं इससे खुश नहीं हूँ।,hi
10656,बहुत ही अच्छा प्रदर्शन!,hi
10657,Could be better.,en
10658,Ich bin enttäuscht.,de
10659,لا يعجبني هذا,ar
10660,I am so tired of this nonsense.,en
10661,این بهترین روز من بود,fa
10662,Ich bin enttäuscht.,de
10663,Could be better.,en
10664,Absolutely fantastic experience!,en
10665,मैं इससे खुश नहीं हूँ।,hi
10666,Ich bin enttäuscht.,de
10667,اليوم كان رائعًا,ar
10668,من خیلی ناراحتم,fa
10669,لا يعجبني هذا,ar
10670,मैं इससे खुश नहीं हूँ।,hi
10671,خوب بود اما می‌توانست بهتر باشد,fa
10672,این بهترین روز من بود,fa
10673,बहुत ही अच्छा प्रदर्शन!,hi
10674,I love this!,en
10675,Could be better.,en
10676,لا يعجبني هذا,ar
10677,لا يعجبني هذا,ar
10678,مقبول لكنه ليس الأفضل,ar
10679,"Nicht schlecht, aber nicht gut.",de
10680,Absolutely fantastic experience!,en
10681,I love this!,en
10682,مقبول لكنه ليس الأفضل,ar
10683,I am so tired of this nonsense.,en
10684,اليوم كان رائعًا,ar
10685,مقبول لكنه ليس الأفضل,ar
10686,لا يعجبني هذا,ar
10687,मैं इससे खुश नहीं हूँ।,hi
10688,यह ठीक था।,hi
10689,من خیلی ناراحتم,fa
10690,Could be better.,en
10691,बहुत ही अच्छा प्रदर्शन!,hi
10692,Ich bin enttäuscht.,de
10693,बहुत ही अच्छा प्रदर्शन!,hi
10694,मैं इससे खुश नहीं हूँ।,hi
10695,This is terrible...,en
10696,This is terrible...,en
10697,यह ठीक था।,hi
10698,This is terrible...,en
10699,اليوم كان رائعًا,ar
10700,من خیلی ناراحتم,fa
10701,Ich bin enttäuscht.,de
10702,Ich bin enttäuscht.,de
10703,Could be better.,en
10704,Could be better.,en
10705,मैं इससे खुश नहीं हूँ।,hi
10706,خوب بود اما می‌توانست بهتر باشد,fa
10707,لا يعجبني هذا,ar
10708,Worst day ever.,en
10709,I am so tired of this nonsense.,en
10710,I am so tired of this nonsense.,en
10711,Could be better.,en
10712,Worst day ever.,en
10713,این بهترین روز من بود,fa
10714,لا يعجبني هذا,ar
10715,مقبول لكنه ليس الأفضل,ar
10716,خوب بود اما می‌توانست بهتر باشد,fa
10717,اليوم كان رائعًا,ar
10718,I am so tired of this nonsense.,en
10719,خوب بود اما می‌توانست بهتر باشد,fa
10720,Worst day ever.,en
10721,Absolutely fantastic experience!,en
10722,बहुत ही अच्छा प्रदर्शन!,hi
10723,This is terrible...,en
10724,لا يعجبني هذا,ar
10725,I am so tired of this nonsense.,en
10726,Absolutely fantastic experience!,en
10727,Worst day ever.,en
10728,I love this!,en
10729,من خیلی ناراحتم,fa
10730,"Nicht schlecht, aber nicht gut.",de
10731,What a beautiful day!,en
10732,این بهترین روز من بود,fa
10733,बहुत ही अच्छा प्रदर्शन!,hi
10734,I am so tired of this nonsense.,en
10735,Could be better.,en
10736,Das war unglaublich!,de
10737,Could be better.,en
10738,मैं इससे खुश नहीं हूँ।,hi
10739,مقبول لكنه ليس الأفضل,ar
10740,من خیلی ناراحتم,fa
10741,Das war unglaublich!,de
10742,Could be better.,en
10743,This is terrible...,en
10744,لا يعجبني هذا,ar
10745,این بهترین روز من بود,fa
10746,यह ठीक था।,hi
10747,"Nicht schlecht, aber nicht gut.",de
10748,यह ठीक था।,hi
10749,لا يعجبني هذا,ar
10750,मैं इससे खुश नहीं हूँ।,hi
10751,बहुत ही अच्छा प्रदर्शन!,hi
10752,خوب بود اما می‌توانست بهتر باشد,fa
10753,خوب بود اما می‌توانست بهتر باشد,fa
10754,I love this!,en
10755,यह ठीक था।,hi
10756,Absolutely fantastic experience!,en
10757,من خیلی ناراحتم,fa
10758,من خیلی ناراحتم,fa
10759,What a beautiful day!,en
10760,यह ठीक था।,hi
10761,Das war unglaublich!,de
10762,यह ठीक था।,hi
10763,बहुत ही अच्छा प्रदर्शन!,hi
10764,اليوم كان رائعًا,ar
10765,این بهترین روز من بود,fa
10766,خوب بود اما می‌توانست بهتر باشد,fa
10767,اليوم كان رائعًا,ar
10768,Absolutely fantastic experience!,en
10769,What a beautiful day!,en
10770,Could be better.,en
10771,Ich bin enttäuscht.,de
10772,Could be better.,en
10773,बहुत ही अच्छा प्रदर्शन!,hi
10774,Ich bin enttäuscht.,de
10775,I love this!,en
10776,I love this!,en
10777,من خیلی ناراحتم,fa
10778,لا يعجبني هذا,ar
10779,बहुत ही अच्छा प्रदर्शन!,hi
10780,Worst day ever.,en
10781,Could be better.,en
10782,Could be better.,en
10783,I am so tired of this nonsense.,en
10784,बहुत ही अच्छा प्रदर्शन!,hi
10785,Worst day ever.,en
10786,This is terrible...,en
10787,خوب بود اما می‌توانست بهتر باشد,fa
10788,"Nicht schlecht, aber nicht gut.",de
10789,اليوم كان رائعًا,ar
10790,This is terrible...,en
10791,Absolutely fantastic experience!,en
10792,لا يعجبني هذا,ar
10793,خوب بود اما می‌توانست بهتر باشد,fa
10794,Could be better.,en
10795,Das war unglaublich!,de
10796,Could be better.,en
10797,Worst day ever.,en
10798,I am so tired of this nonsense.,en
10799,"Nicht schlecht, aber nicht gut.",de
10800,لا يعجبني هذا,ar
10801,مقبول لكنه ليس الأفضل,ar
10802,मैं इससे खुश नहीं हूँ।,hi
10803,Ich bin enttäuscht.,de
10804,"Nicht schlecht, aber nicht gut.",de
10805,I am so tired of this nonsense.,en
10806,اليوم كان رائعًا,ar
10807,این بهترین روز من بود,fa
10808,I love this!,en
10809,I am so tired of this nonsense.,en
10810,لا يعجبني هذا,ar
10811,Worst day ever.,en
10812,This is terrible...,en
10813,اليوم كان رائعًا,ar
10814,لا يعجبني هذا,ar
10815,यह ठीक था।,hi
10816,"Nicht schlecht, aber nicht gut.",de
10817,मैं इससे खुश नहीं हूँ।,hi
10818,Absolutely fantastic experience!,en
10819,I love this!,en
10820,اليوم كان رائعًا,ar
10821,बहुत ही अच्छा प्रदर्शन!,hi
10822,मैं इससे खुश नहीं हूँ।,hi
10823,مقبول لكنه ليس الأفضل,ar
10824,Ich bin enttäuscht.,de
10825,Could be better.,en
10826,Could be better.,en
10827,Das war unglaublich!,de
10828,I love this!,en
10829,बहुत ही अच्छा प्रदर्शन!,hi
10830,"Nicht schlecht, aber nicht gut.",de
10831,"Nicht schlecht, aber nicht gut.",de
10832,مقبول لكنه ليس الأفضل,ar
10833,मैं इससे खुश नहीं हूँ।,hi
10834,این بهترین روز من بود,fa
10835,I am so tired of this nonsense.,en
10836,Das war unglaublich!,de
10837,این بهترین روز من بود,fa
10838,من خیلی ناراحتم,fa
10839,من خیلی ناراحتم,fa
10840,What a beautiful day!,en
10841,I love this!,en
10842,Das war unglaublich!,de
10843,What a beautiful day!,en
10844,خوب بود اما می‌توانست بهتر باشد,fa
10845,बहुत ही अच्छा प्रदर्शन!,hi
10846,خوب بود اما می‌توانست بهتر باشد,fa
10847,Could be better.,en
10848,لا يعجبني هذا,ar
10849,من خیلی ناراحتم,fa
10850,لا يعجبني هذا,ar
10851,Absolutely fantastic experience!,en
10852,Could be better.,en
10853,बहुत ही अच्छा प्रदर्शन!,hi
10854,خوب بود اما می‌توانست بهتر باشد,fa
10855,Das war unglaublich!,de
10856,"Nicht schlecht, aber nicht gut.",de
10857,Ich bin enttäuscht.,de
10858,مقبول لكنه ليس الأفضل,ar
10859,Could be better.,en
10860,Das war unglaublich!,de
10861,Worst day ever.,en
10862,من خیلی ناراحتم,fa
10863,Could be better.,en
10864,لا يعجبني هذا,ar
10865,Ich bin enttäuscht.,de
10866,बहुत ही अच्छा प्रदर्शन!,hi
10867,من خیلی ناراحتم,fa
10868,Ich bin enttäuscht.,de
10869,Ich bin enttäuscht.,de
10870,This is terrible...,en
10871,این بهترین روز من بود,fa
10872,مقبول لكنه ليس الأفضل,ar
10873,Das war unglaublich!,de
10874,I am so tired of this nonsense.,en
10875,मैं इससे खुश नहीं हूँ।,hi
10876,What a beautiful day!,en
10877,Absolutely fantastic experience!,en
10878,मैं इससे खुश नहीं हूँ।,hi
10879,من خیلی ناراحتم,fa
10880,خوب بود اما می‌توانست بهتر باشد,fa
10881,This is terrible...,en
10882,من خیلی ناراحتم,fa
10883,Could be better.,en
10884,من خیلی ناراحتم,fa
10885,मैं इससे खुश नहीं हूँ।,hi
10886,बहुत ही अच्छा प्रदर्शन!,hi
10887,This is terrible...,en
10888,What a beautiful day!,en
10889,خوب بود اما می‌توانست بهتر باشد,fa
10890,Absolutely fantastic experience!,en
10891,I love this!,en
10892,لا يعجبني هذا,ar
10893,اليوم كان رائعًا,ar
10894,Worst day ever.,en
10895,Das war unglaublich!,de
10896,I love this!,en
10897,مقبول لكنه ليس الأفضل,ar
10898,यह ठीक था।,hi
10899,I am so tired of this nonsense.,en
10900,This is terrible...,en
10901,اليوم كان رائعًا,ar
10902,این بهترین روز من بود,fa
10903,Could be better.,en
10904,Das war unglaublich!,de
10905,خوب بود اما می‌توانست بهتر باشد,fa
10906,I am so tired of this nonsense.,en
10907,Absolutely fantastic experience!,en
10908,لا يعجبني هذا,ar
10909,What a beautiful day!,en
10910,यह ठीक था।,hi
10911,این بهترین روز من بود,fa
10912,यह ठीक था।,hi
10913,This is terrible...,en
10914,لا يعجبني هذا,ar
10915,I am so tired of this nonsense.,en
10916,این بهترین روز من بود,fa
10917,Ich bin enttäuscht.,de
10918,मैं इससे खुश नहीं हूँ।,hi
10919,اليوم كان رائعًا,ar
10920,من خیلی ناراحتم,fa
10921,Ich bin enttäuscht.,de
10922,Ich bin enttäuscht.,de
10923,Could be better.,en
10924,خوب بود اما می‌توانست بهتر باشد,fa
10925,What a beautiful day!,en
10926,مقبول لكنه ليس الأفضل,ar
10927,Ich bin enttäuscht.,de
10928,What a beautiful day!,en
10929,Ich bin enttäuscht.,de
10930,من خیلی ناراحتم,fa
10931,من خیلی ناراحتم,fa
10932,मैं इससे खुश नहीं हूँ।,hi
10933,این بهترین روز من بود,fa
10934,اليوم كان رائعًا,ar
10935,"Nicht schlecht, aber nicht gut.",de
10936,"Nicht schlecht, aber nicht gut.",de
10937,خوب بود اما می‌توانست بهتر باشد,fa
10938,I love this!,en
10939,यह ठीक था।,hi
10940,مقبول لكنه ليس الأفضل,ar
10941,لا يعجبني هذا,ar
10942,यह ठीक था।,hi
10943,Could be better.,en
10944,I love this!,en
10945,"Nicht schlecht, aber nicht gut.",de
10946,اليوم كان رائعًا,ar
10947,"Nicht schlecht, aber nicht gut.",de
10948,Absolutely fantastic experience!,en
10949,لا يعجبني هذا,ar
10950,این بهترین روز من بود,fa
10951,Das war unglaublich!,de
10952,Could be better.,en
10953,لا يعجبني هذا,ar
10954,من خیلی ناراحتم,fa
10955,من خیلی ناراحتم,fa
10956,यह ठीक था।,hi
10957,"Nicht schlecht, aber nicht gut.",de
10958,I am so tired of this nonsense.,en
10959,این بهترین روز من بود,fa
10960,I love this!,en
10961,यह ठीक था।,hi
10962,اليوم كان رائعًا,ar
10963,مقبول لكنه ليس الأفضل,ar
10964,I love this!,en
10965,اليوم كان رائعًا,ar
10966,خوب بود اما می‌توانست بهتر باشد,fa
10967,لا يعجبني هذا,ar
10968,Das war unglaublich!,de
10969,मैं इससे खुश नहीं हूँ।,hi
10970,Worst day ever.,en
10971,यह ठीक था।,hi
10972,यह ठीक था।,hi
10973,لا يعجبني هذا,ar
10974,Ich bin enttäuscht.,de
10975,Ich bin enttäuscht.,de
10976,Ich bin enttäuscht.,de
10977,Das war unglaublich!,de
10978,Worst day ever.,en
10979,Worst day ever.,en
10980,This is terrible...,en
10981,बहुत ही अच्छा प्रदर्शन!,hi
10982,I love this!,en
10983,من خیلی ناراحتم,fa
10984,मैं इससे खुश नहीं हूँ।,hi
10985,Absolutely fantastic experience!,en
10986,I love this!,en
10987,Could be better.,en
10988,این بهترین روز من بود,fa
10989,"Nicht schlecht, aber nicht gut.",de
10990,I am so tired of this nonsense.,en
10991,यह ठीक था।,hi
10992,बहुत ही अच्छा प्रदर्शन!,hi
10993,I love this!,en
10994,خوب بود اما می‌توانست بهتر باشد,fa
10995,This is terrible...,en
10996,خوب بود اما می‌توانست بهتر باشد,fa
10997,I love this!,en
10998,"Nicht schlecht, aber nicht gut.",de
10999,Absolutely fantastic experience!,en
11000,मैं इससे खुश नहीं हूँ।,hi
11001,مقبول لكنه ليس الأفضل,ar
11002,Das war unglaublich!,de
11003,خوب بود اما می‌توانست بهتر باشد,fa
11004,Das war unglaublich!,de
11005,Worst day ever.,en
11006,این بهترین روز من بود,fa
11007,این بهترین روز من بود,fa
11008,لا يعجبني هذا,ar
11009,مقبول لكنه ليس الأفضل,ar
11010,I love this!,en
11011,This is terrible...,en
11012,Ich bin enttäuscht.,de
11013,What a beautiful day!,en
11014,"Nicht schlecht, aber nicht gut.",de
11015,من خیلی ناراحتم,fa
11016,यह ठीक था।,hi
11017,مقبول لكنه ليس الأفضل,ar
11018,What a beautiful day!,en
11019,من خیلی ناراحتم,fa
11020,I love this!,en
11021,این بهترین روز من بود,fa
11022,Absolutely fantastic experience!,en
11023,Could be better.,en
11024,What a beautiful day!,en
11025,اليوم كان رائعًا,ar
11026,لا يعجبني هذا,ar
11027,Absolutely fantastic experience!,en
11028,خوب بود اما می‌توانست بهتر باشد,fa
11029,اليوم كان رائعًا,ar
11030,لا يعجبني هذا,ar
11031,बहुत ही अच्छा प्रदर्शन!,hi
11032,"Nicht schlecht, aber nicht gut.",de
11033,बहुत ही अच्छा प्रदर्शन!,hi
11034,"Nicht schlecht, aber nicht gut.",de
11035,I am so tired of this nonsense.,en
11036,What a beautiful day!,en
11037,Das war unglaublich!,de
11038,What a beautiful day!,en
11039,خوب بود اما می‌توانست بهتر باشد,fa
11040,What a beautiful day!,en
11041,Absolutely fantastic experience!,en
11042,I am so tired of this nonsense.,en
11043,Ich bin enttäuscht.,de
11044,"Nicht schlecht, aber nicht gut.",de
11045,من خیلی ناراحتم,fa
11046,Das war unglaublich!,de
11047,اليوم كان رائعًا,ar
11048,यह ठीक था।,hi
11049,خوب بود اما می‌توانست بهتر باشد,fa
11050,यह ठीक था।,hi
11051,Worst day ever.,en
11052,This is terrible...,en
11053,من خیلی ناراحتم,fa
11054,"Nicht schlecht, aber nicht gut.",de
11055,बहुत ही अच्छा प्रदर्शन!,hi
11056,Das war unglaublich!,de
11057,Das war unglaublich!,de
11058,मैं इससे खुश नहीं हूँ।,hi
11059,این بهترین روز من بود,fa
11060,यह ठीक था।,hi
11061,This is terrible...,en
11062,لا يعجبني هذا,ar
11063,What a beautiful day!,en
11064,मैं इससे खुश नहीं हूँ।,hi
11065,I love this!,en
11066,I love this!,en
11067,Ich bin enttäuscht.,de
11068,यह ठीक था।,hi
11069,این بهترین روز من بود,fa
11070,مقبول لكنه ليس الأفضل,ar
11071,خوب بود اما می‌توانست بهتر باشد,fa
11072,من خیلی ناراحتم,fa
11073,لا يعجبني هذا,ar
11074,यह ठीक था।,hi
11075,I love this!,en
11076,Could be better.,en
11077,این بهترین روز من بود,fa
11078,What a beautiful day!,en
11079,I am so tired of this nonsense.,en
11080,This is terrible...,en
11081,I am so tired of this nonsense.,en
11082,Could be better.,en
11083,I am so tired of this nonsense.,en
11084,اليوم كان رائعًا,ar
11085,मैं इससे खुश नहीं हूँ।,hi
11086,"Nicht schlecht, aber nicht gut.",de
11087,What a beautiful day!,en
11088,"Nicht schlecht, aber nicht gut.",de
11089,I love this!,en
11090,خوب بود اما می‌توانست بهتر باشد,fa
11091,Absolutely fantastic experience!,en
11092,"Nicht schlecht, aber nicht gut.",de
11093,This is terrible...,en
11094,This is terrible...,en
11095,اليوم كان رائعًا,ar
11096,لا يعجبني هذا,ar
11097,من خیلی ناراحتم,fa
11098,यह ठीक था।,hi
11099,لا يعجبني هذا,ar
11100,This is terrible...,en
11101,لا يعجبني هذا,ar
11102,यह ठीक था।,hi
11103,Absolutely fantastic experience!,en
11104,Worst day ever.,en
11105,خوب بود اما می‌توانست بهتر باشد,fa
11106,I am so tired of this nonsense.,en
11107,خوب بود اما می‌توانست بهتر باشد,fa
11108,خوب بود اما می‌توانست بهتر باشد,fa
11109,This is terrible...,en
11110,لا يعجبني هذا,ar
11111,اليوم كان رائعًا,ar
11112,Worst day ever.,en
11113,خوب بود اما می‌توانست بهتر باشد,fa
11114,Absolutely fantastic experience!,en
11115,This is terrible...,en
11116,यह ठीक था।,hi
11117,Ich bin enttäuscht.,de
11118,What a beautiful day!,en
11119,यह ठीक था।,hi
11120,Could be better.,en
11121,من خیلی ناراحتم,fa
11122,I am so tired of this nonsense.,en
11123,मैं इससे खुश नहीं हूँ।,hi
11124,Das war unglaublich!,de
11125,اليوم كان رائعًا,ar
11126,I am so tired of this nonsense.,en
11127,What a beautiful day!,en
11128,What a beautiful day!,en
11129,Ich bin enttäuscht.,de
11130,این بهترین روز من بود,fa
11131,I am so tired of this nonsense.,en
11132,बहुत ही अच्छा प्रदर्शन!,hi
11133,Could be better.,en
11134,لا يعجبني هذا,ar
11135,बहुत ही अच्छा प्रदर्शन!,hi
11136,Worst day ever.,en
11137,این بهترین روز من بود,fa
11138,Absolutely fantastic experience!,en
11139,مقبول لكنه ليس الأفضل,ar
11140,यह ठीक था।,hi
11141,من خیلی ناراحتم,fa
11142,Could be better.,en
11143,اليوم كان رائعًا,ar
11144,Worst day ever.,en
11145,مقبول لكنه ليس الأفضل,ar
11146,Absolutely fantastic experience!,en
11147,This is terrible...,en
11148,این بهترین روز من بود,fa
11149,Das war unglaublich!,de
11150,Absolutely fantastic experience!,en
11151,मैं इससे खुश नहीं हूँ।,hi
11152,Absolutely fantastic experience!,en
11153,What a beautiful day!,en
11154,اليوم كان رائعًا,ar
11155,مقبول لكنه ليس الأفضل,ar
11156,This is terrible...,en
11157,I am so tired of this nonsense.,en
11158,Das war unglaublich!,de
11159,اليوم كان رائعًا,ar
11160,यह ठीक था।,hi
11161,لا يعجبني هذا,ar
11162,यह ठीक था।,hi
11163,This is terrible...,en
11164,Worst day ever.,en
11165,اليوم كان رائعًا,ar
11166,اليوم كان رائعًا,ar
11167,"Nicht schlecht, aber nicht gut.",de
11168,من خیلی ناراحتم,fa
11169,Absolutely fantastic experience!,en
11170,Ich bin enttäuscht.,de
11171,Could be better.,en
11172,What a beautiful day!,en
11173,Ich bin enttäuscht.,de
11174,I am so tired of this nonsense.,en
11175,Worst day ever.,en
11176,यह ठीक था।,hi
11177,این بهترین روز من بود,fa
11178,"Nicht schlecht, aber nicht gut.",de
11179,Absolutely fantastic experience!,en
11180,This is terrible...,en
11181,اليوم كان رائعًا,ar
11182,यह ठीक था।,hi
11183,"Nicht schlecht, aber nicht gut.",de
11184,اليوم كان رائعًا,ar
11185,Das war unglaublich!,de
11186,لا يعجبني هذا,ar
11187,Ich bin enttäuscht.,de
11188,Worst day ever.,en
11189,मैं इससे खुश नहीं हूँ।,hi
11190,Das war unglaublich!,de
11191,बहुत ही अच्छा प्रदर्शन!,hi
11192,لا يعجبني هذا,ar
11193,این بهترین روز من بود,fa
11194,"Nicht schlecht, aber nicht gut.",de
11195,बहुत ही अच्छा प्रदर्शन!,hi
11196,बहुत ही अच्छा प्रदर्शन!,hi
11197,I am so tired of this nonsense.,en
11198,اليوم كان رائعًا,ar
11199,"Nicht schlecht, aber nicht gut.",de
11200,Ich bin enttäuscht.,de
11201,I am so tired of this nonsense.,en
11202,Worst day ever.,en
11203,این بهترین روز من بود,fa
11204,मैं इससे खुश नहीं हूँ।,hi
11205,Could be better.,en
11206,"Nicht schlecht, aber nicht gut.",de
11207,I love this!,en
11208,Absolutely fantastic experience!,en
11209,What a beautiful day!,en
11210,Absolutely fantastic experience!,en
11211,من خیلی ناراحتم,fa
11212,Das war unglaublich!,de
11213,خوب بود اما می‌توانست بهتر باشد,fa
11214,Absolutely fantastic experience!,en
11215,Das war unglaublich!,de
11216,What a beautiful day!,en
11217,What a beautiful day!,en
11218,I am so tired of this nonsense.,en
11219,यह ठीक था।,hi
11220,لا يعجبني هذا,ar
11221,این بهترین روز من بود,fa
11222,مقبول لكنه ليس الأفضل,ar
11223,این بهترین روز من بود,fa
11224,बहुत ही अच्छा प्रदर्शन!,hi
11225,این بهترین روز من بود,fa
11226,خوب بود اما می‌توانست بهتر باشد,fa
11227,I am so tired of this nonsense.,en
11228,لا يعجبني هذا,ar
11229,اليوم كان رائعًا,ar
11230,मैं इससे खुश नहीं हूँ।,hi
11231,خوب بود اما می‌توانست بهتر باشد,fa
11232,I love this!,en
11233,Worst day ever.,en
11234,Worst day ever.,en
11235,Ich bin enttäuscht.,de
11236,Absolutely fantastic experience!,en
11237,I am so tired of this nonsense.,en
11238,اليوم كان رائعًا,ar
11239,این بهترین روز من بود,fa
11240,Worst day ever.,en
11241,خوب بود اما می‌توانست بهتر باشد,fa
11242,बहुत ही अच्छा प्रदर्शन!,hi
11243,Ich bin enttäuscht.,de
11244,Could be better.,en
11245,این بهترین روز من بود,fa
11246,बहुत ही अच्छा प्रदर्शन!,hi
11247,Could be better.,en
11248,I love this!,en
11249,خوب بود اما می‌توانست بهتر باشد,fa
11250,Ich bin enttäuscht.,de
11251,اليوم كان رائعًا,ar
11252,This is terrible...,en
11253,Could be better.,en
11254,बहुत ही अच्छा प्रदर्शन!,hi
11255,این بهترین روز من بود,fa
11256,لا يعجبني هذا,ar
11257,मैं इससे खुश नहीं हूँ।,hi
11258,मैं इससे खुश नहीं हूँ।,hi
11259,Ich bin enttäuscht.,de
11260,I am so tired of this nonsense.,en
11261,لا يعجبني هذا,ar
11262,I love this!,en
11263,What a beautiful day!,en
11264,यह ठीक था।,hi
11265,این بهترین روز من بود,fa
11266,"Nicht schlecht, aber nicht gut.",de
11267,This is terrible...,en
11268,What a beautiful day!,en
11269,This is terrible...,en
11270,این بهترین روز من بود,fa
11271,خوب بود اما می‌توانست بهتر باشد,fa
11272,این بهترین روز من بود,fa
11273,Absolutely fantastic experience!,en
11274,این بهترین روز من بود,fa
11275,Could be better.,en
11276,I love this!,en
11277,لا يعجبني هذا,ar
11278,I am so tired of this nonsense.,en
11279,Ich bin enttäuscht.,de
11280,اليوم كان رائعًا,ar
11281,I am so tired of this nonsense.,en
11282,Absolutely fantastic experience!,en
11283,Ich bin enttäuscht.,de
11284,لا يعجبني هذا,ar
11285,मैं इससे खुश नहीं हूँ।,hi
11286,बहुत ही अच्छा प्रदर्शन!,hi
11287,मैं इससे खुश नहीं हूँ।,hi
11288,I am so tired of this nonsense.,en
11289,I am so tired of this nonsense.,en
11290,This is terrible...,en
11291,لا يعجبني هذا,ar
11292,این بهترین روز من بود,fa
11293,"Nicht schlecht, aber nicht gut.",de
11294,Absolutely fantastic experience!,en
11295,Absolutely fantastic experience!,en
11296,اليوم كان رائعًا,ar
11297,I love this!,en
11298,I love this!,en
11299,I love this!,en
11300,مقبول لكنه ليس الأفضل,ar
11301,Absolutely fantastic experience!,en
11302,Ich bin enttäuscht.,de
11303,Worst day ever.,en
11304,मैं इससे खुश नहीं हूँ।,hi
11305,I am so tired of this nonsense.,en
11306,I love this!,en
11307,मैं इससे खुश नहीं हूँ।,hi
11308,اليوم كان رائعًا,ar
11309,"Nicht schlecht, aber nicht gut.",de
11310,यह ठीक था।,hi
11311,مقبول لكنه ليس الأفضل,ar
11312,"Nicht schlecht, aber nicht gut.",de
11313,This is terrible...,en
11314,اليوم كان رائعًا,ar
11315,This is terrible...,en
11316,اليوم كان رائعًا,ar
11317,Worst day ever.,en
11318,Das war unglaublich!,de
11319,I am so tired of this nonsense.,en
11320,मैं इससे खुश नहीं हूँ।,hi
11321,Ich bin enttäuscht.,de
11322,"Nicht schlecht, aber nicht gut.",de
11323,اليوم كان رائعًا,ar
11324,خوب بود اما می‌توانست بهتر باشد,fa
11325,Could be better.,en
11326,Worst day ever.,en
11327,What a beautiful day!,en
11328,Ich bin enttäuscht.,de
11329,اليوم كان رائعًا,ar
11330,I am so tired of this nonsense.,en
11331,I am so tired of this nonsense.,en
11332,Absolutely fantastic experience!,en
11333,What a beautiful day!,en
11334,لا يعجبني هذا,ar
11335,من خیلی ناراحتم,fa
11336,यह ठीक था।,hi
11337,यह ठीक था।,hi
11338,I am so tired of this nonsense.,en
11339,من خیلی ناراحتم,fa
11340,Das war unglaublich!,de
11341,اليوم كان رائعًا,ar
11342,مقبول لكنه ليس الأفضل,ar
11343,من خیلی ناراحتم,fa
11344,Could be better.,en
11345,बहुत ही अच्छा प्रदर्शन!,hi
11346,Ich bin enttäuscht.,de
11347,Absolutely fantastic experience!,en
11348,لا يعجبني هذا,ar
11349,मैं इससे खुश नहीं हूँ।,hi
11350,لا يعجبني هذا,ar
11351,خوب بود اما می‌توانست بهتر باشد,fa
11352,This is terrible...,en
11353,Could be better.,en
11354,I love this!,en
11355,यह ठीक था।,hi
11356,मैं इससे खुश नहीं हूँ।,hi
11357,Absolutely fantastic experience!,en
11358,Worst day ever.,en
11359,बहुत ही अच्छा प्रदर्शन!,hi
11360,Das war unglaublich!,de
11361,"Nicht schlecht, aber nicht gut.",de
11362,बहुत ही अच्छा प्रदर्शन!,hi
11363,"Nicht schlecht, aber nicht gut.",de
11364,Ich bin enttäuscht.,de
11365,Absolutely fantastic experience!,en
11366,I love this!,en
11367,Das war unglaublich!,de
11368,Could be better.,en
11369,Ich bin enttäuscht.,de
11370,مقبول لكنه ليس الأفضل,ar
11371,"Nicht schlecht, aber nicht gut.",de
11372,من خیلی ناراحتم,fa
11373,Ich bin enttäuscht.,de
11374,لا يعجبني هذا,ar
11375,I am so tired of this nonsense.,en
11376,خوب بود اما می‌توانست بهتر باشد,fa
11377,Worst day ever.,en
11378,من خیلی ناراحتم,fa
11379,من خیلی ناراحتم,fa
11380,Absolutely fantastic experience!,en
11381,خوب بود اما می‌توانست بهتر باشد,fa
11382,مقبول لكنه ليس الأفضل,ar
11383,من خیلی ناراحتم,fa
11384,اليوم كان رائعًا,ar
11385,Das war unglaublich!,de
11386,Ich bin enttäuscht.,de
11387,مقبول لكنه ليس الأفضل,ar
11388,मैं इससे खुश नहीं हूँ।,hi
11389,من خیلی ناراحتم,fa
11390,لا يعجبني هذا,ar
11391,I am so tired of this nonsense.,en
11392,این بهترین روز من بود,fa
11393,This is terrible...,en
11394,Worst day ever.,en
11395,"Nicht schlecht, aber nicht gut.",de
11396,Ich bin enttäuscht.,de
11397,मैं इससे खुश नहीं हूँ।,hi
11398,Could be better.,en
11399,Ich bin enttäuscht.,de
11400,I am so tired of this nonsense.,en
11401,Das war unglaublich!,de
11402,I am so tired of this nonsense.,en
11403,I love this!,en
11404,اليوم كان رائعًا,ar
11405,من خیلی ناراحتم,fa
11406,این بهترین روز من بود,fa
11407,Ich bin enttäuscht.,de
11408,I am so tired of this nonsense.,en
11409,لا يعجبني هذا,ar
11410,बहुत ही अच्छा प्रदर्शन!,hi
11411,Absolutely fantastic experience!,en
11412,مقبول لكنه ليس الأفضل,ar
11413,"Nicht schlecht, aber nicht gut.",de
11414,این بهترین روز من بود,fa
11415,لا يعجبني هذا,ar
11416,बहुत ही अच्छा प्रदर्शन!,hi
11417,اليوم كان رائعًا,ar
11418,Absolutely fantastic experience!,en
11419,Absolutely fantastic experience!,en
11420,Ich bin enttäuscht.,de
11421,This is terrible...,en
11422,این بهترین روز من بود,fa
11423,This is terrible...,en
11424,من خیلی ناراحتم,fa
11425,I am so tired of this nonsense.,en
11426,این بهترین روز من بود,fa
11427,What a beautiful day!,en
11428,من خیلی ناراحتم,fa
11429,What a beautiful day!,en
11430,यह ठीक था।,hi
11431,اليوم كان رائعًا,ar
11432,مقبول لكنه ليس الأفضل,ar
11433,Worst day ever.,en
11434,मैं इससे खुश नहीं हूँ।,hi
11435,اليوم كان رائعًا,ar
11436,मैं इससे खुश नहीं हूँ।,hi
11437,I love this!,en
11438,این بهترین روز من بود,fa
11439,Worst day ever.,en
11440,Ich bin enttäuscht.,de
11441,من خیلی ناراحتم,fa
11442,اليوم كان رائعًا,ar
11443,Das war unglaublich!,de
11444,Ich bin enttäuscht.,de
11445,I love this!,en
11446,I am so tired of this nonsense.,en
11447,Ich bin enttäuscht.,de
11448,Worst day ever.,en
11449,I love this!,en
11450,Absolutely fantastic experience!,en
11451,مقبول لكنه ليس الأفضل,ar
11452,मैं इससे खुश नहीं हूँ।,hi
11453,यह ठीक था।,hi
11454,I love this!,en
11455,Das war unglaublich!,de
11456,مقبول لكنه ليس الأفضل,ar
11457,बहुत ही अच्छा प्रदर्शन!,hi
11458,Das war unglaublich!,de
11459,This is terrible...,en
11460,Absolutely fantastic experience!,en
11461,Absolutely fantastic experience!,en
11462,Das war unglaublich!,de
11463,Worst day ever.,en
11464,I am so tired of this nonsense.,en
11465,Das war unglaublich!,de
11466,لا يعجبني هذا,ar
11467,I am so tired of this nonsense.,en
11468,Worst day ever.,en
11469,من خیلی ناراحتم,fa
11470,"Nicht schlecht, aber nicht gut.",de
11471,Das war unglaublich!,de
11472,Absolutely fantastic experience!,en
11473,"Nicht schlecht, aber nicht gut.",de
11474,I am so tired of this nonsense.,en
11475,Could be better.,en
11476,خوب بود اما می‌توانست بهتر باشد,fa
11477,خوب بود اما می‌توانست بهتر باشد,fa
11478,This is terrible...,en
11479,Could be better.,en
11480,این بهترین روز من بود,fa
11481,What a beautiful day!,en
11482,خوب بود اما می‌توانست بهتر باشد,fa
11483,बहुत ही अच्छा प्रदर्शन!,hi
11484,यह ठीक था।,hi
11485,This is terrible...,en
11486,I am so tired of this nonsense.,en
11487,Could be better.,en
11488,اليوم كان رائعًا,ar
11489,Das war unglaublich!,de
11490,Ich bin enttäuscht.,de
11491,مقبول لكنه ليس الأفضل,ar
11492,لا يعجبني هذا,ar
11493,What a beautiful day!,en
11494,Absolutely fantastic experience!,en
11495,من خیلی ناراحتم,fa
11496,I am so tired of this nonsense.,en
11497,Das war unglaublich!,de
11498,बहुत ही अच्छा प्रदर्शन!,hi
11499,خوب بود اما می‌توانست بهتر باشد,fa
11500,यह ठीक था।,hi
11501,اليوم كان رائعًا,ar
11502,من خیلی ناراحتم,fa
11503,این بهترین روز من بود,fa
11504,This is terrible...,en
11505,Worst day ever.,en
11506,Das war unglaublich!,de
11507,"Nicht schlecht, aber nicht gut.",de
11508,من خیلی ناراحتم,fa
11509,مقبول لكنه ليس الأفضل,ar
11510,اليوم كان رائعًا,ar
11511,Could be better.,en
11512,यह ठीक था।,hi
11513,Absolutely fantastic experience!,en
11514,Worst day ever.,en
11515,من خیلی ناراحتم,fa
11516,यह ठीक था।,hi
11517,Worst day ever.,en
11518,این بهترین روز من بود,fa
11519,لا يعجبني هذا,ar
11520,لا يعجبني هذا,ar
11521,बहुत ही अच्छा प्रदर्शन!,hi
11522,این بهترین روز من بود,fa
11523,This is terrible...,en
11524,لا يعجبني هذا,ar
11525,Das war unglaublich!,de
11526,What a beautiful day!,en
11527,این بهترین روز من بود,fa
11528,Absolutely fantastic experience!,en
11529,बहुत ही अच्छा प्रदर्शन!,hi
11530,مقبول لكنه ليس الأفضل,ar
11531,What a beautiful day!,en
11532,Ich bin enttäuscht.,de
11533,"Nicht schlecht, aber nicht gut.",de
11534,Ich bin enttäuscht.,de
11535,این بهترین روز من بود,fa
11536,Absolutely fantastic experience!,en
11537,من خیلی ناراحتم,fa
11538,Absolutely fantastic experience!,en
11539,मैं इससे खुश नहीं हूँ।,hi
11540,This is terrible...,en
11541,Absolutely fantastic experience!,en
11542,خوب بود اما می‌توانست بهتر باشد,fa
11543,What a beautiful day!,en
11544,این بهترین روز من بود,fa
11545,This is terrible...,en
11546,Worst day ever.,en
11547,I love this!,en
11548,This is terrible...,en
11549,I am so tired of this nonsense.,en
11550,I love this!,en
11551,Could be better.,en
11552,Worst day ever.,en
11553,Das war unglaublich!,de
11554,Worst day ever.,en
11555,बहुत ही अच्छा प्रदर्शन!,hi
11556,اليوم كان رائعًا,ar
11557,مقبول لكنه ليس الأفضل,ar
11558,I love this!,en
11559,خوب بود اما می‌توانست بهتر باشد,fa
11560,What a beautiful day!,en
11561,Could be better.,en
11562,मैं इससे खुश नहीं हूँ।,hi
11563,यह ठीक था।,hi
11564,Das war unglaublich!,de
11565,मैं इससे खुश नहीं हूँ।,hi
11566,Absolutely fantastic experience!,en
11567,I love this!,en
11568,خوب بود اما می‌توانست بهتر باشد,fa
11569,Absolutely fantastic experience!,en
11570,I love this!,en
11571,Worst day ever.,en
11572,यह ठीक था।,hi
11573,اليوم كان رائعًا,ar
11574,Could be better.,en
11575,बहुत ही अच्छा प्रदर्शन!,hi
11576,I love this!,en
11577,"Nicht schlecht, aber nicht gut.",de
11578,I love this!,en
11579,I love this!,en
11580,Could be better.,en
11581,Could be better.,en
11582,Worst day ever.,en
11583,This is terrible...,en
11584,این بهترین روز من بود,fa
11585,این بهترین روز من بود,fa
11586,Ich bin enttäuscht.,de
11587,لا يعجبني هذا,ar
11588,مقبول لكنه ليس الأفضل,ar
11589,"Nicht schlecht, aber nicht gut.",de
11590,لا يعجبني هذا,ar
11591,Das war unglaublich!,de
11592,I am so tired of this nonsense.,en
11593,من خیلی ناراحتم,fa
11594,बहुत ही अच्छा प्रदर्शन!,hi
11595,Ich bin enttäuscht.,de
11596,این بهترین روز من بود,fa
11597,Das war unglaublich!,de
11598,मैं इससे खुश नहीं हूँ।,hi
11599,मैं इससे खुश नहीं हूँ।,hi
11600,I love this!,en
11601,मैं इससे खुश नहीं हूँ।,hi
11602,What a beautiful day!,en
11603,This is terrible...,en
11604,Ich bin enttäuscht.,de
11605,What a beautiful day!,en
11606,"Nicht schlecht, aber nicht gut.",de
11607,यह ठीक था।,hi
11608,Ich bin enttäuscht.,de
11609,What a beautiful day!,en
11610,Could be better.,en
11611,Das war unglaublich!,de
11612,This is terrible...,en
11613,من خیلی ناراحتم,fa
11614,I love this!,en
11615,मैं इससे खुश नहीं हूँ।,hi
11616,مقبول لكنه ليس الأفضل,ar
11617,What a beautiful day!,en
11618,बहुत ही अच्छा प्रदर्शन!,hi
11619,What a beautiful day!,en
11620,من خیلی ناراحتم,fa
11621,Worst day ever.,en
11622,مقبول لكنه ليس الأفضل,ar
11623,"Nicht schlecht, aber nicht gut.",de
11624,Absolutely fantastic experience!,en
11625,यह ठीक था।,hi
11626,Could be better.,en
11627,اليوم كان رائعًا,ar
11628,این بهترین روز من بود,fa
11629,خوب بود اما می‌توانست بهتر باشد,fa
11630,What a beautiful day!,en
11631,خوب بود اما می‌توانست بهتر باشد,fa
11632,مقبول لكنه ليس الأفضل,ar
11633,Could be better.,en
11634,I am so tired of this nonsense.,en
11635,اليوم كان رائعًا,ar
11636,What a beautiful day!,en
11637,What a beautiful day!,en
11638,This is terrible...,en
11639,I love this!,en
11640,"Nicht schlecht, aber nicht gut.",de
11641,Ich bin enttäuscht.,de
11642,बहुत ही अच्छा प्रदर्शन!,hi
11643,मैं इससे खुश नहीं हूँ।,hi
11644,این بهترین روز من بود,fa
11645,من خیلی ناراحتم,fa
11646,I am so tired of this nonsense.,en
11647,لا يعجبني هذا,ar
11648,What a beautiful day!,en
11649,"Nicht schlecht, aber nicht gut.",de
11650,مقبول لكنه ليس الأفضل,ar
11651,اليوم كان رائعًا,ar
11652,Ich bin enttäuscht.,de
11653,مقبول لكنه ليس الأفضل,ar
11654,यह ठीक था।,hi
11655,यह ठीक था।,hi
11656,مقبول لكنه ليس الأفضل,ar
11657,I love this!,en
11658,I am so tired of this nonsense.,en
11659,"Nicht schlecht, aber nicht gut.",de
11660,बहुत ही अच्छा प्रदर्शन!,hi
11661,Absolutely fantastic experience!,en
11662,This is terrible...,en
11663,Worst day ever.,en
11664,मैं इससे खुश नहीं हूँ।,hi
11665,मैं इससे खुश नहीं हूँ।,hi
11666,यह ठीक था।,hi
11667,I love this!,en
11668,Worst day ever.,en
11669,اليوم كان رائعًا,ar
11670,لا يعجبني هذا,ar
11671,Worst day ever.,en
11672,"Nicht schlecht, aber nicht gut.",de
11673,मैं इससे खुश नहीं हूँ।,hi
11674,Could be better.,en
11675,I am so tired of this nonsense.,en
11676,من خیلی ناراحتم,fa
11677,مقبول لكنه ليس الأفضل,ar
11678,This is terrible...,en
11679,This is terrible...,en
11680,Could be better.,en
11681,बहुत ही अच्छा प्रदर्शन!,hi
11682,لا يعجبني هذا,ar
11683,This is terrible...,en
11684,मैं इससे खुश नहीं हूँ।,hi
11685,این بهترین روز من بود,fa
11686,Could be better.,en
11687,من خیلی ناراحتم,fa
11688,"Nicht schlecht, aber nicht gut.",de
11689,बहुत ही अच्छा प्रदर्शन!,hi
11690,Ich bin enttäuscht.,de
11691,मैं इससे खुश नहीं हूँ।,hi
11692,I love this!,en
11693,Could be better.,en
11694,Das war unglaublich!,de
11695,Absolutely fantastic experience!,en
11696,बहुत ही अच्छा प्रदर्शन!,hi
11697,I love this!,en
11698,Could be better.,en
11699,Absolutely fantastic experience!,en
11700,اليوم كان رائعًا,ar
11701,من خیلی ناراحتم,fa
11702,Das war unglaublich!,de
11703,Could be better.,en
11704,यह ठीक था।,hi
11705,خوب بود اما می‌توانست بهتر باشد,fa
11706,बहुत ही अच्छा प्रदर्शन!,hi
11707,I am so tired of this nonsense.,en
11708,बहुत ही अच्छा प्रदर्शन!,hi
11709,Could be better.,en
11710,من خیلی ناراحتم,fa
11711,لا يعجبني هذا,ar
11712,اليوم كان رائعًا,ar
11713,مقبول لكنه ليس الأفضل,ar
11714,لا يعجبني هذا,ar
11715,"Nicht schlecht, aber nicht gut.",de
11716,خوب بود اما می‌توانست بهتر باشد,fa
11717,I am so tired of this nonsense.,en
11718,Ich bin enttäuscht.,de
11719,Das war unglaublich!,de
11720,What a beautiful day!,en
11721,यह ठीक था।,hi
11722,"Nicht schlecht, aber nicht gut.",de
11723,I love this!,en
11724,बहुत ही अच्छा प्रदर्शन!,hi
11725,اليوم كان رائعًا,ar
11726,This is terrible...,en
11727,What a beautiful day!,en
11728,"Nicht schlecht, aber nicht gut.",de
11729,I am so tired of this nonsense.,en
11730,Absolutely fantastic experience!,en
11731,مقبول لكنه ليس الأفضل,ar
11732,बहुत ही अच्छा प्रदर्शन!,hi
11733,خوب بود اما می‌توانست بهتر باشد,fa
11734,मैं इससे खुश नहीं हूँ।,hi
11735,خوب بود اما می‌توانست بهتر باشد,fa
11736,I am so tired of this nonsense.,en
11737,"Nicht schlecht, aber nicht gut.",de
11738,This is terrible...,en
11739,बहुत ही अच्छा प्रदर्शन!,hi
11740,مقبول لكنه ليس الأفضل,ar
11741,मैं इससे खुश नहीं हूँ।,hi
11742,बहुत ही अच्छा प्रदर्शन!,hi
11743,This is terrible...,en
11744,این بهترین روز من بود,fa
11745,यह ठीक था।,hi
11746,این بهترین روز من بود,fa
11747,What a beautiful day!,en
11748,مقبول لكنه ليس الأفضل,ar
11749,من خیلی ناراحتم,fa
11750,"Nicht schlecht, aber nicht gut.",de
11751,Worst day ever.,en
11752,اليوم كان رائعًا,ar
11753,مقبول لكنه ليس الأفضل,ar
11754,"Nicht schlecht, aber nicht gut.",de
11755,اليوم كان رائعًا,ar
11756,I love this!,en
11757,خوب بود اما می‌توانست بهتر باشد,fa
11758,I love this!,en
11759,यह ठीक था।,hi
11760,Worst day ever.,en
11761,मैं इससे खुश नहीं हूँ।,hi
11762,Worst day ever.,en
11763,Ich bin enttäuscht.,de
11764,این بهترین روز من بود,fa
11765,Das war unglaublich!,de
11766,اليوم كان رائعًا,ar
11767,यह ठीक था।,hi
11768,What a beautiful day!,en
11769,Worst day ever.,en
11770,Das war unglaublich!,de
11771,This is terrible...,en
11772,Absolutely fantastic experience!,en
11773,خوب بود اما می‌توانست بهتر باشد,fa
11774,خوب بود اما می‌توانست بهتر باشد,fa
11775,Absolutely fantastic experience!,en
11776,Absolutely fantastic experience!,en
11777,Could be better.,en
11778,این بهترین روز من بود,fa
11779,"Nicht schlecht, aber nicht gut.",de
11780,خوب بود اما می‌توانست بهتر باشد,fa
11781,Worst day ever.,en
11782,Das war unglaublich!,de
11783,مقبول لكنه ليس الأفضل,ar
11784,لا يعجبني هذا,ar
11785,बहुत ही अच्छा प्रदर्शन!,hi
11786,Das war unglaublich!,de
11787,मैं इससे खुश नहीं हूँ।,hi
11788,मैं इससे खुश नहीं हूँ।,hi
11789,خوب بود اما می‌توانست بهتر باشد,fa
11790,این بهترین روز من بود,fa
11791,Ich bin enttäuscht.,de
11792,خوب بود اما می‌توانست بهتر باشد,fa
11793,Absolutely fantastic experience!,en
11794,I love this!,en
11795,این بهترین روز من بود,fa
11796,خوب بود اما می‌توانست بهتر باشد,fa
11797,Worst day ever.,en
11798,I love this!,en
11799,لا يعجبني هذا,ar
11800,این بهترین روز من بود,fa
11801,مقبول لكنه ليس الأفضل,ar
11802,बहुत ही अच्छा प्रदर्शन!,hi
11803,मैं इससे खुश नहीं हूँ।,hi
11804,यह ठीक था।,hi
11805,Absolutely fantastic experience!,en
11806,این بهترین روز من بود,fa
11807,This is terrible...,en
11808,من خیلی ناراحتم,fa
11809,Absolutely fantastic experience!,en
11810,बहुत ही अच्छा प्रदर्शन!,hi
11811,यह ठीक था।,hi
11812,Could be better.,en
11813,Could be better.,en
11814,बहुत ही अच्छा प्रदर्शन!,hi
11815,این بهترین روز من بود,fa
11816,اليوم كان رائعًا,ar
11817,این بهترین روز من بود,fa
11818,Ich bin enttäuscht.,de
11819,این بهترین روز من بود,fa
11820,"Nicht schlecht, aber nicht gut.",de
11821,مقبول لكنه ليس الأفضل,ar
11822,यह ठीक था।,hi
11823,اليوم كان رائعًا,ar
11824,لا يعجبني هذا,ar
11825,مقبول لكنه ليس الأفضل,ar
11826,Worst day ever.,en
11827,Worst day ever.,en
11828,لا يعجبني هذا,ar
11829,Worst day ever.,en
11830,Could be better.,en
11831,مقبول لكنه ليس الأفضل,ar
11832,यह ठीक था।,hi
11833,Das war unglaublich!,de
11834,This is terrible...,en
11835,मैं इससे खुश नहीं हूँ।,hi
11836,Das war unglaublich!,de
11837,बहुत ही अच्छा प्रदर्शन!,hi
11838,خوب بود اما می‌توانست بهتر باشد,fa
11839,Absolutely fantastic experience!,en
11840,This is terrible...,en
11841,من خیلی ناراحتم,fa
11842,Ich bin enttäuscht.,de
11843,Could be better.,en
11844,मैं इससे खुश नहीं हूँ।,hi
11845,"Nicht schlecht, aber nicht gut.",de
11846,"Nicht schlecht, aber nicht gut.",de
11847,Das war unglaublich!,de
11848,Ich bin enttäuscht.,de
11849,मैं इससे खुश नहीं हूँ।,hi
11850,لا يعجبني هذا,ar
11851,این بهترین روز من بود,fa
11852,اليوم كان رائعًا,ar
11853,لا يعجبني هذا,ar
11854,मैं इससे खुश नहीं हूँ।,hi
11855,لا يعجبني هذا,ar
11856,"Nicht schlecht, aber nicht gut.",de
11857,यह ठीक था।,hi
11858,This is terrible...,en
11859,لا يعجبني هذا,ar
11860,من خیلی ناراحتم,fa
11861,यह ठीक था।,hi
11862,What a beautiful day!,en
11863,"Nicht schlecht, aber nicht gut.",de
11864,Worst day ever.,en
11865,این بهترین روز من بود,fa
11866,Absolutely fantastic experience!,en
11867,"Nicht schlecht, aber nicht gut.",de
11868,Ich bin enttäuscht.,de
11869,لا يعجبني هذا,ar
11870,मैं इससे खुश नहीं हूँ।,hi
11871,Could be better.,en
11872,اليوم كان رائعًا,ar
11873,Das war unglaublich!,de
11874,Could be better.,en
11875,خوب بود اما می‌توانست بهتر باشد,fa
11876,لا يعجبني هذا,ar
11877,اليوم كان رائعًا,ar
11878,Ich bin enttäuscht.,de
11879,اليوم كان رائعًا,ar
11880,این بهترین روز من بود,fa
11881,من خیلی ناراحتم,fa
11882,बहुत ही अच्छा प्रदर्शन!,hi
11883,मैं इससे खुश नहीं हूँ।,hi
11884,This is terrible...,en
11885,बहुत ही अच्छा प्रदर्शन!,hi
11886,لا يعجبني هذا,ar
11887,I love this!,en
11888,اليوم كان رائعًا,ar
11889,I am so tired of this nonsense.,en
11890,"Nicht schlecht, aber nicht gut.",de
11891,لا يعجبني هذا,ar
11892,لا يعجبني هذا,ar
11893,Ich bin enttäuscht.,de
11894,Ich bin enttäuscht.,de
11895,اليوم كان رائعًا,ar
11896,यह ठीक था।,hi
11897,مقبول لكنه ليس الأفضل,ar
11898,Could be better.,en
11899,मैं इससे खुश नहीं हूँ।,hi
11900,مقبول لكنه ليس الأفضل,ar
11901,Worst day ever.,en
11902,What a beautiful day!,en
11903,Worst day ever.,en
11904,Absolutely fantastic experience!,en
11905,Ich bin enttäuscht.,de
11906,اليوم كان رائعًا,ar
11907,اليوم كان رائعًا,ar
11908,من خیلی ناراحتم,fa
11909,خوب بود اما می‌توانست بهتر باشد,fa
11910,I am so tired of this nonsense.,en
11911,What a beautiful day!,en
11912,Worst day ever.,en
11913,مقبول لكنه ليس الأفضل,ar
11914,Absolutely fantastic experience!,en
11915,मैं इससे खुश नहीं हूँ।,hi
11916,I love this!,en
11917,This is terrible...,en
11918,मैं इससे खुश नहीं हूँ।,hi
11919,خوب بود اما می‌توانست بهتر باشد,fa
11920,I am so tired of this nonsense.,en
11921,"Nicht schlecht, aber nicht gut.",de
11922,اليوم كان رائعًا,ar
11923,I am so tired of this nonsense.,en
11924,Das war unglaublich!,de
11925,What a beautiful day!,en
11926,मैं इससे खुश नहीं हूँ।,hi
11927,Could be better.,en
11928,मैं इससे खुश नहीं हूँ।,hi
11929,Worst day ever.,en
11930,What a beautiful day!,en
11931,خوب بود اما می‌توانست بهتر باشد,fa
11932,من خیلی ناراحتم,fa
11933,لا يعجبني هذا,ar
11934,مقبول لكنه ليس الأفضل,ar
11935,Absolutely fantastic experience!,en
11936,This is terrible...,en
11937,"Nicht schlecht, aber nicht gut.",de
11938,"Nicht schlecht, aber nicht gut.",de
11939,مقبول لكنه ليس الأفضل,ar
11940,यह ठीक था।,hi
11941,बहुत ही अच्छा प्रदर्शन!,hi
11942,من خیلی ناراحتم,fa
11943,Das war unglaublich!,de
11944,لا يعجبني هذا,ar
11945,Ich bin enttäuscht.,de
11946,I am so tired of this nonsense.,en
11947,This is terrible...,en
11948,اليوم كان رائعًا,ar
11949,لا يعجبني هذا,ar
11950,मैं इससे खुश नहीं हूँ।,hi
11951,مقبول لكنه ليس الأفضل,ar
11952,Could be better.,en
11953,Absolutely fantastic experience!,en
11954,I love this!,en
11955,I love this!,en
11956,I am so tired of this nonsense.,en
11957,مقبول لكنه ليس الأفضل,ar
11958,لا يعجبني هذا,ar
11959,I love this!,en
11960,I love this!,en
11961,من خیلی ناراحتم,fa
11962,Ich bin enttäuscht.,de
11963,Could be better.,en
11964,"Nicht schlecht, aber nicht gut.",de
11965,Could be better.,en
11966,اليوم كان رائعًا,ar
11967,Ich bin enttäuscht.,de
11968,اليوم كان رائعًا,ar
11969,Worst day ever.,en
11970,Could be better.,en
11971,मैं इससे खुश नहीं हूँ।,hi
11972,Could be better.,en
11973,مقبول لكنه ليس الأفضل,ar
11974,बहुत ही अच्छा प्रदर्शन!,hi
11975,Das war unglaublich!,de
11976,لا يعجبني هذا,ar
11977,لا يعجبني هذا,ar
11978,من خیلی ناراحتم,fa
11979,Could be better.,en
11980,من خیلی ناراحتم,fa
11981,Could be better.,en
11982,Ich bin enttäuscht.,de
11983,لا يعجبني هذا,ar
11984,مقبول لكنه ليس الأفضل,ar
11985,This is terrible...,en
11986,I am so tired of this nonsense.,en
11987,I love this!,en
11988,این بهترین روز من بود,fa
11989,Absolutely fantastic experience!,en
11990,Das war unglaublich!,de
11991,خوب بود اما می‌توانست بهتر باشد,fa
11992,اليوم كان رائعًا,ar
11993,Ich bin enttäuscht.,de
11994,Could be better.,en
11995,Das war unglaublich!,de
11996,اليوم كان رائعًا,ar
11997,مقبول لكنه ليس الأفضل,ar
11998,"Nicht schlecht, aber nicht gut.",de
11999,What a beautiful day!,en
12000,اليوم كان رائعًا,ar
12001,Ich bin enttäuscht.,de
12002,مقبول لكنه ليس الأفضل,ar
12003,این بهترین روز من بود,fa
12004,What a beautiful day!,en
12005,बहुत ही अच्छा प्रदर्शन!,hi
12006,This is terrible...,en
12007,مقبول لكنه ليس الأفضل,ar
12008,خوب بود اما می‌توانست بهتر باشد,fa
12009,Absolutely fantastic experience!,en
12010,मैं इससे खुश नहीं हूँ।,hi
12011,यह ठीक था।,hi
12012,"Nicht schlecht, aber nicht gut.",de
12013,من خیلی ناراحتم,fa
12014,لا يعجبني هذا,ar
12015,این بهترین روز من بود,fa
12016,यह ठीक था।,hi
12017,این بهترین روز من بود,fa
12018,خوب بود اما می‌توانست بهتر باشد,fa
12019,خوب بود اما می‌توانست بهتر باشد,fa
12020,Absolutely fantastic experience!,en
12021,Ich bin enttäuscht.,de
12022,What a beautiful day!,en
12023,This is terrible...,en
12024,I am so tired of this nonsense.,en
12025,Could be better.,en
12026,I am so tired of this nonsense.,en
12027,Das war unglaublich!,de
12028,I am so tired of this nonsense.,en
12029,I am so tired of this nonsense.,en
12030,This is terrible...,en
12031,Ich bin enttäuscht.,de
12032,من خیلی ناراحتم,fa
12033,I love this!,en
12034,Das war unglaublich!,de
12035,اليوم كان رائعًا,ar
12036,बहुत ही अच्छा प्रदर्शन!,hi
12037,Ich bin enttäuscht.,de
12038,Ich bin enttäuscht.,de
12039,I am so tired of this nonsense.,en
12040,مقبول لكنه ليس الأفضل,ar
12041,यह ठीक था।,hi
12042,Ich bin enttäuscht.,de
12043,This is terrible...,en
12044,اليوم كان رائعًا,ar
12045,"Nicht schlecht, aber nicht gut.",de
12046,Worst day ever.,en
12047,این بهترین روز من بود,fa
12048,मैं इससे खुश नहीं हूँ।,hi
12049,I am so tired of this nonsense.,en
12050,Das war unglaublich!,de
12051,Worst day ever.,en
12052,این بهترین روز من بود,fa
12053,Worst day ever.,en
12054,मैं इससे खुश नहीं हूँ।,hi
12055,"Nicht schlecht, aber nicht gut.",de
12056,मैं इससे खुश नहीं हूँ।,hi
12057,मैं इससे खुश नहीं हूँ।,hi
12058,Could be better.,en
12059,Absolutely fantastic experience!,en
12060,This is terrible...,en
12061,This is terrible...,en
12062,बहुत ही अच्छा प्रदर्शन!,hi
12063,What a beautiful day!,en
12064,خوب بود اما می‌توانست بهتر باشد,fa
12065,This is terrible...,en
12066,اليوم كان رائعًا,ar
12067,خوب بود اما می‌توانست بهتر باشد,fa
12068,"Nicht schlecht, aber nicht gut.",de
12069,What a beautiful day!,en
12070,Absolutely fantastic experience!,en
12071,बहुत ही अच्छा प्रदर्शन!,hi
12072,बहुत ही अच्छा प्रदर्शन!,hi
12073,मैं इससे खुश नहीं हूँ।,hi
12074,I am so tired of this nonsense.,en
12075,I am so tired of this nonsense.,en
12076,Das war unglaublich!,de
12077,مقبول لكنه ليس الأفضل,ar
12078,"Nicht schlecht, aber nicht gut.",de
12079,यह ठीक था।,hi
12080,این بهترین روز من بود,fa
12081,"Nicht schlecht, aber nicht gut.",de
12082,خوب بود اما می‌توانست بهتر باشد,fa
12083,मैं इससे खुश नहीं हूँ।,hi
12084,مقبول لكنه ليس الأفضل,ar
12085,Das war unglaublich!,de
12086,Das war unglaublich!,de
12087,Absolutely fantastic experience!,en
12088,I love this!,en
12089,خوب بود اما می‌توانست بهتر باشد,fa
12090,What a beautiful day!,en
12091,این بهترین روز من بود,fa
12092,Das war unglaublich!,de
12093,Could be better.,en
12094,من خیلی ناراحتم,fa
12095,خوب بود اما می‌توانست بهتر باشد,fa
12096,من خیلی ناراحتم,fa
12097,मैं इससे खुश नहीं हूँ।,hi
12098,बहुत ही अच्छा प्रदर्शन!,hi
12099,What a beautiful day!,en
12100,مقبول لكنه ليس الأفضل,ar
12101,"Nicht schlecht, aber nicht gut.",de
12102,این بهترین روز من بود,fa
12103,I love this!,en
12104,बहुत ही अच्छा प्रदर्शन!,hi
12105,مقبول لكنه ليس الأفضل,ar
12106,Could be better.,en
12107,What a beautiful day!,en
12108,This is terrible...,en
12109,I am so tired of this nonsense.,en
12110,I am so tired of this nonsense.,en
12111,Das war unglaublich!,de
12112,من خیلی ناراحتم,fa
12113,"Nicht schlecht, aber nicht gut.",de
12114,من خیلی ناراحتم,fa
12115,I love this!,en
12116,I am so tired of this nonsense.,en
12117,Ich bin enttäuscht.,de
12118,من خیلی ناراحتم,fa
12119,Das war unglaublich!,de
12120,मैं इससे खुश नहीं हूँ।,hi
12121,Worst day ever.,en
12122,I am so tired of this nonsense.,en
12123,Absolutely fantastic experience!,en
12124,من خیلی ناراحتم,fa
12125,I am so tired of this nonsense.,en
12126,मैं इससे खुश नहीं हूँ।,hi
12127,Could be better.,en
12128,"Nicht schlecht, aber nicht gut.",de
12129,I love this!,en
12130,Absolutely fantastic experience!,en
12131,Das war unglaublich!,de
12132,Worst day ever.,en
12133,Worst day ever.,en
12134,"Nicht schlecht, aber nicht gut.",de
12135,اليوم كان رائعًا,ar
12136,مقبول لكنه ليس الأفضل,ar
12137,यह ठीक था।,hi
12138,Worst day ever.,en
12139,من خیلی ناراحتم,fa
12140,This is terrible...,en
12141,من خیلی ناراحتم,fa
12142,اليوم كان رائعًا,ar
12143,Worst day ever.,en
12144,من خیلی ناراحتم,fa
12145,این بهترین روز من بود,fa
12146,Absolutely fantastic experience!,en
12147,बहुत ही अच्छा प्रदर्शन!,hi
12148,"Nicht schlecht, aber nicht gut.",de
12149,I am so tired of this nonsense.,en
12150,"Nicht schlecht, aber nicht gut.",de
12151,I am so tired of this nonsense.,en
12152,Could be better.,en
12153,Worst day ever.,en
12154,مقبول لكنه ليس الأفضل,ar
12155,I love this!,en
12156,यह ठीक था।,hi
12157,این بهترین روز من بود,fa
12158,مقبول لكنه ليس الأفضل,ar
12159,Ich bin enttäuscht.,de
12160,Could be better.,en
12161,این بهترین روز من بود,fa
12162,"Nicht schlecht, aber nicht gut.",de
12163,خوب بود اما می‌توانست بهتر باشد,fa
12164,This is terrible...,en
12165,این بهترین روز من بود,fa
12166,من خیلی ناراحتم,fa
12167,لا يعجبني هذا,ar
12168,"Nicht schlecht, aber nicht gut.",de
12169,I am so tired of this nonsense.,en
12170,من خیلی ناراحتم,fa
12171,यह ठीक था।,hi
12172,बहुत ही अच्छा प्रदर्शन!,hi
12173,من خیلی ناراحتم,fa
12174,Could be better.,en
12175,यह ठीक था।,hi
12176,This is terrible...,en
12177,I love this!,en
12178,I am so tired of this nonsense.,en
12179,این بهترین روز من بود,fa
12180,बहुत ही अच्छा प्रदर्शन!,hi
12181,Worst day ever.,en
12182,Could be better.,en
12183,Absolutely fantastic experience!,en
12184,मैं इससे खुश नहीं हूँ।,hi
12185,बहुत ही अच्छा प्रदर्शन!,hi
12186,This is terrible...,en
12187,"Nicht schlecht, aber nicht gut.",de
12188,خوب بود اما می‌توانست بهتر باشد,fa
12189,This is terrible...,en
12190,Could be better.,en
12191,خوب بود اما می‌توانست بهتر باشد,fa
12192,من خیلی ناراحتم,fa
12193,Ich bin enttäuscht.,de
12194,Ich bin enttäuscht.,de
12195,I love this!,en
12196,What a beautiful day!,en
12197,مقبول لكنه ليس الأفضل,ar
12198,Could be better.,en
12199,لا يعجبني هذا,ar
12200,لا يعجبني هذا,ar
12201,Das war unglaublich!,de
12202,मैं इससे खुश नहीं हूँ।,hi
12203,This is terrible...,en
12204,Das war unglaublich!,de
12205,I love this!,en
12206,Worst day ever.,en
12207,Ich bin enttäuscht.,de
12208,Could be better.,en
12209,This is terrible...,en
12210,خوب بود اما می‌توانست بهتر باشد,fa
12211,خوب بود اما می‌توانست بهتر باشد,fa
12212,I love this!,en
12213,لا يعجبني هذا,ar
12214,बहुत ही अच्छा प्रदर्शन!,hi
12215,This is terrible...,en
12216,मैं इससे खुश नहीं हूँ।,hi
12217,मैं इससे खुश नहीं हूँ।,hi
12218,لا يعجبني هذا,ar
12219,I love this!,en
12220,Could be better.,en
12221,خوب بود اما می‌توانست بهتر باشد,fa
12222,Worst day ever.,en
12223,मैं इससे खुश नहीं हूँ।,hi
12224,मैं इससे खुश नहीं हूँ।,hi
12225,Worst day ever.,en
12226,I am so tired of this nonsense.,en
12227,مقبول لكنه ليس الأفضل,ar
12228,خوب بود اما می‌توانست بهتر باشد,fa
12229,این بهترین روز من بود,fa
12230,Could be better.,en
12231,I am so tired of this nonsense.,en
12232,این بهترین روز من بود,fa
12233,مقبول لكنه ليس الأفضل,ar
12234,Absolutely fantastic experience!,en
12235,Ich bin enttäuscht.,de
12236,I love this!,en
12237,Das war unglaublich!,de
12238,मैं इससे खुश नहीं हूँ।,hi
12239,What a beautiful day!,en
12240,اليوم كان رائعًا,ar
12241,Ich bin enttäuscht.,de
12242,لا يعجبني هذا,ar
12243,This is terrible...,en
12244,I love this!,en
12245,बहुत ही अच्छा प्रदर्शन!,hi
12246,خوب بود اما می‌توانست بهتر باشد,fa
12247,बहुत ही अच्छा प्रदर्शन!,hi
12248,मैं इससे खुश नहीं हूँ।,hi
12249,बहुत ही अच्छा प्रदर्शन!,hi
12250,مقبول لكنه ليس الأفضل,ar
12251,لا يعجبني هذا,ar
12252,This is terrible...,en
12253,این بهترین روز من بود,fa
12254,مقبول لكنه ليس الأفضل,ar
12255,مقبول لكنه ليس الأفضل,ar
12256,این بهترین روز من بود,fa
12257,बहुत ही अच्छा प्रदर्शन!,hi
12258,This is terrible...,en
12259,Ich bin enttäuscht.,de
12260,Worst day ever.,en
12261,I am so tired of this nonsense.,en
12262,اليوم كان رائعًا,ar
12263,من خیلی ناراحتم,fa
12264,خوب بود اما می‌توانست بهتر باشد,fa
12265,"Nicht schlecht, aber nicht gut.",de
12266,لا يعجبني هذا,ar
12267,من خیلی ناراحتم,fa
12268,I am so tired of this nonsense.,en
12269,Absolutely fantastic experience!,en
12270,यह ठीक था।,hi
12271,Worst day ever.,en
12272,"Nicht schlecht, aber nicht gut.",de
12273,बहुत ही अच्छा प्रदर्शन!,hi
12274,This is terrible...,en
12275,I am so tired of this nonsense.,en
12276,Worst day ever.,en
12277,این بهترین روز من بود,fa
12278,Could be better.,en
12279,बहुत ही अच्छा प्रदर्शन!,hi
12280,I am so tired of this nonsense.,en
12281,اليوم كان رائعًا,ar
12282,Could be better.,en
12283,यह ठीक था।,hi
12284,Das war unglaublich!,de
12285,این بهترین روز من بود,fa
12286,خوب بود اما می‌توانست بهتر باشد,fa
12287,What a beautiful day!,en
12288,I love this!,en
12289,من خیلی ناراحتم,fa
12290,बहुत ही अच्छा प्रदर्शन!,hi
12291,Das war unglaublich!,de
12292,این بهترین روز من بود,fa
12293,اليوم كان رائعًا,ar
12294,مقبول لكنه ليس الأفضل,ar
12295,Ich bin enttäuscht.,de
12296,من خیلی ناراحتم,fa
12297,Could be better.,en
12298,I am so tired of this nonsense.,en
12299,बहुत ही अच्छा प्रदर्शन!,hi
12300,What a beautiful day!,en
12301,من خیلی ناراحتم,fa
12302,Das war unglaublich!,de
12303,This is terrible...,en
12304,Ich bin enttäuscht.,de
12305,बहुत ही अच्छा प्रदर्शन!,hi
12306,من خیلی ناراحتم,fa
12307,मैं इससे खुश नहीं हूँ।,hi
12308,What a beautiful day!,en
12309,I am so tired of this nonsense.,en
12310,This is terrible...,en
12311,Das war unglaublich!,de
12312,من خیلی ناراحتم,fa
12313,Ich bin enttäuscht.,de
12314,This is terrible...,en
12315,لا يعجبني هذا,ar
12316,This is terrible...,en
12317,Das war unglaublich!,de
12318,من خیلی ناراحتم,fa
12319,اليوم كان رائعًا,ar
12320,This is terrible...,en
12321,لا يعجبني هذا,ar
12322,Worst day ever.,en
12323,Ich bin enttäuscht.,de
12324,बहुत ही अच्छा प्रदर्शन!,hi
12325,Ich bin enttäuscht.,de
12326,این بهترین روز من بود,fa
12327,यह ठीक था।,hi
12328,من خیلی ناراحتم,fa
12329,Das war unglaublich!,de
12330,Could be better.,en
12331,Worst day ever.,en
12332,Ich bin enttäuscht.,de
12333,मैं इससे खुश नहीं हूँ।,hi
12334,Could be better.,en
12335,Worst day ever.,en
12336,"Nicht schlecht, aber nicht gut.",de
12337,Could be better.,en
12338,I am so tired of this nonsense.,en
12339,बहुत ही अच्छा प्रदर्शन!,hi
12340,این بهترین روز من بود,fa
12341,This is terrible...,en
12342,Das war unglaublich!,de
12343,من خیلی ناراحتم,fa
12344,Could be better.,en
12345,What a beautiful day!,en
12346,این بهترین روز من بود,fa
12347,Das war unglaublich!,de
12348,I am so tired of this nonsense.,en
12349,यह ठीक था।,hi
12350,خوب بود اما می‌توانست بهتر باشد,fa
12351,I am so tired of this nonsense.,en
12352,این بهترین روز من بود,fa
12353,من خیلی ناراحتم,fa
12354,Could be better.,en
12355,خوب بود اما می‌توانست بهتر باشد,fa
12356,مقبول لكنه ليس الأفضل,ar
12357,"Nicht schlecht, aber nicht gut.",de
12358,I love this!,en
12359,Ich bin enttäuscht.,de
12360,Ich bin enttäuscht.,de
12361,Das war unglaublich!,de
12362,What a beautiful day!,en
12363,बहुत ही अच्छा प्रदर्शन!,hi
12364,यह ठीक था।,hi
12365,مقبول لكنه ليس الأفضل,ar
12366,من خیلی ناراحتم,fa
12367,این بهترین روز من بود,fa
12368,Ich bin enttäuscht.,de
12369,اليوم كان رائعًا,ar
12370,Could be better.,en
12371,Could be better.,en
12372,I am so tired of this nonsense.,en
12373,I love this!,en
12374,I am so tired of this nonsense.,en
12375,خوب بود اما می‌توانست بهتر باشد,fa
12376,خوب بود اما می‌توانست بهتر باشد,fa
12377,خوب بود اما می‌توانست بهتر باشد,fa
12378,لا يعجبني هذا,ar
12379,Ich bin enttäuscht.,de
12380,من خیلی ناراحتم,fa
12381,Das war unglaublich!,de
12382,बहुत ही अच्छा प्रदर्शन!,hi
12383,"Nicht schlecht, aber nicht gut.",de
12384,बहुत ही अच्छा प्रदर्शन!,hi
12385,مقبول لكنه ليس الأفضل,ar
12386,من خیلی ناراحتم,fa
12387,خوب بود اما می‌توانست بهتر باشد,fa
12388,बहुत ही अच्छा प्रदर्शन!,hi
12389,Absolutely fantastic experience!,en
12390,What a beautiful day!,en
12391,बहुत ही अच्छा प्रदर्शन!,hi
12392,Das war unglaublich!,de
12393,I am so tired of this nonsense.,en
12394,बहुत ही अच्छा प्रदर्शन!,hi
12395,Could be better.,en
12396,Could be better.,en
12397,من خیلی ناراحتم,fa
12398,اليوم كان رائعًا,ar
12399,"Nicht schlecht, aber nicht gut.",de
12400,बहुत ही अच्छा प्रदर्शन!,hi
12401,خوب بود اما می‌توانست بهتر باشد,fa
12402,I am so tired of this nonsense.,en
12403,Das war unglaublich!,de
12404,This is terrible...,en
12405,این بهترین روز من بود,fa
12406,مقبول لكنه ليس الأفضل,ar
12407,مقبول لكنه ليس الأفضل,ar
12408,این بهترین روز من بود,fa
12409,خوب بود اما می‌توانست بهتر باشد,fa
12410,خوب بود اما می‌توانست بهتر باشد,fa
12411,बहुत ही अच्छा प्रदर्शन!,hi
12412,What a beautiful day!,en
12413,خوب بود اما می‌توانست بهتر باشد,fa
12414,Das war unglaublich!,de
12415,Absolutely fantastic experience!,en
12416,Das war unglaublich!,de
12417,Ich bin enttäuscht.,de
12418,I love this!,en
12419,Could be better.,en
12420,यह ठीक था।,hi
12421,Worst day ever.,en
12422,यह ठीक था।,hi
12423,This is terrible...,en
12424,बहुत ही अच्छा प्रदर्शन!,hi
12425,لا يعجبني هذا,ar
12426,This is terrible...,en
12427,What a beautiful day!,en
12428,This is terrible...,en
12429,این بهترین روز من بود,fa
12430,خوب بود اما می‌توانست بهتر باشد,fa
12431,I love this!,en
12432,من خیلی ناراحتم,fa
12433,لا يعجبني هذا,ar
12434,لا يعجبني هذا,ar
12435,I love this!,en
12436,बहुत ही अच्छा प्रदर्शन!,hi
12437,I love this!,en
12438,यह ठीक था।,hi
12439,यह ठीक था।,hi
12440,Absolutely fantastic experience!,en
12441,Das war unglaublich!,de
12442,I am so tired of this nonsense.,en
12443,لا يعجبني هذا,ar
12444,مقبول لكنه ليس الأفضل,ar
12445,यह ठीक था।,hi
12446,Could be better.,en
12447,यह ठीक था।,hi
12448,यह ठीक था।,hi
12449,Absolutely fantastic experience!,en
12450,I am so tired of this nonsense.,en
12451,यह ठीक था।,hi
12452,बहुत ही अच्छा प्रदर्शन!,hi
12453,What a beautiful day!,en
12454,این بهترین روز من بود,fa
12455,"Nicht schlecht, aber nicht gut.",de
12456,This is terrible...,en
12457,This is terrible...,en
12458,"Nicht schlecht, aber nicht gut.",de
12459,"Nicht schlecht, aber nicht gut.",de
12460,لا يعجبني هذا,ar
12461,Ich bin enttäuscht.,de
12462,Worst day ever.,en
12463,I am so tired of this nonsense.,en
12464,این بهترین روز من بود,fa
12465,मैं इससे खुश नहीं हूँ।,hi
12466,خوب بود اما می‌توانست بهتر باشد,fa
12467,مقبول لكنه ليس الأفضل,ar
12468,Ich bin enttäuscht.,de
12469,I am so tired of this nonsense.,en
12470,यह ठीक था।,hi
12471,Das war unglaublich!,de
12472,این بهترین روز من بود,fa
12473,Absolutely fantastic experience!,en
12474,I love this!,en
12475,این بهترین روز من بود,fa
12476,"Nicht schlecht, aber nicht gut.",de
12477,مقبول لكنه ليس الأفضل,ar
12478,यह ठीक था।,hi
12479,مقبول لكنه ليس الأفضل,ar
12480,I love this!,en
12481,Could be better.,en
12482,اليوم كان رائعًا,ar
12483,Das war unglaublich!,de
12484,यह ठीक था।,hi
12485,لا يعجبني هذا,ar
12486,मैं इससे खुश नहीं हूँ।,hi
12487,यह ठीक था।,hi
12488,من خیلی ناراحتم,fa
12489,لا يعجبني هذا,ar
12490,لا يعجبني هذا,ar
12491,बहुत ही अच्छा प्रदर्शन!,hi
12492,Could be better.,en
12493,I am so tired of this nonsense.,en
12494,"Nicht schlecht, aber nicht gut.",de
12495,Ich bin enttäuscht.,de
12496,This is terrible...,en
12497,What a beautiful day!,en
12498,Das war unglaublich!,de
12499,यह ठीक था।,hi
12500,Ich bin enttäuscht.,de
12501,I am so tired of this nonsense.,en
12502,Could be better.,en
12503,I am so tired of this nonsense.,en
12504,Could be better.,en
12505,Worst day ever.,en
12506,من خیلی ناراحتم,fa
12507,Could be better.,en
12508,مقبول لكنه ليس الأفضل,ar
12509,لا يعجبني هذا,ar
12510,Could be better.,en
12511,Absolutely fantastic experience!,en
12512,मैं इससे खुश नहीं हूँ।,hi
12513,لا يعجبني هذا,ar
12514,Das war unglaublich!,de
12515,Das war unglaublich!,de
12516,Ich bin enttäuscht.,de
12517,मैं इससे खुश नहीं हूँ।,hi
12518,خوب بود اما می‌توانست بهتر باشد,fa
12519,"Nicht schlecht, aber nicht gut.",de
12520,यह ठीक था।,hi
12521,मैं इससे खुश नहीं हूँ।,hi
12522,اليوم كان رائعًا,ar
12523,I am so tired of this nonsense.,en
12524,I am so tired of this nonsense.,en
12525,Das war unglaublich!,de
12526,I am so tired of this nonsense.,en
12527,این بهترین روز من بود,fa
12528,من خیلی ناراحتم,fa
12529,Worst day ever.,en
12530,من خیلی ناراحتم,fa
12531,Ich bin enttäuscht.,de
12532,این بهترین روز من بود,fa
12533,मैं इससे खुश नहीं हूँ।,hi
12534,من خیلی ناراحتم,fa
12535,What a beautiful day!,en
12536,این بهترین روز من بود,fa
12537,I love this!,en
12538,बहुत ही अच्छा प्रदर्शन!,hi
12539,اليوم كان رائعًا,ar
12540,What a beautiful day!,en
12541,I love this!,en
12542,"Nicht schlecht, aber nicht gut.",de
12543,बहुत ही अच्छा प्रदर्शन!,hi
12544,Could be better.,en
12545,मैं इससे खुश नहीं हूँ।,hi
12546,What a beautiful day!,en
12547,What a beautiful day!,en
12548,Could be better.,en
12549,Worst day ever.,en
12550,Absolutely fantastic experience!,en
12551,यह ठीक था।,hi
12552,मैं इससे खुश नहीं हूँ।,hi
12553,خوب بود اما می‌توانست بهتر باشد,fa
12554,اليوم كان رائعًا,ar
12555,Worst day ever.,en
12556,I am so tired of this nonsense.,en
12557,मैं इससे खुश नहीं हूँ।,hi
12558,मैं इससे खुश नहीं हूँ।,hi
12559,Das war unglaublich!,de
12560,Could be better.,en
12561,Could be better.,en
12562,This is terrible...,en
12563,What a beautiful day!,en
12564,Could be better.,en
12565,خوب بود اما می‌توانست بهتر باشد,fa
12566,Absolutely fantastic experience!,en
12567,What a beautiful day!,en
12568,What a beautiful day!,en
12569,I am so tired of this nonsense.,en
12570,Could be better.,en
12571,Das war unglaublich!,de
12572,Das war unglaublich!,de
12573,اليوم كان رائعًا,ar
12574,Das war unglaublich!,de
12575,Absolutely fantastic experience!,en
12576,What a beautiful day!,en
12577,اليوم كان رائعًا,ar
12578,Absolutely fantastic experience!,en
12579,"Nicht schlecht, aber nicht gut.",de
12580,این بهترین روز من بود,fa
12581,این بهترین روز من بود,fa
12582,Worst day ever.,en
12583,Could be better.,en
12584,خوب بود اما می‌توانست بهتر باشد,fa
12585,Could be better.,en
12586,Ich bin enttäuscht.,de
12587,این بهترین روز من بود,fa
12588,Das war unglaublich!,de
12589,این بهترین روز من بود,fa
12590,Absolutely fantastic experience!,en
12591,यह ठीक था।,hi
12592,اليوم كان رائعًا,ar
12593,Absolutely fantastic experience!,en
12594,Absolutely fantastic experience!,en
12595,Could be better.,en
12596,این بهترین روز من بود,fa
12597,I love this!,en
12598,यह ठीक था।,hi
12599,बहुत ही अच्छा प्रदर्शन!,hi
12600,لا يعجبني هذا,ar
12601,Ich bin enttäuscht.,de
12602,"Nicht schlecht, aber nicht gut.",de
12603,Ich bin enttäuscht.,de
12604,Could be better.,en
12605,Absolutely fantastic experience!,en
12606,I am so tired of this nonsense.,en
12607,यह ठीक था।,hi
12608,I love this!,en
12609,I am so tired of this nonsense.,en
12610,This is terrible...,en
12611,Ich bin enttäuscht.,de
12612,यह ठीक था।,hi
12613,I am so tired of this nonsense.,en
12614,This is terrible...,en
12615,बहुत ही अच्छा प्रदर्शन!,hi
12616,I love this!,en
12617,Das war unglaublich!,de
12618,لا يعجبني هذا,ar
12619,Could be better.,en
12620,यह ठीक था।,hi
12621,बहुत ही अच्छा प्रदर्शन!,hi
12622,Absolutely fantastic experience!,en
12623,"Nicht schlecht, aber nicht gut.",de
12624,बहुत ही अच्छा प्रदर्शन!,hi
12625,Could be better.,en
12626,मैं इससे खुश नहीं हूँ।,hi
12627,What a beautiful day!,en
12628,बहुत ही अच्छा प्रदर्शन!,hi
12629,Absolutely fantastic experience!,en
12630,من خیلی ناراحتم,fa
12631,Ich bin enttäuscht.,de
12632,This is terrible...,en
12633,اليوم كان رائعًا,ar
12634,Could be better.,en
12635,This is terrible...,en
12636,Das war unglaublich!,de
12637,बहुत ही अच्छा प्रदर्शन!,hi
12638,Das war unglaublich!,de
12639,این بهترین روز من بود,fa
12640,لا يعجبني هذا,ar
12641,What a beautiful day!,en
12642,خوب بود اما می‌توانست بهتر باشد,fa
12643,मैं इससे खुश नहीं हूँ।,hi
12644,لا يعجبني هذا,ar
12645,This is terrible...,en
12646,Absolutely fantastic experience!,en
12647,बहुत ही अच्छा प्रदर्शन!,hi
12648,Absolutely fantastic experience!,en
12649,I am so tired of this nonsense.,en
12650,What a beautiful day!,en
12651,Ich bin enttäuscht.,de
12652,Could be better.,en
12653,This is terrible...,en
12654,What a beautiful day!,en
12655,I am so tired of this nonsense.,en
12656,Worst day ever.,en
12657,Ich bin enttäuscht.,de
12658,Could be better.,en
12659,यह ठीक था।,hi
12660,यह ठीक था।,hi
12661,Could be better.,en
12662,لا يعجبني هذا,ar
12663,من خیلی ناراحتم,fa
12664,مقبول لكنه ليس الأفضل,ar
12665,यह ठीक था।,hi
12666,لا يعجبني هذا,ar
12667,این بهترین روز من بود,fa
12668,बहुत ही अच्छा प्रदर्शन!,hi
12669,Worst day ever.,en
12670,I am so tired of this nonsense.,en
12671,خوب بود اما می‌توانست بهتر باشد,fa
12672,Worst day ever.,en
12673,این بهترین روز من بود,fa
12674,Worst day ever.,en
12675,Could be better.,en
12676,Could be better.,en
12677,Das war unglaublich!,de
12678,I am so tired of this nonsense.,en
12679,این بهترین روز من بود,fa
12680,من خیلی ناراحتم,fa
12681,मैं इससे खुश नहीं हूँ।,hi
12682,यह ठीक था।,hi
12683,This is terrible...,en
12684,خوب بود اما می‌توانست بهتر باشد,fa
12685,اليوم كان رائعًا,ar
12686,من خیلی ناراحتم,fa
12687,What a beautiful day!,en
12688,I am so tired of this nonsense.,en
12689,मैं इससे खुश नहीं हूँ।,hi
12690,Could be better.,en
12691,Das war unglaublich!,de
12692,I am so tired of this nonsense.,en
12693,خوب بود اما می‌توانست بهتر باشد,fa
12694,Worst day ever.,en
12695,I love this!,en
12696,"Nicht schlecht, aber nicht gut.",de
12697,यह ठीक था।,hi
12698,مقبول لكنه ليس الأفضل,ar
12699,Could be better.,en
12700,"Nicht schlecht, aber nicht gut.",de
12701,Das war unglaublich!,de
12702,यह ठीक था।,hi
12703,من خیلی ناراحتم,fa
12704,I love this!,en
12705,من خیلی ناراحتم,fa
12706,من خیلی ناراحتم,fa
12707,Ich bin enttäuscht.,de
12708,"Nicht schlecht, aber nicht gut.",de
12709,خوب بود اما می‌توانست بهتر باشد,fa
12710,این بهترین روز من بود,fa
12711,I love this!,en
12712,Could be better.,en
12713,لا يعجبني هذا,ar
12714,This is terrible...,en
12715,این بهترین روز من بود,fa
12716,Absolutely fantastic experience!,en
12717,I am so tired of this nonsense.,en
12718,मैं इससे खुश नहीं हूँ।,hi
12719,This is terrible...,en
12720,"Nicht schlecht, aber nicht gut.",de
12721,Das war unglaublich!,de
12722,اليوم كان رائعًا,ar
12723,Absolutely fantastic experience!,en
12724,Ich bin enttäuscht.,de
12725,I am so tired of this nonsense.,en
12726,Could be better.,en
12727,Absolutely fantastic experience!,en
12728,What a beautiful day!,en
12729,I am so tired of this nonsense.,en
12730,This is terrible...,en
12731,मैं इससे खुश नहीं हूँ।,hi
12732,"Nicht schlecht, aber nicht gut.",de
12733,Worst day ever.,en
12734,Das war unglaublich!,de
12735,Could be better.,en
12736,Absolutely fantastic experience!,en
12737,اليوم كان رائعًا,ar
12738,اليوم كان رائعًا,ar
12739,I am so tired of this nonsense.,en
12740,من خیلی ناراحتم,fa
12741,لا يعجبني هذا,ar
12742,خوب بود اما می‌توانست بهتر باشد,fa
12743,This is terrible...,en
12744,Absolutely fantastic experience!,en
12745,यह ठीक था।,hi
12746,I love this!,en
12747,مقبول لكنه ليس الأفضل,ar
12748,मैं इससे खुश नहीं हूँ।,hi
12749,I am so tired of this nonsense.,en
12750,Absolutely fantastic experience!,en
12751,مقبول لكنه ليس الأفضل,ar
12752,What a beautiful day!,en
12753,مقبول لكنه ليس الأفضل,ar
12754,What a beautiful day!,en
12755,Worst day ever.,en
12756,این بهترین روز من بود,fa
12757,این بهترین روز من بود,fa
12758,बहुत ही अच्छा प्रदर्शन!,hi
12759,این بهترین روز من بود,fa
12760,این بهترین روز من بود,fa
12761,यह ठीक था।,hi
12762,مقبول لكنه ليس الأفضل,ar
12763,This is terrible...,en
12764,این بهترین روز من بود,fa
12765,This is terrible...,en
12766,This is terrible...,en
12767,Absolutely fantastic experience!,en
12768,لا يعجبني هذا,ar
12769,Das war unglaublich!,de
12770,من خیلی ناراحتم,fa
12771,من خیلی ناراحتم,fa
12772,خوب بود اما می‌توانست بهتر باشد,fa
12773,خوب بود اما می‌توانست بهتر باشد,fa
12774,What a beautiful day!,en
12775,बहुत ही अच्छा प्रदर्शन!,hi
12776,What a beautiful day!,en
12777,"Nicht schlecht, aber nicht gut.",de
12778,اليوم كان رائعًا,ar
12779,This is terrible...,en
12780,"Nicht schlecht, aber nicht gut.",de
12781,Ich bin enttäuscht.,de
12782,I am so tired of this nonsense.,en
12783,Ich bin enttäuscht.,de
12784,बहुत ही अच्छा प्रदर्शन!,hi
12785,This is terrible...,en
12786,این بهترین روز من بود,fa
12787,Absolutely fantastic experience!,en
12788,مقبول لكنه ليس الأفضل,ar
12789,من خیلی ناراحتم,fa
12790,Das war unglaublich!,de
12791,Absolutely fantastic experience!,en
12792,مقبول لكنه ليس الأفضل,ar
12793,Ich bin enttäuscht.,de
12794,Absolutely fantastic experience!,en
12795,यह ठीक था।,hi
12796,I love this!,en
12797,Absolutely fantastic experience!,en
12798,خوب بود اما می‌توانست بهتر باشد,fa
12799,मैं इससे खुश नहीं हूँ।,hi
12800,اليوم كان رائعًا,ar
12801,لا يعجبني هذا,ar
12802,من خیلی ناراحتم,fa
12803,این بهترین روز من بود,fa
12804,I am so tired of this nonsense.,en
12805,"Nicht schlecht, aber nicht gut.",de
12806,बहुत ही अच्छा प्रदर्शन!,hi
12807,What a beautiful day!,en
12808,Das war unglaublich!,de
12809,मैं इससे खुश नहीं हूँ।,hi
12810,Das war unglaublich!,de
12811,यह ठीक था।,hi
12812,यह ठीक था।,hi
12813,यह ठीक था।,hi
12814,I love this!,en
12815,I love this!,en
12816,لا يعجبني هذا,ar
12817,Das war unglaublich!,de
12818,Das war unglaublich!,de
12819,اليوم كان رائعًا,ar
12820,لا يعجبني هذا,ar
12821,मैं इससे खुश नहीं हूँ।,hi
12822,I love this!,en
12823,Worst day ever.,en
12824,Ich bin enttäuscht.,de
12825,خوب بود اما می‌توانست بهتر باشد,fa
12826,مقبول لكنه ليس الأفضل,ar
12827,خوب بود اما می‌توانست بهتر باشد,fa
12828,This is terrible...,en
12829,خوب بود اما می‌توانست بهتر باشد,fa
12830,This is terrible...,en
12831,मैं इससे खुश नहीं हूँ।,hi
12832,I am so tired of this nonsense.,en
12833,What a beautiful day!,en
12834,Could be better.,en
12835,لا يعجبني هذا,ar
12836,Worst day ever.,en
12837,من خیلی ناراحتم,fa
12838,لا يعجبني هذا,ar
12839,यह ठीक था।,hi
12840,Could be better.,en
12841,बहुत ही अच्छा प्रदर्शन!,hi
12842,این بهترین روز من بود,fa
12843,This is terrible...,en
12844,Could be better.,en
12845,What a beautiful day!,en
12846,Ich bin enttäuscht.,de
12847,यह ठीक था।,hi
12848,اليوم كان رائعًا,ar
12849,Absolutely fantastic experience!,en
12850,Das war unglaublich!,de
12851,बहुत ही अच्छा प्रदर्शन!,hi
12852,यह ठीक था।,hi
12853,Absolutely fantastic experience!,en
12854,मैं इससे खुश नहीं हूँ।,hi
12855,مقبول لكنه ليس الأفضل,ar
12856,Das war unglaublich!,de
12857,बहुत ही अच्छा प्रदर्शन!,hi
12858,बहुत ही अच्छा प्रदर्शन!,hi
12859,बहुत ही अच्छा प्रदर्शन!,hi
12860,لا يعجبني هذا,ar
12861,I love this!,en
12862,बहुत ही अच्छा प्रदर्शन!,hi
12863,اليوم كان رائعًا,ar
12864,من خیلی ناراحتم,fa
12865,I am so tired of this nonsense.,en
12866,اليوم كان رائعًا,ar
12867,Absolutely fantastic experience!,en
12868,Das war unglaublich!,de
12869,اليوم كان رائعًا,ar
12870,I love this!,en
12871,این بهترین روز من بود,fa
12872,این بهترین روز من بود,fa
12873,Ich bin enttäuscht.,de
12874,I am so tired of this nonsense.,en
12875,اليوم كان رائعًا,ar
12876,من خیلی ناراحتم,fa
12877,यह ठीक था।,hi
12878,I love this!,en
12879,مقبول لكنه ليس الأفضل,ar
12880,What a beautiful day!,en
12881,I love this!,en
12882,Worst day ever.,en
12883,من خیلی ناراحتم,fa
12884,Ich bin enttäuscht.,de
12885,Absolutely fantastic experience!,en
12886,لا يعجبني هذا,ar
12887,"Nicht schlecht, aber nicht gut.",de
12888,اليوم كان رائعًا,ar
12889,من خیلی ناراحتم,fa
12890,مقبول لكنه ليس الأفضل,ar
12891,I am so tired of this nonsense.,en
12892,Das war unglaublich!,de
12893,What a beautiful day!,en
12894,اليوم كان رائعًا,ar
12895,لا يعجبني هذا,ar
12896,Ich bin enttäuscht.,de
12897,Could be better.,en
12898,این بهترین روز من بود,fa
12899,Absolutely fantastic experience!,en
12900,این بهترین روز من بود,fa
12901,I love this!,en
12902,Das war unglaublich!,de
12903,Ich bin enttäuscht.,de
12904,Das war unglaublich!,de
12905,Could be better.,en
12906,Absolutely fantastic experience!,en
12907,Das war unglaublich!,de
12908,Ich bin enttäuscht.,de
12909,Ich bin enttäuscht.,de
12910,What a beautiful day!,en
12911,"Nicht schlecht, aber nicht gut.",de
12912,Ich bin enttäuscht.,de
12913,बहुत ही अच्छा प्रदर्शन!,hi
12914,من خیلی ناراحتم,fa
12915,این بهترین روز من بود,fa
12916,Absolutely fantastic experience!,en
12917,बहुत ही अच्छा प्रदर्शन!,hi
12918,Could be better.,en
12919,बहुत ही अच्छा प्रदर्शन!,hi
12920,این بهترین روز من بود,fa
12921,اليوم كان رائعًا,ar
12922,من خیلی ناراحتم,fa
12923,What a beautiful day!,en
12924,اليوم كان رائعًا,ar
12925,اليوم كان رائعًا,ar
12926,I love this!,en
12927,من خیلی ناراحتم,fa
12928,من خیلی ناراحتم,fa
12929,मैं इससे खुश नहीं हूँ।,hi
12930,مقبول لكنه ليس الأفضل,ar
12931,اليوم كان رائعًا,ar
12932,Absolutely fantastic experience!,en
12933,Ich bin enttäuscht.,de
12934,من خیلی ناراحتم,fa
12935,Worst day ever.,en
12936,Das war unglaublich!,de
12937,I am so tired of this nonsense.,en
12938,I love this!,en
12939,من خیلی ناراحتم,fa
12940,मैं इससे खुश नहीं हूँ।,hi
12941,خوب بود اما می‌توانست بهتر باشد,fa
12942,اليوم كان رائعًا,ar
12943,Ich bin enttäuscht.,de
12944,لا يعجبني هذا,ar
12945,این بهترین روز من بود,fa
12946,This is terrible...,en
12947,مقبول لكنه ليس الأفضل,ar
12948,मैं इससे खुश नहीं हूँ।,hi
12949,Ich bin enttäuscht.,de
12950,لا يعجبني هذا,ar
12951,مقبول لكنه ليس الأفضل,ar
12952,لا يعجبني هذا,ar
12953,This is terrible...,en
12954,यह ठीक था।,hi
12955,Absolutely fantastic experience!,en
12956,Ich bin enttäuscht.,de
12957,यह ठीक था।,hi
12958,لا يعجبني هذا,ar
12959,What a beautiful day!,en
12960,बहुत ही अच्छा प्रदर्शन!,hi
12961,I love this!,en
12962,This is terrible...,en
12963,यह ठीक था।,hi
12964,Das war unglaublich!,de
12965,"Nicht schlecht, aber nicht gut.",de
12966,این بهترین روز من بود,fa
12967,Das war unglaublich!,de
12968,What a beautiful day!,en
12969,Worst day ever.,en
12970,बहुत ही अच्छा प्रदर्शन!,hi
12971,यह ठीक था।,hi
12972,Ich bin enttäuscht.,de
12973,این بهترین روز من بود,fa
12974,این بهترین روز من بود,fa
12975,I love this!,en
12976,این بهترین روز من بود,fa
12977,I am so tired of this nonsense.,en
12978,"Nicht schlecht, aber nicht gut.",de
12979,मैं इससे खुश नहीं हूँ।,hi
12980,Worst day ever.,en
12981,Absolutely fantastic experience!,en
12982,"Nicht schlecht, aber nicht gut.",de
12983,This is terrible...,en
12984,This is terrible...,en
12985,I love this!,en
12986,Could be better.,en
12987,Worst day ever.,en
12988,خوب بود اما می‌توانست بهتر باشد,fa
12989,خوب بود اما می‌توانست بهتر باشد,fa
12990,من خیلی ناراحتم,fa
12991,اليوم كان رائعًا,ar
12992,"Nicht schlecht, aber nicht gut.",de
12993,"Nicht schlecht, aber nicht gut.",de
12994,What a beautiful day!,en
12995,Ich bin enttäuscht.,de
12996,Absolutely fantastic experience!,en
12997,خوب بود اما می‌توانست بهتر باشد,fa
12998,Worst day ever.,en
12999,This is terrible...,en
13000,خوب بود اما می‌توانست بهتر باشد,fa
13001,اليوم كان رائعًا,ar
13002,Absolutely fantastic experience!,en
13003,This is terrible...,en
13004,این بهترین روز من بود,fa
13005,I love this!,en
13006,Worst day ever.,en
13007,Could be better.,en
13008,Could be better.,en
13009,यह ठीक था।,hi
13010,مقبول لكنه ليس الأفضل,ar
13011,Das war unglaublich!,de
13012,Absolutely fantastic experience!,en
13013,خوب بود اما می‌توانست بهتر باشد,fa
13014,Ich bin enttäuscht.,de
13015,لا يعجبني هذا,ar
13016,خوب بود اما می‌توانست بهتر باشد,fa
13017,لا يعجبني هذا,ar
13018,मैं इससे खुश नहीं हूँ।,hi
13019,مقبول لكنه ليس الأفضل,ar
13020,Das war unglaublich!,de
13021,This is terrible...,en
13022,यह ठीक था।,hi
13023,What a beautiful day!,en
13024,मैं इससे खुश नहीं हूँ।,hi
13025,What a beautiful day!,en
13026,Ich bin enttäuscht.,de
13027,"Nicht schlecht, aber nicht gut.",de
13028,Could be better.,en
13029,Ich bin enttäuscht.,de
13030,Das war unglaublich!,de
13031,لا يعجبني هذا,ar
13032,من خیلی ناراحتم,fa
13033,من خیلی ناراحتم,fa
13034,Could be better.,en
13035,I love this!,en
13036,यह ठीक था।,hi
13037,لا يعجبني هذا,ar
13038,I love this!,en
13039,خوب بود اما می‌توانست بهتر باشد,fa
13040,Das war unglaublich!,de
13041,لا يعجبني هذا,ar
13042,बहुत ही अच्छा प्रदर्शन!,hi
13043,I am so tired of this nonsense.,en
13044,मैं इससे खुश नहीं हूँ।,hi
13045,Absolutely fantastic experience!,en
13046,مقبول لكنه ليس الأفضل,ar
13047,Worst day ever.,en
13048,این بهترین روز من بود,fa
13049,Could be better.,en
13050,मैं इससे खुश नहीं हूँ।,hi
13051,"Nicht schlecht, aber nicht gut.",de
13052,Could be better.,en
13053,यह ठीक था।,hi
13054,اليوم كان رائعًا,ar
13055,यह ठीक था।,hi
13056,I love this!,en
13057,Worst day ever.,en
13058,Could be better.,en
13059,لا يعجبني هذا,ar
13060,Ich bin enttäuscht.,de
13061,Could be better.,en
13062,"Nicht schlecht, aber nicht gut.",de
13063,Ich bin enttäuscht.,de
13064,Could be better.,en
13065,मैं इससे खुश नहीं हूँ।,hi
13066,I am so tired of this nonsense.,en
13067,Could be better.,en
13068,اليوم كان رائعًا,ar
13069,I love this!,en
13070,I love this!,en
13071,"Nicht schlecht, aber nicht gut.",de
13072,اليوم كان رائعًا,ar
13073,This is terrible...,en
13074,لا يعجبني هذا,ar
13075,मैं इससे खुश नहीं हूँ।,hi
13076,"Nicht schlecht, aber nicht gut.",de
13077,यह ठीक था।,hi
13078,I am so tired of this nonsense.,en
13079,मैं इससे खुश नहीं हूँ।,hi
13080,Das war unglaublich!,de
13081,Absolutely fantastic experience!,en
13082,خوب بود اما می‌توانست بهتر باشد,fa
13083,خوب بود اما می‌توانست بهتر باشد,fa
13084,Das war unglaublich!,de
13085,من خیلی ناراحتم,fa
13086,This is terrible...,en
13087,What a beautiful day!,en
13088,This is terrible...,en
13089,مقبول لكنه ليس الأفضل,ar
13090,Could be better.,en
13091,Could be better.,en
13092,Ich bin enttäuscht.,de
13093,Ich bin enttäuscht.,de
13094,خوب بود اما می‌توانست بهتر باشد,fa
13095,این بهترین روز من بود,fa
13096,I love this!,en
13097,خوب بود اما می‌توانست بهتر باشد,fa
13098,I am so tired of this nonsense.,en
13099,I am so tired of this nonsense.,en
13100,Ich bin enttäuscht.,de
13101,لا يعجبني هذا,ar
13102,مقبول لكنه ليس الأفضل,ar
13103,मैं इससे खुश नहीं हूँ।,hi
13104,Absolutely fantastic experience!,en
13105,مقبول لكنه ليس الأفضل,ar
13106,Could be better.,en
13107,I am so tired of this nonsense.,en
13108,मैं इससे खुश नहीं हूँ।,hi
13109,मैं इससे खुश नहीं हूँ।,hi
13110,बहुत ही अच्छा प्रदर्शन!,hi
13111,What a beautiful day!,en
13112,لا يعجبني هذا,ar
13113,مقبول لكنه ليس الأفضل,ar
13114,This is terrible...,en
13115,This is terrible...,en
13116,لا يعجبني هذا,ar
13117,این بهترین روز من بود,fa
13118,Could be better.,en
13119,This is terrible...,en
13120,خوب بود اما می‌توانست بهتر باشد,fa
13121,Absolutely fantastic experience!,en
13122,مقبول لكنه ليس الأفضل,ar
13123,"Nicht schlecht, aber nicht gut.",de
13124,Worst day ever.,en
13125,यह ठीक था।,hi
13126,مقبول لكنه ليس الأفضل,ar
13127,Das war unglaublich!,de
13128,Absolutely fantastic experience!,en
13129,Could be better.,en
13130,Ich bin enttäuscht.,de
13131,Ich bin enttäuscht.,de
13132,Worst day ever.,en
13133,I love this!,en
13134,यह ठीक था।,hi
13135,"Nicht schlecht, aber nicht gut.",de
13136,What a beautiful day!,en
13137,I love this!,en
13138,बहुत ही अच्छा प्रदर्शन!,hi
13139,مقبول لكنه ليس الأفضل,ar
13140,خوب بود اما می‌توانست بهتر باشد,fa
13141,لا يعجبني هذا,ar
13142,मैं इससे खुश नहीं हूँ।,hi
13143,बहुत ही अच्छा प्रदर्शन!,hi
13144,من خیلی ناراحتم,fa
13145,این بهترین روز من بود,fa
13146,Ich bin enttäuscht.,de
13147,Could be better.,en
13148,Ich bin enttäuscht.,de
13149,خوب بود اما می‌توانست بهتر باشد,fa
13150,مقبول لكنه ليس الأفضل,ar
13151,यह ठीक था।,hi
13152,Das war unglaublich!,de
13153,यह ठीक था।,hi
13154,Ich bin enttäuscht.,de
13155,This is terrible...,en
13156,من خیلی ناراحتم,fa
13157,من خیلی ناراحتم,fa
13158,خوب بود اما می‌توانست بهتر باشد,fa
13159,This is terrible...,en
13160,اليوم كان رائعًا,ar
13161,لا يعجبني هذا,ar
13162,لا يعجبني هذا,ar
13163,اليوم كان رائعًا,ar
13164,Worst day ever.,en
13165,I love this!,en
13166,Das war unglaublich!,de
13167,Worst day ever.,en
13168,Absolutely fantastic experience!,en
13169,What a beautiful day!,en
13170,Worst day ever.,en
13171,I love this!,en
13172,خوب بود اما می‌توانست بهتر باشد,fa
13173,"Nicht schlecht, aber nicht gut.",de
13174,این بهترین روز من بود,fa
13175,مقبول لكنه ليس الأفضل,ar
13176,مقبول لكنه ليس الأفضل,ar
13177,من خیلی ناراحتم,fa
13178,This is terrible...,en
13179,This is terrible...,en
13180,Could be better.,en
13181,این بهترین روز من بود,fa
13182,اليوم كان رائعًا,ar
13183,यह ठीक था।,hi
13184,Ich bin enttäuscht.,de
13185,यह ठीक था।,hi
13186,बहुत ही अच्छा प्रदर्शन!,hi
13187,Ich bin enttäuscht.,de
13188,Ich bin enttäuscht.,de
13189,مقبول لكنه ليس الأفضل,ar
13190,لا يعجبني هذا,ar
13191,I am so tired of this nonsense.,en
13192,مقبول لكنه ليس الأفضل,ar
13193,"Nicht schlecht, aber nicht gut.",de
13194,I love this!,en
13195,Could be better.,en
13196,Could be better.,en
13197,This is terrible...,en
13198,Ich bin enttäuscht.,de
13199,I am so tired of this nonsense.,en
13200,I love this!,en
13201,What a beautiful day!,en
13202,बहुत ही अच्छा प्रदर्शन!,hi
13203,خوب بود اما می‌توانست بهتر باشد,fa
13204,Das war unglaublich!,de
13205,Ich bin enttäuscht.,de
13206,مقبول لكنه ليس الأفضل,ar
13207,बहुत ही अच्छा प्रदर्शन!,hi
13208,I am so tired of this nonsense.,en
13209,Absolutely fantastic experience!,en
13210,Worst day ever.,en
13211,What a beautiful day!,en
13212,यह ठीक था।,hi
13213,Das war unglaublich!,de
13214,बहुत ही अच्छा प्रदर्शन!,hi
13215,Das war unglaublich!,de
13216,مقبول لكنه ليس الأفضل,ar
13217,Worst day ever.,en
13218,"Nicht schlecht, aber nicht gut.",de
13219,Das war unglaublich!,de
13220,Das war unglaublich!,de
13221,Absolutely fantastic experience!,en
13222,मैं इससे खुश नहीं हूँ।,hi
13223,"Nicht schlecht, aber nicht gut.",de
13224,Absolutely fantastic experience!,en
13225,لا يعجبني هذا,ar
13226,من خیلی ناراحتم,fa
13227,I am so tired of this nonsense.,en
13228,Das war unglaublich!,de
13229,Absolutely fantastic experience!,en
13230,Absolutely fantastic experience!,en
13231,I am so tired of this nonsense.,en
13232,मैं इससे खुश नहीं हूँ।,hi
13233,خوب بود اما می‌توانست بهتر باشد,fa
13234,This is terrible...,en
13235,What a beautiful day!,en
13236,Absolutely fantastic experience!,en
13237,خوب بود اما می‌توانست بهتر باشد,fa
13238,این بهترین روز من بود,fa
13239,من خیلی ناراحتم,fa
13240,"Nicht schlecht, aber nicht gut.",de
13241,I love this!,en
13242,What a beautiful day!,en
13243,बहुत ही अच्छा प्रदर्शन!,hi
13244,Could be better.,en
13245,لا يعجبني هذا,ar
13246,I am so tired of this nonsense.,en
13247,اليوم كان رائعًا,ar
13248,مقبول لكنه ليس الأفضل,ar
13249,Ich bin enttäuscht.,de
13250,من خیلی ناراحتم,fa
13251,"Nicht schlecht, aber nicht gut.",de
13252,مقبول لكنه ليس الأفضل,ar
13253,What a beautiful day!,en
13254,خوب بود اما می‌توانست بهتر باشد,fa
13255,این بهترین روز من بود,fa
13256,این بهترین روز من بود,fa
13257,Could be better.,en
13258,Absolutely fantastic experience!,en
13259,मैं इससे खुश नहीं हूँ।,hi
13260,What a beautiful day!,en
13261,Worst day ever.,en
13262,اليوم كان رائعًا,ar
13263,Das war unglaublich!,de
13264,What a beautiful day!,en
13265,Das war unglaublich!,de
13266,Could be better.,en
13267,यह ठीक था।,hi
13268,I love this!,en
13269,मैं इससे खुश नहीं हूँ।,hi
13270,این بهترین روز من بود,fa
13271,"Nicht schlecht, aber nicht gut.",de
13272,Ich bin enttäuscht.,de
13273,बहुत ही अच्छा प्रदर्शन!,hi
13274,Absolutely fantastic experience!,en
13275,لا يعجبني هذا,ar
13276,यह ठीक था।,hi
13277,I am so tired of this nonsense.,en
13278,مقبول لكنه ليس الأفضل,ar
13279,این بهترین روز من بود,fa
13280,बहुत ही अच्छा प्रदर्शन!,hi
13281,I am so tired of this nonsense.,en
13282,خوب بود اما می‌توانست بهتر باشد,fa
13283,Das war unglaublich!,de
13284,Absolutely fantastic experience!,en
13285,Das war unglaublich!,de
13286,Das war unglaublich!,de
13287,I am so tired of this nonsense.,en
13288,"Nicht schlecht, aber nicht gut.",de
13289,لا يعجبني هذا,ar
13290,What a beautiful day!,en
13291,Could be better.,en
13292,बहुत ही अच्छा प्रदर्शन!,hi
13293,This is terrible...,en
13294,I love this!,en
13295,Worst day ever.,en
13296,Das war unglaublich!,de
13297,I love this!,en
13298,What a beautiful day!,en
13299,من خیلی ناراحتم,fa
13300,Could be better.,en
13301,اليوم كان رائعًا,ar
13302,Could be better.,en
13303,I am so tired of this nonsense.,en
13304,I am so tired of this nonsense.,en
13305,I am so tired of this nonsense.,en
13306,من خیلی ناراحتم,fa
13307,مقبول لكنه ليس الأفضل,ar
13308,This is terrible...,en
13309,This is terrible...,en
13310,बहुत ही अच्छा प्रदर्शन!,hi
13311,यह ठीक था।,hi
13312,Das war unglaublich!,de
13313,مقبول لكنه ليس الأفضل,ar
13314,لا يعجبني هذا,ar
13315,यह ठीक था।,hi
13316,I am so tired of this nonsense.,en
13317,What a beautiful day!,en
13318,خوب بود اما می‌توانست بهتر باشد,fa
13319,Worst day ever.,en
13320,Worst day ever.,en
13321,Ich bin enttäuscht.,de
13322,What a beautiful day!,en
13323,This is terrible...,en
13324,من خیلی ناراحتم,fa
13325,Absolutely fantastic experience!,en
13326,Could be better.,en
13327,Worst day ever.,en
13328,خوب بود اما می‌توانست بهتر باشد,fa
13329,Worst day ever.,en
13330,What a beautiful day!,en
13331,Could be better.,en
13332,I love this!,en
13333,خوب بود اما می‌توانست بهتر باشد,fa
13334,من خیلی ناراحتم,fa
13335,I am so tired of this nonsense.,en
13336,من خیلی ناراحتم,fa
13337,बहुत ही अच्छा प्रदर्शन!,hi
13338,Could be better.,en
13339,من خیلی ناراحتم,fa
13340,Absolutely fantastic experience!,en
13341,This is terrible...,en
13342,Ich bin enttäuscht.,de
13343,This is terrible...,en
13344,خوب بود اما می‌توانست بهتر باشد,fa
13345,خوب بود اما می‌توانست بهتر باشد,fa
13346,I am so tired of this nonsense.,en
13347,मैं इससे खुश नहीं हूँ।,hi
13348,Ich bin enttäuscht.,de
13349,What a beautiful day!,en
13350,Could be better.,en
13351,यह ठीक था।,hi
13352,لا يعجبني هذا,ar
13353,این بهترین روز من بود,fa
13354,لا يعجبني هذا,ar
13355,مقبول لكنه ليس الأفضل,ar
13356,مقبول لكنه ليس الأفضل,ar
13357,मैं इससे खुश नहीं हूँ।,hi
13358,मैं इससे खुश नहीं हूँ।,hi
13359,I love this!,en
13360,What a beautiful day!,en
13361,This is terrible...,en
13362,این بهترین روز من بود,fa
13363,Absolutely fantastic experience!,en
13364,خوب بود اما می‌توانست بهتر باشد,fa
13365,This is terrible...,en
13366,"Nicht schlecht, aber nicht gut.",de
13367,Absolutely fantastic experience!,en
13368,Ich bin enttäuscht.,de
13369,اليوم كان رائعًا,ar
13370,यह ठीक था।,hi
13371,Worst day ever.,en
13372,لا يعجبني هذا,ar
13373,خوب بود اما می‌توانست بهتر باشد,fa
13374,This is terrible...,en
13375,"Nicht schlecht, aber nicht gut.",de
13376,Absolutely fantastic experience!,en
13377,Could be better.,en
13378,اليوم كان رائعًا,ar
13379,This is terrible...,en
13380,من خیلی ناراحتم,fa
13381,من خیلی ناراحتم,fa
13382,خوب بود اما می‌توانست بهتر باشد,fa
13383,I am so tired of this nonsense.,en
13384,Das war unglaublich!,de
13385,मैं इससे खुश नहीं हूँ।,hi
13386,मैं इससे खुश नहीं हूँ।,hi
13387,Ich bin enttäuscht.,de
13388,बहुत ही अच्छा प्रदर्शन!,hi
13389,Worst day ever.,en
13390,I love this!,en
13391,बहुत ही अच्छा प्रदर्शन!,hi
13392,خوب بود اما می‌توانست بهتر باشد,fa
13393,I love this!,en
13394,Could be better.,en
13395,What a beautiful day!,en
13396,Absolutely fantastic experience!,en
13397,من خیلی ناراحتم,fa
13398,मैं इससे खुश नहीं हूँ।,hi
13399,این بهترین روز من بود,fa
13400,Absolutely fantastic experience!,en
13401,Could be better.,en
13402,اليوم كان رائعًا,ar
13403,من خیلی ناراحتم,fa
13404,Ich bin enttäuscht.,de
13405,لا يعجبني هذا,ar
13406,This is terrible...,en
13407,من خیلی ناراحتم,fa
13408,لا يعجبني هذا,ar
13409,لا يعجبني هذا,ar
13410,لا يعجبني هذا,ar
13411,اليوم كان رائعًا,ar
13412,मैं इससे खुश नहीं हूँ।,hi
13413,I love this!,en
13414,خوب بود اما می‌توانست بهتر باشد,fa
13415,"Nicht schlecht, aber nicht gut.",de
13416,Absolutely fantastic experience!,en
13417,मैं इससे खुश नहीं हूँ।,hi
13418,I am so tired of this nonsense.,en
13419,این بهترین روز من بود,fa
13420,Das war unglaublich!,de
13421,मैं इससे खुश नहीं हूँ।,hi
13422,मैं इससे खुश नहीं हूँ।,hi
13423,यह ठीक था।,hi
13424,यह ठीक था।,hi
13425,Worst day ever.,en
13426,اليوم كان رائعًا,ar
13427,من خیلی ناراحتم,fa
13428,اليوم كان رائعًا,ar
13429,من خیلی ناراحتم,fa
13430,Worst day ever.,en
13431,"Nicht schlecht, aber nicht gut.",de
13432,"Nicht schlecht, aber nicht gut.",de
13433,اليوم كان رائعًا,ar
13434,मैं इससे खुश नहीं हूँ।,hi
13435,مقبول لكنه ليس الأفضل,ar
13436,बहुत ही अच्छा प्रदर्शन!,hi
13437,اليوم كان رائعًا,ar
13438,لا يعجبني هذا,ar
13439,Could be better.,en
13440,مقبول لكنه ليس الأفضل,ar
13441,I love this!,en
13442,I am so tired of this nonsense.,en
13443,Ich bin enttäuscht.,de
13444,बहुत ही अच्छा प्रदर्शन!,hi
13445,لا يعجبني هذا,ar
13446,What a beautiful day!,en
13447,Absolutely fantastic experience!,en
13448,यह ठीक था।,hi
13449,Could be better.,en
13450,This is terrible...,en
13451,Could be better.,en
13452,"Nicht schlecht, aber nicht gut.",de
13453,Worst day ever.,en
13454,Ich bin enttäuscht.,de
13455,Das war unglaublich!,de
13456,مقبول لكنه ليس الأفضل,ar
13457,این بهترین روز من بود,fa
13458,Could be better.,en
13459,این بهترین روز من بود,fa
13460,لا يعجبني هذا,ar
13461,اليوم كان رائعًا,ar
13462,Absolutely fantastic experience!,en
13463,Ich bin enttäuscht.,de
13464,I am so tired of this nonsense.,en
13465,مقبول لكنه ليس الأفضل,ar
13466,मैं इससे खुश नहीं हूँ।,hi
13467,मैं इससे खुश नहीं हूँ।,hi
13468,यह ठीक था।,hi
13469,"Nicht schlecht, aber nicht gut.",de
13470,I love this!,en
13471,Ich bin enttäuscht.,de
13472,I am so tired of this nonsense.,en
13473,Das war unglaublich!,de
13474,Ich bin enttäuscht.,de
13475,Das war unglaublich!,de
13476,मैं इससे खुश नहीं हूँ।,hi
13477,مقبول لكنه ليس الأفضل,ar
13478,اليوم كان رائعًا,ar
13479,Das war unglaublich!,de
13480,لا يعجبني هذا,ar
13481,यह ठीक था।,hi
13482,Could be better.,en
13483,What a beautiful day!,en
13484,Absolutely fantastic experience!,en
13485,यह ठीक था।,hi
13486,What a beautiful day!,en
13487,من خیلی ناراحتم,fa
13488,Das war unglaublich!,de
13489,बहुत ही अच्छा प्रदर्शन!,hi
13490,من خیلی ناراحتم,fa
13491,बहुत ही अच्छा प्रदर्शन!,hi
13492,बहुत ही अच्छा प्रदर्शन!,hi
13493,این بهترین روز من بود,fa
13494,اليوم كان رائعًا,ar
13495,اليوم كان رائعًا,ar
13496,I am so tired of this nonsense.,en
13497,"Nicht schlecht, aber nicht gut.",de
13498,من خیلی ناراحتم,fa
13499,Absolutely fantastic experience!,en
13500,من خیلی ناراحتم,fa
13501,"Nicht schlecht, aber nicht gut.",de
13502,Worst day ever.,en
13503,Could be better.,en
13504,What a beautiful day!,en
13505,बहुत ही अच्छा प्रदर्शन!,hi
13506,Worst day ever.,en
13507,"Nicht schlecht, aber nicht gut.",de
13508,What a beautiful day!,en
13509,मैं इससे खुश नहीं हूँ।,hi
13510,I am so tired of this nonsense.,en
13511,مقبول لكنه ليس الأفضل,ar
13512,Ich bin enttäuscht.,de
13513,Absolutely fantastic experience!,en
13514,This is terrible...,en
13515,बहुत ही अच्छा प्रदर्शन!,hi
13516,I love this!,en
13517,मैं इससे खुश नहीं हूँ।,hi
13518,Could be better.,en
13519,"Nicht schlecht, aber nicht gut.",de
13520,Could be better.,en
13521,لا يعجبني هذا,ar
13522,What a beautiful day!,en
13523,مقبول لكنه ليس الأفضل,ar
13524,این بهترین روز من بود,fa
13525,Das war unglaublich!,de
13526,Worst day ever.,en
13527,This is terrible...,en
13528,I am so tired of this nonsense.,en
13529,Absolutely fantastic experience!,en
13530,बहुत ही अच्छा प्रदर्शन!,hi
13531,خوب بود اما می‌توانست بهتر باشد,fa
13532,बहुत ही अच्छा प्रदर्शन!,hi
13533,"Nicht schlecht, aber nicht gut.",de
13534,لا يعجبني هذا,ar
13535,Absolutely fantastic experience!,en
13536,اليوم كان رائعًا,ar
13537,This is terrible...,en
13538,I am so tired of this nonsense.,en
13539,"Nicht schlecht, aber nicht gut.",de
13540,I am so tired of this nonsense.,en
13541,مقبول لكنه ليس الأفضل,ar
13542,مقبول لكنه ليس الأفضل,ar
13543,I love this!,en
13544,خوب بود اما می‌توانست بهتر باشد,fa
13545,This is terrible...,en
13546,यह ठीक था।,hi
13547,مقبول لكنه ليس الأفضل,ar
13548,من خیلی ناراحتم,fa
13549,I love this!,en
13550,"Nicht schlecht, aber nicht gut.",de
13551,مقبول لكنه ليس الأفضل,ar
13552,من خیلی ناراحتم,fa
13553,Das war unglaublich!,de
13554,مقبول لكنه ليس الأفضل,ar
13555,Ich bin enttäuscht.,de
13556,Worst day ever.,en
13557,Das war unglaublich!,de
13558,Could be better.,en
13559,لا يعجبني هذا,ar
13560,I love this!,en
13561,Das war unglaublich!,de
13562,यह ठीक था।,hi
13563,Das war unglaublich!,de
13564,مقبول لكنه ليس الأفضل,ar
13565,I love this!,en
13566,این بهترین روز من بود,fa
13567,यह ठीक था।,hi
13568,Das war unglaublich!,de
13569,Absolutely fantastic experience!,en
13570,این بهترین روز من بود,fa
13571,What a beautiful day!,en
13572,This is terrible...,en
13573,خوب بود اما می‌توانست بهتر باشد,fa
13574,مقبول لكنه ليس الأفضل,ar
13575,خوب بود اما می‌توانست بهتر باشد,fa
13576,مقبول لكنه ليس الأفضل,ar
13577,Worst day ever.,en
13578,बहुत ही अच्छा प्रदर्शन!,hi
13579,من خیلی ناراحتم,fa
13580,Worst day ever.,en
13581,What a beautiful day!,en
13582,I love this!,en
13583,मैं इससे खुश नहीं हूँ।,hi
13584,اليوم كان رائعًا,ar
13585,बहुत ही अच्छा प्रदर्शन!,hi
13586,Could be better.,en
13587,خوب بود اما می‌توانست بهتر باشد,fa
13588,बहुत ही अच्छा प्रदर्शन!,hi
13589,خوب بود اما می‌توانست بهتر باشد,fa
13590,لا يعجبني هذا,ar
13591,यह ठीक था।,hi
13592,اليوم كان رائعًا,ar
13593,यह ठीक था।,hi
13594,I love this!,en
13595,"Nicht schlecht, aber nicht gut.",de
13596,I love this!,en
13597,اليوم كان رائعًا,ar
13598,I am so tired of this nonsense.,en
13599,This is terrible...,en
13600,Ich bin enttäuscht.,de
13601,"Nicht schlecht, aber nicht gut.",de
13602,This is terrible...,en
13603,این بهترین روز من بود,fa
13604,मैं इससे खुश नहीं हूँ।,hi
13605,This is terrible...,en
13606,مقبول لكنه ليس الأفضل,ar
13607,I am so tired of this nonsense.,en
13608,این بهترین روز من بود,fa
13609,خوب بود اما می‌توانست بهتر باشد,fa
13610,این بهترین روز من بود,fa
13611,Das war unglaublich!,de
13612,Worst day ever.,en
13613,Absolutely fantastic experience!,en
13614,من خیلی ناراحتم,fa
13615,I am so tired of this nonsense.,en
13616,I love this!,en
13617,I love this!,en
13618,I am so tired of this nonsense.,en
13619,"Nicht schlecht, aber nicht gut.",de
13620,This is terrible...,en
13621,اليوم كان رائعًا,ar
13622,"Nicht schlecht, aber nicht gut.",de
13623,"Nicht schlecht, aber nicht gut.",de
13624,Absolutely fantastic experience!,en
13625,Worst day ever.,en
13626,مقبول لكنه ليس الأفضل,ar
13627,Ich bin enttäuscht.,de
13628,Could be better.,en
13629,What a beautiful day!,en
13630,बहुत ही अच्छा प्रदर्शन!,hi
13631,خوب بود اما می‌توانست بهتر باشد,fa
13632,I love this!,en
13633,What a beautiful day!,en
13634,من خیلی ناراحتم,fa
13635,I love this!,en
13636,This is terrible...,en
13637,What a beautiful day!,en
13638,"Nicht schlecht, aber nicht gut.",de
13639,यह ठीक था।,hi
13640,What a beautiful day!,en
13641,Das war unglaublich!,de
13642,बहुत ही अच्छा प्रदर्शन!,hi
13643,Worst day ever.,en
13644,Worst day ever.,en
13645,मैं इससे खुश नहीं हूँ।,hi
13646,मैं इससे खुश नहीं हूँ।,hi
13647,Ich bin enttäuscht.,de
13648,Could be better.,en
13649,Worst day ever.,en
13650,Absolutely fantastic experience!,en
13651,Could be better.,en
13652,I love this!,en
13653,मैं इससे खुश नहीं हूँ।,hi
13654,Ich bin enttäuscht.,de
13655,I love this!,en
13656,Ich bin enttäuscht.,de
13657,यह ठीक था।,hi
13658,मैं इससे खुश नहीं हूँ।,hi
13659,What a beautiful day!,en
13660,यह ठीक था।,hi
13661,बहुत ही अच्छा प्रदर्शन!,hi
13662,यह ठीक था।,hi
13663,बहुत ही अच्छा प्रदर्शन!,hi
13664,این بهترین روز من بود,fa
13665,I am so tired of this nonsense.,en
13666,I love this!,en
13667,Worst day ever.,en
13668,مقبول لكنه ليس الأفضل,ar
13669,لا يعجبني هذا,ar
13670,من خیلی ناراحتم,fa
13671,"Nicht schlecht, aber nicht gut.",de
13672,यह ठीक था।,hi
13673,Ich bin enttäuscht.,de
13674,यह ठीक था।,hi
13675,I am so tired of this nonsense.,en
13676,यह ठीक था।,hi
13677,اليوم كان رائعًا,ar
13678,Could be better.,en
13679,Worst day ever.,en
13680,اليوم كان رائعًا,ar
13681,"Nicht schlecht, aber nicht gut.",de
13682,لا يعجبني هذا,ar
13683,Could be better.,en
13684,این بهترین روز من بود,fa
13685,I am so tired of this nonsense.,en
13686,बहुत ही अच्छा प्रदर्शन!,hi
13687,यह ठीक था।,hi
13688,बहुत ही अच्छा प्रदर्शन!,hi
13689,Das war unglaublich!,de
13690,Ich bin enttäuscht.,de
13691,Worst day ever.,en
13692,اليوم كان رائعًا,ar
13693,اليوم كان رائعًا,ar
13694,What a beautiful day!,en
13695,बहुत ही अच्छा प्रदर्शन!,hi
13696,मैं इससे खुश नहीं हूँ।,hi
13697,What a beautiful day!,en
13698,من خیلی ناراحتم,fa
13699,Ich bin enttäuscht.,de
13700,Could be better.,en
13701,خوب بود اما می‌توانست بهتر باشد,fa
13702,What a beautiful day!,en
13703,यह ठीक था।,hi
13704,Das war unglaublich!,de
13705,این بهترین روز من بود,fa
13706,لا يعجبني هذا,ar
13707,What a beautiful day!,en
13708,Absolutely fantastic experience!,en
13709,This is terrible...,en
13710,مقبول لكنه ليس الأفضل,ar
13711,Could be better.,en
13712,What a beautiful day!,en
13713,मैं इससे खुश नहीं हूँ।,hi
13714,I am so tired of this nonsense.,en
13715,Could be better.,en
13716,اليوم كان رائعًا,ar
13717,لا يعجبني هذا,ar
13718,What a beautiful day!,en
13719,I am so tired of this nonsense.,en
13720,Das war unglaublich!,de
13721,خوب بود اما می‌توانست بهتر باشد,fa
13722,यह ठीक था।,hi
13723,Worst day ever.,en
13724,این بهترین روز من بود,fa
13725,I love this!,en
13726,मैं इससे खुश नहीं हूँ।,hi
13727,لا يعجبني هذا,ar
13728,बहुत ही अच्छा प्रदर्शन!,hi
13729,This is terrible...,en
13730,من خیلی ناراحتم,fa
13731,لا يعجبني هذا,ar
13732,Could be better.,en
13733,من خیلی ناراحتم,fa
13734,اليوم كان رائعًا,ar
13735,Ich bin enttäuscht.,de
13736,"Nicht schlecht, aber nicht gut.",de
13737,من خیلی ناراحتم,fa
13738,Ich bin enttäuscht.,de
13739,من خیلی ناراحتم,fa
13740,این بهترین روز من بود,fa
13741,Das war unglaublich!,de
13742,I love this!,en
13743,I love this!,en
13744,बहुत ही अच्छा प्रदर्शन!,hi
13745,Das war unglaublich!,de
13746,اليوم كان رائعًا,ar
13747,I am so tired of this nonsense.,en
13748,اليوم كان رائعًا,ar
13749,बहुत ही अच्छा प्रदर्शन!,hi
13750,اليوم كان رائعًا,ar
13751,Absolutely fantastic experience!,en
13752,What a beautiful day!,en
13753,Could be better.,en
13754,مقبول لكنه ليس الأفضل,ar
13755,I am so tired of this nonsense.,en
13756,"Nicht schlecht, aber nicht gut.",de
13757,मैं इससे खुश नहीं हूँ।,hi
13758,مقبول لكنه ليس الأفضل,ar
13759,Absolutely fantastic experience!,en
13760,اليوم كان رائعًا,ar
13761,لا يعجبني هذا,ar
13762,Worst day ever.,en
13763,I love this!,en
13764,This is terrible...,en
13765,मैं इससे खुश नहीं हूँ।,hi
13766,مقبول لكنه ليس الأفضل,ar
13767,Absolutely fantastic experience!,en
13768,من خیلی ناراحتم,fa
13769,Das war unglaublich!,de
13770,این بهترین روز من بود,fa
13771,اليوم كان رائعًا,ar
13772,Das war unglaublich!,de
13773,من خیلی ناراحتم,fa
13774,"Nicht schlecht, aber nicht gut.",de
13775,Worst day ever.,en
13776,बहुत ही अच्छा प्रदर्शन!,hi
13777,این بهترین روز من بود,fa
13778,Das war unglaublich!,de
13779,This is terrible...,en
13780,Ich bin enttäuscht.,de
13781,"Nicht schlecht, aber nicht gut.",de
13782,This is terrible...,en
13783,I am so tired of this nonsense.,en
13784,बहुत ही अच्छा प्रदर्शन!,hi
13785,"Nicht schlecht, aber nicht gut.",de
13786,I am so tired of this nonsense.,en
13787,این بهترین روز من بود,fa
13788,خوب بود اما می‌توانست بهتر باشد,fa
13789,बहुत ही अच्छा प्रदर्शन!,hi
13790,I am so tired of this nonsense.,en
13791,"Nicht schlecht, aber nicht gut.",de
13792,لا يعجبني هذا,ar
13793,मैं इससे खुश नहीं हूँ।,hi
13794,لا يعجبني هذا,ar
13795,من خیلی ناراحتم,fa
13796,خوب بود اما می‌توانست بهتر باشد,fa
13797,This is terrible...,en
13798,Absolutely fantastic experience!,en
13799,What a beautiful day!,en
13800,Absolutely fantastic experience!,en
13801,मैं इससे खुश नहीं हूँ।,hi
13802,اليوم كان رائعًا,ar
13803,This is terrible...,en
13804,I am so tired of this nonsense.,en
13805,من خیلی ناراحتم,fa
13806,خوب بود اما می‌توانست بهتر باشد,fa
13807,Could be better.,en
13808,من خیلی ناراحتم,fa
13809,خوب بود اما می‌توانست بهتر باشد,fa
13810,बहुत ही अच्छा प्रदर्शन!,hi
13811,Worst day ever.,en
13812,خوب بود اما می‌توانست بهتر باشد,fa
13813,I love this!,en
13814,خوب بود اما می‌توانست بهتر باشد,fa
13815,Ich bin enttäuscht.,de
13816,Absolutely fantastic experience!,en
13817,Absolutely fantastic experience!,en
13818,مقبول لكنه ليس الأفضل,ar
13819,Absolutely fantastic experience!,en
13820,I am so tired of this nonsense.,en
13821,من خیلی ناراحتم,fa
13822,مقبول لكنه ليس الأفضل,ar
13823,I am so tired of this nonsense.,en
13824,این بهترین روز من بود,fa
13825,बहुत ही अच्छा प्रदर्शन!,hi
13826,Absolutely fantastic experience!,en
13827,What a beautiful day!,en
13828,This is terrible...,en
13829,خوب بود اما می‌توانست بهتر باشد,fa
13830,اليوم كان رائعًا,ar
13831,Worst day ever.,en
13832,اليوم كان رائعًا,ar
13833,Could be better.,en
13834,Could be better.,en
13835,"Nicht schlecht, aber nicht gut.",de
13836,مقبول لكنه ليس الأفضل,ar
13837,لا يعجبني هذا,ar
13838,خوب بود اما می‌توانست بهتر باشد,fa
13839,لا يعجبني هذا,ar
13840,این بهترین روز من بود,fa
13841,لا يعجبني هذا,ar
13842,Das war unglaublich!,de
13843,यह ठीक था।,hi
13844,I am so tired of this nonsense.,en
13845,Das war unglaublich!,de
13846,मैं इससे खुश नहीं हूँ।,hi
13847,اليوم كان رائعًا,ar
13848,यह ठीक था।,hi
13849,من خیلی ناراحتم,fa
13850,این بهترین روز من بود,fa
13851,Worst day ever.,en
13852,مقبول لكنه ليس الأفضل,ar
13853,What a beautiful day!,en
13854,خوب بود اما می‌توانست بهتر باشد,fa
13855,مقبول لكنه ليس الأفضل,ar
13856,यह ठीक था।,hi
13857,Could be better.,en
13858,لا يعجبني هذا,ar
13859,मैं इससे खुश नहीं हूँ।,hi
13860,لا يعجبني هذا,ar
13861,مقبول لكنه ليس الأفضل,ar
13862,Absolutely fantastic experience!,en
13863,यह ठीक था।,hi
13864,من خیلی ناراحتم,fa
13865,مقبول لكنه ليس الأفضل,ar
13866,Ich bin enttäuscht.,de
13867,مقبول لكنه ليس الأفضل,ar
13868,"Nicht schlecht, aber nicht gut.",de
13869,बहुत ही अच्छा प्रदर्शन!,hi
13870,This is terrible...,en
13871,من خیلی ناراحتم,fa
13872,This is terrible...,en
13873,من خیلی ناراحتم,fa
13874,Could be better.,en
13875,I love this!,en
13876,यह ठीक था।,hi
13877,This is terrible...,en
13878,यह ठीक था।,hi
13879,Absolutely fantastic experience!,en
13880,I love this!,en
13881,این بهترین روز من بود,fa
13882,این بهترین روز من بود,fa
13883,Das war unglaublich!,de
13884,Could be better.,en
13885,من خیلی ناراحتم,fa
13886,I am so tired of this nonsense.,en
13887,لا يعجبني هذا,ar
13888,Worst day ever.,en
13889,Ich bin enttäuscht.,de
13890,اليوم كان رائعًا,ar
13891,اليوم كان رائعًا,ar
13892,बहुत ही अच्छा प्रदर्शन!,hi
13893,این بهترین روز من بود,fa
13894,مقبول لكنه ليس الأفضل,ar
13895,این بهترین روز من بود,fa
13896,"Nicht schlecht, aber nicht gut.",de
13897,من خیلی ناراحتم,fa
13898,Absolutely fantastic experience!,en
13899,Worst day ever.,en
13900,من خیلی ناراحتم,fa
13901,لا يعجبني هذا,ar
13902,مقبول لكنه ليس الأفضل,ar
13903,Das war unglaublich!,de
13904,"Nicht schlecht, aber nicht gut.",de
13905,خوب بود اما می‌توانست بهتر باشد,fa
13906,مقبول لكنه ليس الأفضل,ar
13907,Ich bin enttäuscht.,de
13908,I love this!,en
13909,Das war unglaublich!,de
13910,I love this!,en
13911,यह ठीक था।,hi
13912,"Nicht schlecht, aber nicht gut.",de
13913,من خیلی ناراحتم,fa
13914,बहुत ही अच्छा प्रदर्शन!,hi
13915,Could be better.,en
13916,مقبول لكنه ليس الأفضل,ar
13917,I am so tired of this nonsense.,en
13918,बहुत ही अच्छा प्रदर्शन!,hi
13919,I am so tired of this nonsense.,en
13920,مقبول لكنه ليس الأفضل,ar
13921,"Nicht schlecht, aber nicht gut.",de
13922,خوب بود اما می‌توانست بهتر باشد,fa
13923,من خیلی ناراحتم,fa
13924,यह ठीक था।,hi
13925,اليوم كان رائعًا,ar
13926,خوب بود اما می‌توانست بهتر باشد,fa
13927,Worst day ever.,en
13928,Ich bin enttäuscht.,de
13929,Worst day ever.,en
13930,مقبول لكنه ليس الأفضل,ar
13931,اليوم كان رائعًا,ar
13932,من خیلی ناراحتم,fa
13933,मैं इससे खुश नहीं हूँ।,hi
13934,यह ठीक था।,hi
13935,خوب بود اما می‌توانست بهتر باشد,fa
13936,बहुत ही अच्छा प्रदर्शन!,hi
13937,I am so tired of this nonsense.,en
13938,This is terrible...,en
13939,What a beautiful day!,en
13940,Worst day ever.,en
13941,من خیلی ناراحتم,fa
13942,Ich bin enttäuscht.,de
13943,خوب بود اما می‌توانست بهتر باشد,fa
13944,Worst day ever.,en
13945,Worst day ever.,en
13946,मैं इससे खुश नहीं हूँ।,hi
13947,Could be better.,en
13948,This is terrible...,en
13949,I am so tired of this nonsense.,en
13950,"Nicht schlecht, aber nicht gut.",de
13951,مقبول لكنه ليس الأفضل,ar
13952,مقبول لكنه ليس الأفضل,ar
13953,This is terrible...,en
13954,من خیلی ناراحتم,fa
13955,مقبول لكنه ليس الأفضل,ar
13956,This is terrible...,en
13957,لا يعجبني هذا,ar
13958,من خیلی ناراحتم,fa
13959,I am so tired of this nonsense.,en
13960,اليوم كان رائعًا,ar
13961,Das war unglaublich!,de
13962,मैं इससे खुश नहीं हूँ।,hi
13963,Das war unglaublich!,de
13964,Ich bin enttäuscht.,de
13965,बहुत ही अच्छा प्रदर्शन!,hi
13966,من خیلی ناراحتم,fa
13967,This is terrible...,en
13968,من خیلی ناراحتم,fa
13969,I am so tired of this nonsense.,en
13970,Ich bin enttäuscht.,de
13971,This is terrible...,en
13972,This is terrible...,en
13973,من خیلی ناراحتم,fa
13974,Worst day ever.,en
13975,I am so tired of this nonsense.,en
13976,"Nicht schlecht, aber nicht gut.",de
13977,यह ठीक था।,hi
13978,خوب بود اما می‌توانست بهتر باشد,fa
13979,اليوم كان رائعًا,ar
13980,Das war unglaublich!,de
13981,من خیلی ناراحتم,fa
13982,I am so tired of this nonsense.,en
13983,"Nicht schlecht, aber nicht gut.",de
13984,Ich bin enttäuscht.,de
13985,Could be better.,en
13986,لا يعجبني هذا,ar
13987,What a beautiful day!,en
13988,خوب بود اما می‌توانست بهتر باشد,fa
13989,बहुत ही अच्छा प्रदर्शन!,hi
13990,मैं इससे खुश नहीं हूँ।,hi
13991,I love this!,en
13992,اليوم كان رائعًا,ar
13993,"Nicht schlecht, aber nicht gut.",de
13994,This is terrible...,en
13995,I am so tired of this nonsense.,en
13996,This is terrible...,en
13997,यह ठीक था।,hi
13998,I am so tired of this nonsense.,en
13999,Absolutely fantastic experience!,en
14000,من خیلی ناراحتم,fa
14001,"Nicht schlecht, aber nicht gut.",de
14002,Absolutely fantastic experience!,en
14003,Das war unglaublich!,de
14004,من خیلی ناراحتم,fa
14005,This is terrible...,en
14006,من خیلی ناراحتم,fa
14007,यह ठीक था।,hi
14008,Absolutely fantastic experience!,en
14009,اليوم كان رائعًا,ar
14010,مقبول لكنه ليس الأفضل,ar
14011,Could be better.,en
14012,لا يعجبني هذا,ar
14013,مقبول لكنه ليس الأفضل,ar
14014,मैं इससे खुश नहीं हूँ।,hi
14015,اليوم كان رائعًا,ar
14016,Worst day ever.,en
14017,I love this!,en
14018,यह ठीक था।,hi
14019,اليوم كان رائعًا,ar
14020,اليوم كان رائعًا,ar
14021,बहुत ही अच्छा प्रदर्शन!,hi
14022,لا يعجبني هذا,ar
14023,What a beautiful day!,en
14024,اليوم كان رائعًا,ar
14025,مقبول لكنه ليس الأفضل,ar
14026,لا يعجبني هذا,ar
14027,Absolutely fantastic experience!,en
14028,Absolutely fantastic experience!,en
14029,मैं इससे खुश नहीं हूँ।,hi
14030,لا يعجبني هذا,ar
14031,لا يعجبني هذا,ar
14032,مقبول لكنه ليس الأفضل,ar
14033,مقبول لكنه ليس الأفضل,ar
14034,Worst day ever.,en
14035,This is terrible...,en
14036,من خیلی ناراحتم,fa
14037,لا يعجبني هذا,ar
14038,Ich bin enttäuscht.,de
14039,Worst day ever.,en
14040,"Nicht schlecht, aber nicht gut.",de
14041,मैं इससे खुश नहीं हूँ।,hi
14042,What a beautiful day!,en
14043,यह ठीक था।,hi
14044,This is terrible...,en
14045,मैं इससे खुश नहीं हूँ।,hi
14046,مقبول لكنه ليس الأفضل,ar
14047,من خیلی ناراحتم,fa
14048,मैं इससे खुश नहीं हूँ।,hi
14049,لا يعجبني هذا,ar
14050,I love this!,en
14051,من خیلی ناراحتم,fa
14052,Worst day ever.,en
14053,मैं इससे खुश नहीं हूँ।,hi
14054,I am so tired of this nonsense.,en
14055,Worst day ever.,en
14056,I am so tired of this nonsense.,en
14057,مقبول لكنه ليس الأفضل,ar
14058,لا يعجبني هذا,ar
14059,Das war unglaublich!,de
14060,لا يعجبني هذا,ar
14061,Ich bin enttäuscht.,de
14062,اليوم كان رائعًا,ar
14063,این بهترین روز من بود,fa
14064,मैं इससे खुश नहीं हूँ।,hi
14065,मैं इससे खुश नहीं हूँ।,hi
14066,Absolutely fantastic experience!,en
14067,اليوم كان رائعًا,ar
14068,مقبول لكنه ليس الأفضل,ar
14069,Ich bin enttäuscht.,de
14070,Worst day ever.,en
14071,من خیلی ناراحتم,fa
14072,Absolutely fantastic experience!,en
14073,من خیلی ناراحتم,fa
14074,Worst day ever.,en
14075,لا يعجبني هذا,ar
14076,Absolutely fantastic experience!,en
14077,बहुत ही अच्छा प्रदर्शन!,hi
14078,Das war unglaublich!,de
14079,این بهترین روز من بود,fa
14080,من خیلی ناراحتم,fa
14081,Could be better.,en
14082,لا يعجبني هذا,ar
14083,اليوم كان رائعًا,ar
14084,لا يعجبني هذا,ar
14085,मैं इससे खुश नहीं हूँ।,hi
14086,यह ठीक था।,hi
14087,Could be better.,en
14088,اليوم كان رائعًا,ar
14089,What a beautiful day!,en
14090,बहुत ही अच्छा प्रदर्शन!,hi
14091,مقبول لكنه ليس الأفضل,ar
14092,यह ठीक था।,hi
14093,مقبول لكنه ليس الأفضل,ar
14094,Absolutely fantastic experience!,en
14095,I love this!,en
14096,I love this!,en
14097,I love this!,en
14098,I am so tired of this nonsense.,en
14099,यह ठीक था।,hi
14100,What a beautiful day!,en
14101,خوب بود اما می‌توانست بهتر باشد,fa
14102,این بهترین روز من بود,fa
14103,Worst day ever.,en
14104,خوب بود اما می‌توانست بهتر باشد,fa
14105,من خیلی ناراحتم,fa
14106,What a beautiful day!,en
14107,I am so tired of this nonsense.,en
14108,مقبول لكنه ليس الأفضل,ar
14109,यह ठीक था।,hi
14110,اليوم كان رائعًا,ar
14111,मैं इससे खुश नहीं हूँ।,hi
14112,बहुत ही अच्छा प्रदर्शन!,hi
14113,यह ठीक था।,hi
14114,मैं इससे खुश नहीं हूँ।,hi
14115,मैं इससे खुश नहीं हूँ।,hi
14116,خوب بود اما می‌توانست بهتر باشد,fa
14117,I love this!,en
14118,बहुत ही अच्छा प्रदर्शन!,hi
14119,مقبول لكنه ليس الأفضل,ar
14120,مقبول لكنه ليس الأفضل,ar
14121,Ich bin enttäuscht.,de
14122,बहुत ही अच्छा प्रदर्शन!,hi
14123,Das war unglaublich!,de
14124,Absolutely fantastic experience!,en
14125,این بهترین روز من بود,fa
14126,I love this!,en
14127,Absolutely fantastic experience!,en
14128,Could be better.,en
14129,من خیلی ناراحتم,fa
14130,What a beautiful day!,en
14131,Ich bin enttäuscht.,de
14132,Could be better.,en
14133,Ich bin enttäuscht.,de
14134,"Nicht schlecht, aber nicht gut.",de
14135,This is terrible...,en
14136,لا يعجبني هذا,ar
14137,Absolutely fantastic experience!,en
14138,मैं इससे खुश नहीं हूँ।,hi
14139,I am so tired of this nonsense.,en
14140,این بهترین روز من بود,fa
14141,बहुत ही अच्छा प्रदर्शन!,hi
14142,What a beautiful day!,en
14143,Absolutely fantastic experience!,en
14144,من خیلی ناراحتم,fa
14145,I am so tired of this nonsense.,en
14146,Das war unglaublich!,de
14147,Das war unglaublich!,de
14148,Ich bin enttäuscht.,de
14149,मैं इससे खुश नहीं हूँ।,hi
14150,Absolutely fantastic experience!,en
14151,Das war unglaublich!,de
14152,من خیلی ناراحتم,fa
14153,من خیلی ناراحتم,fa
14154,"Nicht schlecht, aber nicht gut.",de
14155,What a beautiful day!,en
14156,I am so tired of this nonsense.,en
14157,This is terrible...,en
14158,لا يعجبني هذا,ar
14159,من خیلی ناراحتم,fa
14160,मैं इससे खुश नहीं हूँ।,hi
14161,من خیلی ناراحتم,fa
14162,This is terrible...,en
14163,I love this!,en
14164,Absolutely fantastic experience!,en
14165,"Nicht schlecht, aber nicht gut.",de
14166,خوب بود اما می‌توانست بهتر باشد,fa
14167,यह ठीक था।,hi
14168,This is terrible...,en
14169,I love this!,en
14170,اليوم كان رائعًا,ar
14171,Could be better.,en
14172,I am so tired of this nonsense.,en
14173,I love this!,en
14174,I am so tired of this nonsense.,en
14175,Worst day ever.,en
14176,خوب بود اما می‌توانست بهتر باشد,fa
14177,Das war unglaublich!,de
14178,Absolutely fantastic experience!,en
14179,Could be better.,en
14180,مقبول لكنه ليس الأفضل,ar
14181,Could be better.,en
14182,This is terrible...,en
14183,این بهترین روز من بود,fa
14184,I love this!,en
14185,اليوم كان رائعًا,ar
14186,यह ठीक था।,hi
14187,This is terrible...,en
14188,What a beautiful day!,en
14189,مقبول لكنه ليس الأفضل,ar
14190,Ich bin enttäuscht.,de
14191,من خیلی ناراحتم,fa
14192,لا يعجبني هذا,ar
14193,What a beautiful day!,en
14194,Das war unglaublich!,de
14195,यह ठीक था।,hi
14196,यह ठीक था।,hi
14197,What a beautiful day!,en
14198,Ich bin enttäuscht.,de
14199,This is terrible...,en
14200,این بهترین روز من بود,fa
14201,मैं इससे खुश नहीं हूँ।,hi
14202,لا يعجبني هذا,ar
14203,मैं इससे खुश नहीं हूँ।,hi
14204,मैं इससे खुश नहीं हूँ।,hi
14205,من خیلی ناراحتم,fa
14206,मैं इससे खुश नहीं हूँ।,hi
14207,मैं इससे खुश नहीं हूँ।,hi
14208,This is terrible...,en
14209,यह ठीक था।,hi
14210,मैं इससे खुश नहीं हूँ।,hi
14211,This is terrible...,en
14212,बहुत ही अच्छा प्रदर्शन!,hi
14213,من خیلی ناراحتم,fa
14214,What a beautiful day!,en
14215,Das war unglaublich!,de
14216,مقبول لكنه ليس الأفضل,ar
14217,لا يعجبني هذا,ar
14218,اليوم كان رائعًا,ar
14219,Could be better.,en
14220,Das war unglaublich!,de
14221,اليوم كان رائعًا,ar
14222,من خیلی ناراحتم,fa
14223,बहुत ही अच्छा प्रदर्शन!,hi
14224,Worst day ever.,en
14225,I love this!,en
14226,Could be better.,en
14227,Das war unglaublich!,de
14228,"Nicht schlecht, aber nicht gut.",de
14229,این بهترین روز من بود,fa
14230,What a beautiful day!,en
14231,बहुत ही अच्छा प्रदर्शन!,hi
14232,لا يعجبني هذا,ar
14233,این بهترین روز من بود,fa
14234,I love this!,en
14235,خوب بود اما می‌توانست بهتر باشد,fa
14236,Ich bin enttäuscht.,de
14237,बहुत ही अच्छा प्रदर्शन!,hi
14238,Ich bin enttäuscht.,de
14239,مقبول لكنه ليس الأفضل,ar
14240,Ich bin enttäuscht.,de
14241,Das war unglaublich!,de
14242,Could be better.,en
14243,"Nicht schlecht, aber nicht gut.",de
14244,Could be better.,en
14245,Ich bin enttäuscht.,de
14246,من خیلی ناراحتم,fa
14247,اليوم كان رائعًا,ar
14248,Could be better.,en
14249,این بهترین روز من بود,fa
14250,من خیلی ناراحتم,fa
14251,Ich bin enttäuscht.,de
14252,Absolutely fantastic experience!,en
14253,Worst day ever.,en
14254,مقبول لكنه ليس الأفضل,ar
14255,مقبول لكنه ليس الأفضل,ar
14256,What a beautiful day!,en
14257,Ich bin enttäuscht.,de
14258,I love this!,en
14259,من خیلی ناراحتم,fa
14260,"Nicht schlecht, aber nicht gut.",de
14261,"Nicht schlecht, aber nicht gut.",de
14262,This is terrible...,en
14263,I am so tired of this nonsense.,en
14264,خوب بود اما می‌توانست بهتر باشد,fa
14265,"Nicht schlecht, aber nicht gut.",de
14266,اليوم كان رائعًا,ar
14267,مقبول لكنه ليس الأفضل,ar
14268,من خیلی ناراحتم,fa
14269,من خیلی ناراحتم,fa
14270,من خیلی ناراحتم,fa
14271,I am so tired of this nonsense.,en
14272,اليوم كان رائعًا,ar
14273,I am so tired of this nonsense.,en
14274,What a beautiful day!,en
14275,این بهترین روز من بود,fa
14276,این بهترین روز من بود,fa
14277,Absolutely fantastic experience!,en
14278,बहुत ही अच्छा प्रदर्शन!,hi
14279,यह ठीक था।,hi
14280,Could be better.,en
14281,This is terrible...,en
14282,I love this!,en
14283,مقبول لكنه ليس الأفضل,ar
14284,What a beautiful day!,en
14285,Ich bin enttäuscht.,de
14286,Worst day ever.,en
14287,Ich bin enttäuscht.,de
14288,बहुत ही अच्छा प्रदर्शन!,hi
14289,What a beautiful day!,en
14290,This is terrible...,en
14291,مقبول لكنه ليس الأفضل,ar
14292,خوب بود اما می‌توانست بهتر باشد,fa
14293,Ich bin enttäuscht.,de
14294,Ich bin enttäuscht.,de
14295,اليوم كان رائعًا,ar
14296,I love this!,en
14297,Absolutely fantastic experience!,en
14298,اليوم كان رائعًا,ar
14299,لا يعجبني هذا,ar
14300,I am so tired of this nonsense.,en
14301,این بهترین روز من بود,fa
14302,Could be better.,en
14303,این بهترین روز من بود,fa
14304,What a beautiful day!,en
14305,من خیلی ناراحتم,fa
14306,مقبول لكنه ليس الأفضل,ar
14307,Worst day ever.,en
14308,Worst day ever.,en
14309,यह ठीक था।,hi
14310,यह ठीक था।,hi
14311,यह ठीक था।,hi
14312,من خیلی ناراحتم,fa
14313,اليوم كان رائعًا,ar
14314,What a beautiful day!,en
14315,बहुत ही अच्छा प्रदर्शन!,hi
14316,مقبول لكنه ليس الأفضل,ar
14317,این بهترین روز من بود,fa
14318,Worst day ever.,en
14319,What a beautiful day!,en
14320,مقبول لكنه ليس الأفضل,ar
14321,What a beautiful day!,en
14322,Worst day ever.,en
14323,Could be better.,en
14324,बहुत ही अच्छा प्रदर्शन!,hi
14325,Worst day ever.,en
14326,لا يعجبني هذا,ar
14327,این بهترین روز من بود,fa
14328,I love this!,en
14329,Could be better.,en
14330,I love this!,en
14331,این بهترین روز من بود,fa
14332,Absolutely fantastic experience!,en
14333,خوب بود اما می‌توانست بهتر باشد,fa
14334,لا يعجبني هذا,ar
14335,यह ठीक था।,hi
14336,Das war unglaublich!,de
14337,I am so tired of this nonsense.,en
14338,This is terrible...,en
14339,Das war unglaublich!,de
14340,Could be better.,en
14341,لا يعجبني هذا,ar
14342,Could be better.,en
14343,I am so tired of this nonsense.,en
14344,مقبول لكنه ليس الأفضل,ar
14345,बहुत ही अच्छा प्रदर्शन!,hi
14346,لا يعجبني هذا,ar
14347,I love this!,en
14348,This is terrible...,en
14349,बहुत ही अच्छा प्रदर्शन!,hi
14350,I am so tired of this nonsense.,en
14351,What a beautiful day!,en
14352,What a beautiful day!,en
14353,I love this!,en
14354,خوب بود اما می‌توانست بهتر باشد,fa
14355,This is terrible...,en
14356,Could be better.,en
14357,Das war unglaublich!,de
14358,बहुत ही अच्छा प्रदर्शन!,hi
14359,Worst day ever.,en
14360,Ich bin enttäuscht.,de
14361,What a beautiful day!,en
14362,I am so tired of this nonsense.,en
14363,मैं इससे खुश नहीं हूँ।,hi
14364,Worst day ever.,en
14365,اليوم كان رائعًا,ar
14366,This is terrible...,en
14367,Ich bin enttäuscht.,de
14368,यह ठीक था।,hi
14369,مقبول لكنه ليس الأفضل,ar
14370,"Nicht schlecht, aber nicht gut.",de
14371,خوب بود اما می‌توانست بهتر باشد,fa
14372,من خیلی ناراحتم,fa
14373,Das war unglaublich!,de
14374,خوب بود اما می‌توانست بهتر باشد,fa
14375,I love this!,en
14376,Could be better.,en
14377,مقبول لكنه ليس الأفضل,ar
14378,Ich bin enttäuscht.,de
14379,Das war unglaublich!,de
14380,Ich bin enttäuscht.,de
14381,मैं इससे खुश नहीं हूँ।,hi
14382,बहुत ही अच्छा प्रदर्शन!,hi
14383,Ich bin enttäuscht.,de
14384,لا يعجبني هذا,ar
14385,I love this!,en
14386,Absolutely fantastic experience!,en
14387,I love this!,en
14388,من خیلی ناراحتم,fa
14389,What a beautiful day!,en
14390,"Nicht schlecht, aber nicht gut.",de
14391,यह ठीक था।,hi
14392,This is terrible...,en
14393,बहुत ही अच्छा प्रदर्शन!,hi
14394,"Nicht schlecht, aber nicht gut.",de
14395,What a beautiful day!,en
14396,من خیلی ناراحتم,fa
14397,من خیلی ناراحتم,fa
14398,مقبول لكنه ليس الأفضل,ar
14399,اليوم كان رائعًا,ar
14400,Absolutely fantastic experience!,en
14401,"Nicht schlecht, aber nicht gut.",de
14402,बहुत ही अच्छा प्रदर्शन!,hi
14403,Ich bin enttäuscht.,de
14404,"Nicht schlecht, aber nicht gut.",de
14405,बहुत ही अच्छा प्रदर्शन!,hi
14406,من خیلی ناراحتم,fa
14407,من خیلی ناراحتم,fa
14408,बहुत ही अच्छा प्रदर्शन!,hi
14409,Ich bin enttäuscht.,de
14410,مقبول لكنه ليس الأفضل,ar
14411,مقبول لكنه ليس الأفضل,ar
14412,"Nicht schlecht, aber nicht gut.",de
14413,Das war unglaublich!,de
14414,لا يعجبني هذا,ar
14415,This is terrible...,en
14416,این بهترین روز من بود,fa
14417,बहुत ही अच्छा प्रदर्शन!,hi
14418,This is terrible...,en
14419,I love this!,en
14420,Could be better.,en
14421,I am so tired of this nonsense.,en
14422,لا يعجبني هذا,ar
14423,Could be better.,en
14424,मैं इससे खुश नहीं हूँ।,hi
14425,I am so tired of this nonsense.,en
14426,Absolutely fantastic experience!,en
14427,Could be better.,en
14428,बहुत ही अच्छा प्रदर्शन!,hi
14429,Absolutely fantastic experience!,en
14430,Das war unglaublich!,de
14431,من خیلی ناراحتم,fa
14432,यह ठीक था।,hi
14433,خوب بود اما می‌توانست بهتر باشد,fa
14434,I am so tired of this nonsense.,en
14435,What a beautiful day!,en
14436,Ich bin enttäuscht.,de
14437,Absolutely fantastic experience!,en
14438,Ich bin enttäuscht.,de
14439,"Nicht schlecht, aber nicht gut.",de
14440,لا يعجبني هذا,ar
14441,मैं इससे खुश नहीं हूँ।,hi
14442,बहुत ही अच्छा प्रदर्शन!,hi
14443,I am so tired of this nonsense.,en
14444,من خیلی ناراحتم,fa
14445,"Nicht schlecht, aber nicht gut.",de
14446,Worst day ever.,en
14447,I am so tired of this nonsense.,en
14448,Ich bin enttäuscht.,de
14449,Worst day ever.,en
14450,I love this!,en
14451,"Nicht schlecht, aber nicht gut.",de
14452,बहुत ही अच्छा प्रदर्शन!,hi
14453,مقبول لكنه ليس الأفضل,ar
14454,Ich bin enttäuscht.,de
14455,I am so tired of this nonsense.,en
14456,Worst day ever.,en
14457,"Nicht schlecht, aber nicht gut.",de
14458,I love this!,en
14459,من خیلی ناراحتم,fa
14460,"Nicht schlecht, aber nicht gut.",de
14461,This is terrible...,en
14462,لا يعجبني هذا,ar
14463,مقبول لكنه ليس الأفضل,ar
14464,اليوم كان رائعًا,ar
14465,Das war unglaublich!,de
14466,مقبول لكنه ليس الأفضل,ar
14467,Worst day ever.,en
14468,Could be better.,en
14469,لا يعجبني هذا,ar
14470,यह ठीक था।,hi
14471,مقبول لكنه ليس الأفضل,ar
14472,I am so tired of this nonsense.,en
14473,Absolutely fantastic experience!,en
14474,اليوم كان رائعًا,ar
14475,Worst day ever.,en
14476,مقبول لكنه ليس الأفضل,ar
14477,اليوم كان رائعًا,ar
14478,مقبول لكنه ليس الأفضل,ar
14479,Ich bin enttäuscht.,de
14480,I am so tired of this nonsense.,en
14481,This is terrible...,en
14482,این بهترین روز من بود,fa
14483,اليوم كان رائعًا,ar
14484,اليوم كان رائعًا,ar
14485,لا يعجبني هذا,ar
14486,لا يعجبني هذا,ar
14487,Das war unglaublich!,de
14488,Ich bin enttäuscht.,de
14489,Worst day ever.,en
14490,من خیلی ناراحتم,fa
14491,لا يعجبني هذا,ar
14492,मैं इससे खुश नहीं हूँ।,hi
14493,What a beautiful day!,en
14494,"Nicht schlecht, aber nicht gut.",de
14495,यह ठीक था।,hi
14496,من خیلی ناراحتم,fa
14497,I am so tired of this nonsense.,en
14498,اليوم كان رائعًا,ar
14499,What a beautiful day!,en
14500,Worst day ever.,en
14501,यह ठीक था।,hi
14502,बहुत ही अच्छा प्रदर्शन!,hi
14503,من خیلی ناراحتم,fa
14504,I love this!,en
14505,I love this!,en
14506,اليوم كان رائعًا,ar
14507,Worst day ever.,en
14508,اليوم كان رائعًا,ar
14509,این بهترین روز من بود,fa
14510,"Nicht schlecht, aber nicht gut.",de
14511,I love this!,en
14512,What a beautiful day!,en
14513,मैं इससे खुश नहीं हूँ।,hi
14514,I am so tired of this nonsense.,en
14515,من خیلی ناراحتم,fa
14516,What a beautiful day!,en
14517,Could be better.,en
14518,मैं इससे खुश नहीं हूँ।,hi
14519,I am so tired of this nonsense.,en
14520,من خیلی ناراحتم,fa
14521,Das war unglaublich!,de
14522,من خیلی ناراحتم,fa
14523,این بهترین روز من بود,fa
14524,What a beautiful day!,en
14525,من خیلی ناراحتم,fa
14526,Could be better.,en
14527,این بهترین روز من بود,fa
14528,Absolutely fantastic experience!,en
14529,اليوم كان رائعًا,ar
14530,"Nicht schlecht, aber nicht gut.",de
14531,لا يعجبني هذا,ar
14532,Worst day ever.,en
14533,I love this!,en
14534,What a beautiful day!,en
14535,اليوم كان رائعًا,ar
14536,Absolutely fantastic experience!,en
14537,यह ठीक था।,hi
14538,اليوم كان رائعًا,ar
14539,Absolutely fantastic experience!,en
14540,این بهترین روز من بود,fa
14541,من خیلی ناراحتم,fa
14542,Worst day ever.,en
14543,خوب بود اما می‌توانست بهتر باشد,fa
14544,اليوم كان رائعًا,ar
14545,"Nicht schlecht, aber nicht gut.",de
14546,Ich bin enttäuscht.,de
14547,Ich bin enttäuscht.,de
14548,لا يعجبني هذا,ar
14549,من خیلی ناراحتم,fa
14550,बहुत ही अच्छा प्रदर्शन!,hi
14551,لا يعجبني هذا,ar
14552,مقبول لكنه ليس الأفضل,ar
14553,"Nicht schlecht, aber nicht gut.",de
14554,What a beautiful day!,en
14555,यह ठीक था।,hi
14556,This is terrible...,en
14557,I love this!,en
14558,Ich bin enttäuscht.,de
14559,Ich bin enttäuscht.,de
14560,این بهترین روز من بود,fa
14561,لا يعجبني هذا,ar
14562,Absolutely fantastic experience!,en
14563,من خیلی ناراحتم,fa
14564,من خیلی ناراحتم,fa
14565,Das war unglaublich!,de
14566,لا يعجبني هذا,ar
14567,बहुत ही अच्छा प्रदर्शन!,hi
14568,I am so tired of this nonsense.,en
14569,Ich bin enttäuscht.,de
14570,बहुत ही अच्छा प्रदर्शन!,hi
14571,This is terrible...,en
14572,बहुत ही अच्छा प्रदर्शन!,hi
14573,خوب بود اما می‌توانست بهتر باشد,fa
14574,I am so tired of this nonsense.,en
14575,Worst day ever.,en
14576,من خیلی ناراحتم,fa
14577,What a beautiful day!,en
14578,Ich bin enttäuscht.,de
14579,اليوم كان رائعًا,ar
14580,Worst day ever.,en
14581,خوب بود اما می‌توانست بهتر باشد,fa
14582,Das war unglaublich!,de
14583,What a beautiful day!,en
14584,Could be better.,en
14585,"Nicht schlecht, aber nicht gut.",de
14586,Absolutely fantastic experience!,en
14587,خوب بود اما می‌توانست بهتر باشد,fa
14588,बहुत ही अच्छा प्रदर्शन!,hi
14589,من خیلی ناراحتم,fa
14590,Absolutely fantastic experience!,en
14591,مقبول لكنه ليس الأفضل,ar
14592,यह ठीक था।,hi
14593,"Nicht schlecht, aber nicht gut.",de
14594,من خیلی ناراحتم,fa
14595,Das war unglaublich!,de
14596,I am so tired of this nonsense.,en
14597,مقبول لكنه ليس الأفضل,ar
14598,Could be better.,en
14599,What a beautiful day!,en
14600,لا يعجبني هذا,ar
14601,What a beautiful day!,en
14602,Ich bin enttäuscht.,de
14603,Worst day ever.,en
14604,این بهترین روز من بود,fa
14605,اليوم كان رائعًا,ar
14606,لا يعجبني هذا,ar
14607,مقبول لكنه ليس الأفضل,ar
14608,این بهترین روز من بود,fa
14609,اليوم كان رائعًا,ar
14610,Could be better.,en
14611,Worst day ever.,en
14612,I am so tired of this nonsense.,en
14613,I am so tired of this nonsense.,en
14614,خوب بود اما می‌توانست بهتر باشد,fa
14615,What a beautiful day!,en
14616,What a beautiful day!,en
14617,बहुत ही अच्छा प्रदर्शन!,hi
14618,Could be better.,en
14619,اليوم كان رائعًا,ar
14620,I love this!,en
14621,Ich bin enttäuscht.,de
14622,Could be better.,en
14623,यह ठीक था।,hi
14624,"Nicht schlecht, aber nicht gut.",de
14625,Ich bin enttäuscht.,de
14626,لا يعجبني هذا,ar
14627,What a beautiful day!,en
14628,I love this!,en
14629,Ich bin enttäuscht.,de
14630,Das war unglaublich!,de
14631,خوب بود اما می‌توانست بهتر باشد,fa
14632,این بهترین روز من بود,fa
14633,خوب بود اما می‌توانست بهتر باشد,fa
14634,من خیلی ناراحتم,fa
14635,من خیلی ناراحتم,fa
14636,बहुत ही अच्छा प्रदर्शन!,hi
14637,I am so tired of this nonsense.,en
14638,خوب بود اما می‌توانست بهتر باشد,fa
14639,مقبول لكنه ليس الأفضل,ar
14640,اليوم كان رائعًا,ar
14641,मैं इससे खुश नहीं हूँ।,hi
14642,من خیلی ناراحتم,fa
14643,Worst day ever.,en
14644,Das war unglaublich!,de
14645,Absolutely fantastic experience!,en
14646,मैं इससे खुश नहीं हूँ।,hi
14647,I am so tired of this nonsense.,en
14648,لا يعجبني هذا,ar
14649,Ich bin enttäuscht.,de
14650,Absolutely fantastic experience!,en
14651,What a beautiful day!,en
14652,This is terrible...,en
14653,این بهترین روز من بود,fa
14654,Absolutely fantastic experience!,en
14655,من خیلی ناراحتم,fa
14656,Ich bin enttäuscht.,de
14657,यह ठीक था।,hi
14658,اليوم كان رائعًا,ar
14659,Das war unglaublich!,de
14660,Absolutely fantastic experience!,en
14661,Absolutely fantastic experience!,en
14662,مقبول لكنه ليس الأفضل,ar
14663,Could be better.,en
14664,बहुत ही अच्छा प्रदर्शन!,hi
14665,Worst day ever.,en
14666,I am so tired of this nonsense.,en
14667,Das war unglaublich!,de
14668,مقبول لكنه ليس الأفضل,ar
14669,Worst day ever.,en
14670,"Nicht schlecht, aber nicht gut.",de
14671,यह ठीक था।,hi
14672,Absolutely fantastic experience!,en
14673,اليوم كان رائعًا,ar
14674,बहुत ही अच्छा प्रदर्शन!,hi
14675,Could be better.,en
14676,Ich bin enttäuscht.,de
14677,این بهترین روز من بود,fa
14678,مقبول لكنه ليس الأفضل,ar
14679,اليوم كان رائعًا,ar
14680,مقبول لكنه ليس الأفضل,ar
14681,I love this!,en
14682,Ich bin enttäuscht.,de
14683,این بهترین روز من بود,fa
14684,خوب بود اما می‌توانست بهتر باشد,fa
14685,این بهترین روز من بود,fa
14686,"Nicht schlecht, aber nicht gut.",de
14687,اليوم كان رائعًا,ar
14688,Could be better.,en
14689,لا يعجبني هذا,ar
14690,"Nicht schlecht, aber nicht gut.",de
14691,मैं इससे खुश नहीं हूँ।,hi
14692,What a beautiful day!,en
14693,Could be better.,en
14694,यह ठीक था।,hi
14695,मैं इससे खुश नहीं हूँ।,hi
14696,این بهترین روز من بود,fa
14697,لا يعجبني هذا,ar
14698,Absolutely fantastic experience!,en
14699,من خیلی ناراحتم,fa
14700,This is terrible...,en
14701,این بهترین روز من بود,fa
14702,اليوم كان رائعًا,ar
14703,لا يعجبني هذا,ar
14704,Ich bin enttäuscht.,de
14705,Das war unglaublich!,de
14706,خوب بود اما می‌توانست بهتر باشد,fa
14707,لا يعجبني هذا,ar
14708,मैं इससे खुश नहीं हूँ।,hi
14709,This is terrible...,en
14710,What a beautiful day!,en
14711,لا يعجبني هذا,ar
14712,اليوم كان رائعًا,ar
14713,من خیلی ناراحتم,fa
14714,من خیلی ناراحتم,fa
14715,Worst day ever.,en
14716,Worst day ever.,en
14717,This is terrible...,en
14718,मैं इससे खुश नहीं हूँ।,hi
14719,این بهترین روز من بود,fa
14720,Ich bin enttäuscht.,de
14721,اليوم كان رائعًا,ar
14722,"Nicht schlecht, aber nicht gut.",de
14723,"Nicht schlecht, aber nicht gut.",de
14724,यह ठीक था।,hi
14725,बहुत ही अच्छा प्रदर्शन!,hi
14726,Ich bin enttäuscht.,de
14727,I am so tired of this nonsense.,en
14728,बहुत ही अच्छा प्रदर्शन!,hi
14729,मैं इससे खुश नहीं हूँ।,hi
14730,"Nicht schlecht, aber nicht gut.",de
14731,Das war unglaublich!,de
14732,बहुत ही अच्छा प्रदर्शन!,hi
14733,خوب بود اما می‌توانست بهتر باشد,fa
14734,اليوم كان رائعًا,ar
14735,"Nicht schlecht, aber nicht gut.",de
14736,Ich bin enttäuscht.,de
14737,"Nicht schlecht, aber nicht gut.",de
14738,Ich bin enttäuscht.,de
14739,اليوم كان رائعًا,ar
14740,बहुत ही अच्छा प्रदर्शन!,hi
14741,Ich bin enttäuscht.,de
14742,اليوم كان رائعًا,ar
14743,من خیلی ناراحتم,fa
14744,I love this!,en
14745,Das war unglaublich!,de
14746,Could be better.,en
14747,I am so tired of this nonsense.,en
14748,I am so tired of this nonsense.,en
14749,اليوم كان رائعًا,ar
14750,बहुत ही अच्छा प्रदर्शन!,hi
14751,यह ठीक था।,hi
14752,मैं इससे खुश नहीं हूँ।,hi
14753,मैं इससे खुश नहीं हूँ।,hi
14754,خوب بود اما می‌توانست بهتر باشد,fa
14755,बहुत ही अच्छा प्रदर्शन!,hi
14756,बहुत ही अच्छा प्रदर्शन!,hi
14757,I love this!,en
14758,बहुत ही अच्छा प्रदर्शन!,hi
14759,I am so tired of this nonsense.,en
14760,बहुत ही अच्छा प्रदर्शन!,hi
14761,این بهترین روز من بود,fa
14762,I love this!,en
14763,من خیلی ناراحتم,fa
14764,لا يعجبني هذا,ar
14765,Absolutely fantastic experience!,en
14766,I am so tired of this nonsense.,en
14767,This is terrible...,en
14768,Ich bin enttäuscht.,de
14769,I am so tired of this nonsense.,en
14770,خوب بود اما می‌توانست بهتر باشد,fa
14771,I am so tired of this nonsense.,en
14772,What a beautiful day!,en
14773,لا يعجبني هذا,ar
14774,اليوم كان رائعًا,ar
14775,این بهترین روز من بود,fa
14776,What a beautiful day!,en
14777,Das war unglaublich!,de
14778,यह ठीक था।,hi
14779,What a beautiful day!,en
14780,Absolutely fantastic experience!,en
14781,Absolutely fantastic experience!,en
14782,من خیلی ناراحتم,fa
14783,Absolutely fantastic experience!,en
14784,Absolutely fantastic experience!,en
14785,I love this!,en
14786,I love this!,en
14787,Absolutely fantastic experience!,en
14788,Could be better.,en
14789,Could be better.,en
14790,मैं इससे खुश नहीं हूँ।,hi
14791,What a beautiful day!,en
14792,مقبول لكنه ليس الأفضل,ar
14793,What a beautiful day!,en
14794,This is terrible...,en
14795,Absolutely fantastic experience!,en
14796,Das war unglaublich!,de
14797,This is terrible...,en
14798,خوب بود اما می‌توانست بهتر باشد,fa
14799,"Nicht schlecht, aber nicht gut.",de
14800,I love this!,en
14801,Absolutely fantastic experience!,en
14802,Das war unglaublich!,de
14803,من خیلی ناراحتم,fa
14804,لا يعجبني هذا,ar
14805,बहुत ही अच्छा प्रदर्शन!,hi
14806,यह ठीक था।,hi
14807,I love this!,en
14808,Ich bin enttäuscht.,de
14809,مقبول لكنه ليس الأفضل,ar
14810,This is terrible...,en
14811,Could be better.,en
14812,Could be better.,en
14813,من خیلی ناراحتم,fa
14814,این بهترین روز من بود,fa
14815,این بهترین روز من بود,fa
14816,Ich bin enttäuscht.,de
14817,Could be better.,en
14818,यह ठीक था।,hi
14819,خوب بود اما می‌توانست بهتر باشد,fa
14820,Could be better.,en
14821,This is terrible...,en
14822,خوب بود اما می‌توانست بهتر باشد,fa
14823,यह ठीक था।,hi
14824,"Nicht schlecht, aber nicht gut.",de
14825,I love this!,en
14826,Ich bin enttäuscht.,de
14827,I am so tired of this nonsense.,en
14828,لا يعجبني هذا,ar
14829,"Nicht schlecht, aber nicht gut.",de
14830,من خیلی ناراحتم,fa
14831,यह ठीक था।,hi
14832,Worst day ever.,en
14833,مقبول لكنه ليس الأفضل,ar
14834,Could be better.,en
14835,من خیلی ناراحتم,fa
14836,बहुत ही अच्छा प्रदर्शन!,hi
14837,Worst day ever.,en
14838,I am so tired of this nonsense.,en
14839,Could be better.,en
14840,من خیلی ناراحتم,fa
14841,What a beautiful day!,en
14842,اليوم كان رائعًا,ar
14843,"Nicht schlecht, aber nicht gut.",de
14844,Worst day ever.,en
14845,What a beautiful day!,en
14846,خوب بود اما می‌توانست بهتر باشد,fa
14847,مقبول لكنه ليس الأفضل,ar
14848,I love this!,en
14849,Das war unglaublich!,de
14850,Worst day ever.,en
14851,This is terrible...,en
14852,मैं इससे खुश नहीं हूँ।,hi
14853,This is terrible...,en
14854,لا يعجبني هذا,ar
14855,Absolutely fantastic experience!,en
14856,Das war unglaublich!,de
14857,What a beautiful day!,en
14858,اليوم كان رائعًا,ar
14859,Worst day ever.,en
14860,Absolutely fantastic experience!,en
14861,यह ठीक था।,hi
14862,Ich bin enttäuscht.,de
14863,मैं इससे खुश नहीं हूँ।,hi
14864,مقبول لكنه ليس الأفضل,ar
14865,این بهترین روز من بود,fa
14866,मैं इससे खुश नहीं हूँ।,hi
14867,I love this!,en
14868,من خیلی ناراحتم,fa
14869,I am so tired of this nonsense.,en
14870,خوب بود اما می‌توانست بهتر باشد,fa
14871,This is terrible...,en
14872,Could be better.,en
14873,I love this!,en
14874,मैं इससे खुश नहीं हूँ।,hi
14875,اليوم كان رائعًا,ar
14876,Could be better.,en
14877,बहुत ही अच्छा प्रदर्शन!,hi
14878,اليوم كان رائعًا,ar
14879,This is terrible...,en
14880,Ich bin enttäuscht.,de
14881,مقبول لكنه ليس الأفضل,ar
14882,What a beautiful day!,en
14883,Das war unglaublich!,de
14884,Absolutely fantastic experience!,en
14885,من خیلی ناراحتم,fa
14886,यह ठीक था।,hi
14887,I am so tired of this nonsense.,en
14888,मैं इससे खुश नहीं हूँ।,hi
14889,What a beautiful day!,en
14890,اليوم كان رائعًا,ar
14891,لا يعجبني هذا,ar
14892,बहुत ही अच्छा प्रदर्शन!,hi
14893,मैं इससे खुश नहीं हूँ।,hi
14894,مقبول لكنه ليس الأفضل,ar
14895,"Nicht schlecht, aber nicht gut.",de
14896,"Nicht schlecht, aber nicht gut.",de
14897,اليوم كان رائعًا,ar
14898,यह ठीक था।,hi
14899,Ich bin enttäuscht.,de
14900,Das war unglaublich!,de
14901,خوب بود اما می‌توانست بهتر باشد,fa
14902,This is terrible...,en
14903,Worst day ever.,en
14904,बहुत ही अच्छा प्रदर्शन!,hi
14905,Ich bin enttäuscht.,de
14906,خوب بود اما می‌توانست بهتر باشد,fa
14907,I am so tired of this nonsense.,en
14908,Absolutely fantastic experience!,en
14909,Ich bin enttäuscht.,de
14910,مقبول لكنه ليس الأفضل,ar
14911,Das war unglaublich!,de
14912,This is terrible...,en
14913,Could be better.,en
14914,Absolutely fantastic experience!,en
14915,Worst day ever.,en
14916,I love this!,en
14917,यह ठीक था।,hi
14918,لا يعجبني هذا,ar
14919,لا يعجبني هذا,ar
14920,I love this!,en
14921,"Nicht schlecht, aber nicht gut.",de
14922,What a beautiful day!,en
14923,Das war unglaublich!,de
14924,Das war unglaublich!,de
14925,"Nicht schlecht, aber nicht gut.",de
14926,لا يعجبني هذا,ar
14927,I love this!,en
14928,मैं इससे खुश नहीं हूँ।,hi
14929,मैं इससे खुश नहीं हूँ।,hi
14930,این بهترین روز من بود,fa
14931,Das war unglaublich!,de
14932,What a beautiful day!,en
14933,این بهترین روز من بود,fa
14934,Absolutely fantastic experience!,en
14935,I love this!,en
14936,این بهترین روز من بود,fa
14937,I am so tired of this nonsense.,en
14938,Das war unglaublich!,de
14939,Worst day ever.,en
14940,Worst day ever.,en
14941,I love this!,en
14942,اليوم كان رائعًا,ar
14943,Worst day ever.,en
14944,बहुत ही अच्छा प्रदर्शन!,hi
14945,I love this!,en
14946,Worst day ever.,en
14947,مقبول لكنه ليس الأفضل,ar
14948,مقبول لكنه ليس الأفضل,ar
14949,I love this!,en
14950,Absolutely fantastic experience!,en
14951,I love this!,en
14952,Could be better.,en
14953,این بهترین روز من بود,fa
14954,من خیلی ناراحتم,fa
14955,Das war unglaublich!,de
14956,Absolutely fantastic experience!,en
14957,لا يعجبني هذا,ar
14958,لا يعجبني هذا,ar
14959,"Nicht schlecht, aber nicht gut.",de
14960,Ich bin enttäuscht.,de
14961,बहुत ही अच्छा प्रदर्शन!,hi
14962,مقبول لكنه ليس الأفضل,ar
14963,बहुत ही अच्छा प्रदर्शन!,hi
14964,What a beautiful day!,en
14965,لا يعجبني هذا,ar
14966,لا يعجبني هذا,ar
14967,यह ठीक था।,hi
14968,خوب بود اما می‌توانست بهتر باشد,fa
14969,لا يعجبني هذا,ar
14970,मैं इससे खुश नहीं हूँ।,hi
14971,यह ठीक था।,hi
14972,Could be better.,en
14973,यह ठीक था।,hi
14974,यह ठीक था।,hi
14975,I am so tired of this nonsense.,en
14976,मैं इससे खुश नहीं हूँ।,hi
14977,Das war unglaublich!,de
14978,"Nicht schlecht, aber nicht gut.",de
14979,This is terrible...,en
14980,This is terrible...,en
14981,मैं इससे खुश नहीं हूँ।,hi
14982,बहुत ही अच्छा प्रदर्शन!,hi
14983,"Nicht schlecht, aber nicht gut.",de
14984,"Nicht schlecht, aber nicht gut.",de
14985,Ich bin enttäuscht.,de
14986,Das war unglaublich!,de
14987,خوب بود اما می‌توانست بهتر باشد,fa
14988,Ich bin enttäuscht.,de
14989,बहुत ही अच्छा प्रदर्शन!,hi
14990,I love this!,en
14991,मैं इससे खुश नहीं हूँ।,hi
14992,مقبول لكنه ليس الأفضل,ar
14993,من خیلی ناراحتم,fa
14994,Absolutely fantastic experience!,en
14995,This is terrible...,en
14996,What a beautiful day!,en
14997,This is terrible...,en
14998,Absolutely fantastic experience!,en
14999,What a beautiful day!,en
15000,من خیلی ناراحتم,fa
15001,मैं इससे खुश नहीं हूँ।,hi
15002,خوب بود اما می‌توانست بهتر باشد,fa
15003,Worst day ever.,en
15004,I am so tired of this nonsense.,en
15005,Worst day ever.,en
15006,خوب بود اما می‌توانست بهتر باشد,fa
15007,Das war unglaublich!,de
15008,What a beautiful day!,en
15009,I am so tired of this nonsense.,en
15010,Das war unglaublich!,de
15011,لا يعجبني هذا,ar
15012,What a beautiful day!,en
15013,Absolutely fantastic experience!,en
15014,این بهترین روز من بود,fa
15015,Absolutely fantastic experience!,en
15016,यह ठीक था।,hi
15017,Das war unglaublich!,de
15018,I love this!,en
15019,I love this!,en
15020,I love this!,en
15021,मैं इससे खुश नहीं हूँ।,hi
15022,Absolutely fantastic experience!,en
15023,لا يعجبني هذا,ar
15024,What a beautiful day!,en
15025,لا يعجبني هذا,ar
15026,لا يعجبني هذا,ar
15027,मैं इससे खुश नहीं हूँ।,hi
15028,مقبول لكنه ليس الأفضل,ar
15029,خوب بود اما می‌توانست بهتر باشد,fa
15030,مقبول لكنه ليس الأفضل,ar
15031,What a beautiful day!,en
15032,This is terrible...,en
15033,اليوم كان رائعًا,ar
15034,این بهترین روز من بود,fa
15035,اليوم كان رائعًا,ar
15036,What a beautiful day!,en
15037,यह ठीक था।,hi
15038,Absolutely fantastic experience!,en
15039,Absolutely fantastic experience!,en
15040,لا يعجبني هذا,ar
15041,Ich bin enttäuscht.,de
15042,What a beautiful day!,en
15043,"Nicht schlecht, aber nicht gut.",de
15044,What a beautiful day!,en
15045,Could be better.,en
15046,मैं इससे खुश नहीं हूँ।,hi
15047,Das war unglaublich!,de
15048,مقبول لكنه ليس الأفضل,ar
15049,यह ठीक था।,hi
15050,I am so tired of this nonsense.,en
15051,I am so tired of this nonsense.,en
15052,यह ठीक था।,hi
15053,This is terrible...,en
15054,Ich bin enttäuscht.,de
15055,اليوم كان رائعًا,ar
15056,من خیلی ناراحتم,fa
15057,من خیلی ناراحتم,fa
15058,"Nicht schlecht, aber nicht gut.",de
15059,Das war unglaublich!,de
15060,What a beautiful day!,en
15061,बहुत ही अच्छा प्रदर्शन!,hi
15062,मैं इससे खुश नहीं हूँ।,hi
15063,बहुत ही अच्छा प्रदर्शन!,hi
15064,This is terrible...,en
15065,من خیلی ناراحتم,fa
15066,Ich bin enttäuscht.,de
15067,मैं इससे खुश नहीं हूँ।,hi
15068,I love this!,en
15069,خوب بود اما می‌توانست بهتر باشد,fa
15070,Absolutely fantastic experience!,en
15071,من خیلی ناراحتم,fa
15072,خوب بود اما می‌توانست بهتر باشد,fa
15073,"Nicht schlecht, aber nicht gut.",de
15074,Absolutely fantastic experience!,en
15075,Could be better.,en
15076,I love this!,en
15077,این بهترین روز من بود,fa
15078,Das war unglaublich!,de
15079,این بهترین روز من بود,fa
15080,This is terrible...,en
15081,मैं इससे खुश नहीं हूँ।,hi
15082,I am so tired of this nonsense.,en
15083,Absolutely fantastic experience!,en
15084,Could be better.,en
15085,What a beautiful day!,en
15086,Could be better.,en
15087,مقبول لكنه ليس الأفضل,ar
15088,This is terrible...,en
15089,"Nicht schlecht, aber nicht gut.",de
15090,I love this!,en
15091,बहुत ही अच्छा प्रदर्शन!,hi
15092,لا يعجبني هذا,ar
15093,Das war unglaublich!,de
15094,من خیلی ناراحتم,fa
15095,Das war unglaublich!,de
15096,مقبول لكنه ليس الأفضل,ar
15097,Could be better.,en
15098,Worst day ever.,en
15099,لا يعجبني هذا,ar
15100,Could be better.,en
15101,Could be better.,en
15102,Das war unglaublich!,de
15103,Absolutely fantastic experience!,en
15104,Worst day ever.,en
15105,I am so tired of this nonsense.,en
15106,من خیلی ناراحتم,fa
15107,यह ठीक था।,hi
15108,لا يعجبني هذا,ar
15109,I am so tired of this nonsense.,en
15110,मैं इससे खुश नहीं हूँ।,hi
15111,यह ठीक था।,hi
15112,बहुत ही अच्छा प्रदर्शन!,hi
15113,اليوم كان رائعًا,ar
15114,What a beautiful day!,en
15115,مقبول لكنه ليس الأفضل,ar
15116,Das war unglaublich!,de
15117,لا يعجبني هذا,ar
15118,This is terrible...,en
15119,बहुत ही अच्छा प्रदर्शन!,hi
15120,I am so tired of this nonsense.,en
15121,I love this!,en
15122,این بهترین روز من بود,fa
15123,What a beautiful day!,en
15124,बहुत ही अच्छा प्रदर्शन!,hi
15125,मैं इससे खुश नहीं हूँ।,hi
15126,Could be better.,en
15127,बहुत ही अच्छा प्रदर्शन!,hi
15128,این بهترین روز من بود,fa
15129,Absolutely fantastic experience!,en
15130,Ich bin enttäuscht.,de
15131,"Nicht schlecht, aber nicht gut.",de
15132,لا يعجبني هذا,ar
15133,مقبول لكنه ليس الأفضل,ar
15134,Das war unglaublich!,de
15135,मैं इससे खुश नहीं हूँ।,hi
15136,यह ठीक था।,hi
15137,Could be better.,en
15138,Worst day ever.,en
15139,Das war unglaublich!,de
15140,لا يعجبني هذا,ar
15141,I love this!,en
15142,اليوم كان رائعًا,ar
15143,I love this!,en
15144,What a beautiful day!,en
15145,لا يعجبني هذا,ar
15146,I am so tired of this nonsense.,en
15147,मैं इससे खुश नहीं हूँ।,hi
15148,This is terrible...,en
15149,What a beautiful day!,en
15150,Could be better.,en
15151,मैं इससे खुश नहीं हूँ।,hi
15152,مقبول لكنه ليس الأفضل,ar
15153,मैं इससे खुश नहीं हूँ।,hi
15154,यह ठीक था।,hi
15155,This is terrible...,en
15156,لا يعجبني هذا,ar
15157,This is terrible...,en
15158,बहुत ही अच्छा प्रदर्शन!,hi
15159,"Nicht schlecht, aber nicht gut.",de
15160,Worst day ever.,en
15161,Absolutely fantastic experience!,en
15162,Could be better.,en
15163,مقبول لكنه ليس الأفضل,ar
15164,What a beautiful day!,en
15165,What a beautiful day!,en
15166,मैं इससे खुश नहीं हूँ।,hi
15167,Absolutely fantastic experience!,en
15168,مقبول لكنه ليس الأفضل,ar
15169,What a beautiful day!,en
15170,این بهترین روز من بود,fa
15171,Das war unglaublich!,de
15172,Das war unglaublich!,de
15173,I am so tired of this nonsense.,en
15174,مقبول لكنه ليس الأفضل,ar
15175,Das war unglaublich!,de
15176,यह ठीक था।,hi
15177,Ich bin enttäuscht.,de
15178,मैं इससे खुश नहीं हूँ।,hi
15179,बहुत ही अच्छा प्रदर्शन!,hi
15180,من خیلی ناراحتم,fa
15181,I am so tired of this nonsense.,en
15182,I love this!,en
15183,Absolutely fantastic experience!,en
15184,من خیلی ناراحتم,fa
15185,मैं इससे खुश नहीं हूँ।,hi
15186,Das war unglaublich!,de
15187,Das war unglaublich!,de
15188,I am so tired of this nonsense.,en
15189,لا يعجبني هذا,ar
15190,यह ठीक था।,hi
15191,"Nicht schlecht, aber nicht gut.",de
15192,لا يعجبني هذا,ar
15193,Ich bin enttäuscht.,de
15194,لا يعجبني هذا,ar
15195,What a beautiful day!,en
15196,لا يعجبني هذا,ar
15197,لا يعجبني هذا,ar
15198,I am so tired of this nonsense.,en
15199,यह ठीक था।,hi
15200,اليوم كان رائعًا,ar
15201,لا يعجبني هذا,ar
15202,Absolutely fantastic experience!,en
15203,I love this!,en
15204,Worst day ever.,en
15205,مقبول لكنه ليس الأفضل,ar
15206,मैं इससे खुश नहीं हूँ।,hi
15207,این بهترین روز من بود,fa
15208,बहुत ही अच्छा प्रदर्शन!,hi
15209,"Nicht schlecht, aber nicht gut.",de
15210,मैं इससे खुश नहीं हूँ।,hi
15211,این بهترین روز من بود,fa
15212,This is terrible...,en
15213,مقبول لكنه ليس الأفضل,ar
15214,من خیلی ناراحتم,fa
15215,मैं इससे खुश नहीं हूँ।,hi
15216,Absolutely fantastic experience!,en
15217,This is terrible...,en
15218,این بهترین روز من بود,fa
15219,Worst day ever.,en
15220,لا يعجبني هذا,ar
15221,Worst day ever.,en
15222,اليوم كان رائعًا,ar
15223,Worst day ever.,en
15224,I love this!,en
15225,मैं इससे खुश नहीं हूँ।,hi
15226,لا يعجبني هذا,ar
15227,This is terrible...,en
15228,لا يعجبني هذا,ar
15229,لا يعجبني هذا,ar
15230,لا يعجبني هذا,ar
15231,मैं इससे खुश नहीं हूँ।,hi
15232,Could be better.,en
15233,خوب بود اما می‌توانست بهتر باشد,fa
15234,Ich bin enttäuscht.,de
15235,من خیلی ناراحتم,fa
15236,Ich bin enttäuscht.,de
15237,This is terrible...,en
15238,This is terrible...,en
15239,من خیلی ناراحتم,fa
15240,बहुत ही अच्छा प्रदर्शन!,hi
15241,Could be better.,en
15242,What a beautiful day!,en
15243,"Nicht schlecht, aber nicht gut.",de
15244,This is terrible...,en
15245,من خیلی ناراحتم,fa
15246,"Nicht schlecht, aber nicht gut.",de
15247,This is terrible...,en
15248,Absolutely fantastic experience!,en
15249,مقبول لكنه ليس الأفضل,ar
15250,اليوم كان رائعًا,ar
15251,I love this!,en
15252,Worst day ever.,en
15253,I am so tired of this nonsense.,en
15254,यह ठीक था।,hi
15255,Ich bin enttäuscht.,de
15256,मैं इससे खुश नहीं हूँ।,hi
15257,خوب بود اما می‌توانست بهتر باشد,fa
15258,What a beautiful day!,en
15259,I love this!,en
15260,Das war unglaublich!,de
15261,Worst day ever.,en
15262,Worst day ever.,en
15263,من خیلی ناراحتم,fa
15264,यह ठीक था।,hi
15265,خوب بود اما می‌توانست بهتر باشد,fa
15266,این بهترین روز من بود,fa
15267,لا يعجبني هذا,ar
15268,من خیلی ناراحتم,fa
15269,I am so tired of this nonsense.,en
15270,Could be better.,en
15271,"Nicht schlecht, aber nicht gut.",de
15272,خوب بود اما می‌توانست بهتر باشد,fa
15273,What a beautiful day!,en
15274,I love this!,en
15275,Ich bin enttäuscht.,de
15276,من خیلی ناراحتم,fa
15277,این بهترین روز من بود,fa
15278,मैं इससे खुश नहीं हूँ।,hi
15279,बहुत ही अच्छा प्रदर्शन!,hi
15280,Could be better.,en
15281,मैं इससे खुश नहीं हूँ।,hi
15282,Worst day ever.,en
15283,مقبول لكنه ليس الأفضل,ar
15284,لا يعجبني هذا,ar
15285,This is terrible...,en
15286,Ich bin enttäuscht.,de
15287,Absolutely fantastic experience!,en
15288,لا يعجبني هذا,ar
15289,اليوم كان رائعًا,ar
15290,Absolutely fantastic experience!,en
15291,बहुत ही अच्छा प्रदर्शन!,hi
15292,मैं इससे खुश नहीं हूँ।,hi
15293,"Nicht schlecht, aber nicht gut.",de
15294,من خیلی ناراحتم,fa
15295,این بهترین روز من بود,fa
15296,Could be better.,en
15297,I love this!,en
15298,Absolutely fantastic experience!,en
15299,What a beautiful day!,en
15300,خوب بود اما می‌توانست بهتر باشد,fa
15301,لا يعجبني هذا,ar
15302,اليوم كان رائعًا,ar
15303,Absolutely fantastic experience!,en
15304,What a beautiful day!,en
15305,यह ठीक था।,hi
15306,Absolutely fantastic experience!,en
15307,बहुत ही अच्छा प्रदर्शन!,hi
15308,I am so tired of this nonsense.,en
15309,لا يعجبني هذا,ar
15310,Das war unglaublich!,de
15311,Ich bin enttäuscht.,de
15312,बहुत ही अच्छा प्रदर्शन!,hi
15313,Absolutely fantastic experience!,en
15314,Absolutely fantastic experience!,en
15315,لا يعجبني هذا,ar
15316,مقبول لكنه ليس الأفضل,ar
15317,यह ठीक था।,hi
15318,I am so tired of this nonsense.,en
15319,Could be better.,en
15320,यह ठीक था।,hi
15321,خوب بود اما می‌توانست بهتر باشد,fa
15322,I love this!,en
15323,خوب بود اما می‌توانست بهتر باشد,fa
15324,मैं इससे खुश नहीं हूँ।,hi
15325,لا يعجبني هذا,ar
15326,Could be better.,en
15327,Absolutely fantastic experience!,en
15328,Could be better.,en
15329,Das war unglaublich!,de
15330,बहुत ही अच्छा प्रदर्शन!,hi
15331,مقبول لكنه ليس الأفضل,ar
15332,"Nicht schlecht, aber nicht gut.",de
15333,Ich bin enttäuscht.,de
15334,What a beautiful day!,en
15335,बहुत ही अच्छा प्रदर्शन!,hi
15336,اليوم كان رائعًا,ar
15337,Das war unglaublich!,de
15338,यह ठीक था।,hi
15339,मैं इससे खुश नहीं हूँ।,hi
15340,यह ठीक था।,hi
15341,مقبول لكنه ليس الأفضل,ar
15342,यह ठीक था।,hi
15343,این بهترین روز من بود,fa
15344,I am so tired of this nonsense.,en
15345,لا يعجبني هذا,ar
15346,Ich bin enttäuscht.,de
15347,Ich bin enttäuscht.,de
15348,Ich bin enttäuscht.,de
15349,Could be better.,en
15350,مقبول لكنه ليس الأفضل,ar
15351,خوب بود اما می‌توانست بهتر باشد,fa
15352,I am so tired of this nonsense.,en
15353,مقبول لكنه ليس الأفضل,ar
15354,मैं इससे खुश नहीं हूँ।,hi
15355,لا يعجبني هذا,ar
15356,यह ठीक था।,hi
15357,I love this!,en
15358,What a beautiful day!,en
15359,اليوم كان رائعًا,ar
15360,What a beautiful day!,en
15361,Absolutely fantastic experience!,en
15362,Ich bin enttäuscht.,de
15363,मैं इससे खुश नहीं हूँ।,hi
15364,Das war unglaublich!,de
15365,I love this!,en
15366,This is terrible...,en
15367,Das war unglaublich!,de
15368,اليوم كان رائعًا,ar
15369,Could be better.,en
15370,Could be better.,en
15371,बहुत ही अच्छा प्रदर्शन!,hi
15372,اليوم كان رائعًا,ar
15373,مقبول لكنه ليس الأفضل,ar
15374,बहुत ही अच्छा प्रदर्शन!,hi
15375,मैं इससे खुश नहीं हूँ।,hi
15376,Absolutely fantastic experience!,en
15377,لا يعجبني هذا,ar
15378,این بهترین روز من بود,fa
15379,Ich bin enttäuscht.,de
15380,این بهترین روز من بود,fa
15381,मैं इससे खुश नहीं हूँ।,hi
15382,مقبول لكنه ليس الأفضل,ar
15383,لا يعجبني هذا,ar
15384,Absolutely fantastic experience!,en
15385,Could be better.,en
15386,مقبول لكنه ليس الأفضل,ar
15387,This is terrible...,en
15388,خوب بود اما می‌توانست بهتر باشد,fa
15389,यह ठीक था।,hi
15390,این بهترین روز من بود,fa
15391,Worst day ever.,en
15392,مقبول لكنه ليس الأفضل,ar
15393,من خیلی ناراحتم,fa
15394,I am so tired of this nonsense.,en
15395,مقبول لكنه ليس الأفضل,ar
15396,What a beautiful day!,en
15397,I am so tired of this nonsense.,en
15398,Absolutely fantastic experience!,en
15399,این بهترین روز من بود,fa
15400,این بهترین روز من بود,fa
15401,من خیلی ناراحتم,fa
15402,خوب بود اما می‌توانست بهتر باشد,fa
15403,"Nicht schlecht, aber nicht gut.",de
15404,Worst day ever.,en
15405,اليوم كان رائعًا,ar
15406,مقبول لكنه ليس الأفضل,ar
15407,من خیلی ناراحتم,fa
15408,"Nicht schlecht, aber nicht gut.",de
15409,لا يعجبني هذا,ar
15410,This is terrible...,en
15411,बहुत ही अच्छा प्रदर्शन!,hi
15412,Das war unglaublich!,de
15413,Worst day ever.,en
15414,मैं इससे खुश नहीं हूँ।,hi
15415,خوب بود اما می‌توانست بهتر باشد,fa
15416,این بهترین روز من بود,fa
15417,मैं इससे खुश नहीं हूँ।,hi
15418,बहुत ही अच्छा प्रदर्शन!,hi
15419,Ich bin enttäuscht.,de
15420,اليوم كان رائعًا,ar
15421,This is terrible...,en
15422,خوب بود اما می‌توانست بهتر باشد,fa
15423,لا يعجبني هذا,ar
15424,यह ठीक था।,hi
15425,बहुत ही अच्छा प्रदर्शन!,hi
15426,من خیلی ناراحتم,fa
15427,لا يعجبني هذا,ar
15428,"Nicht schlecht, aber nicht gut.",de
15429,لا يعجبني هذا,ar
15430,Das war unglaublich!,de
15431,मैं इससे खुश नहीं हूँ।,hi
15432,What a beautiful day!,en
15433,این بهترین روز من بود,fa
15434,I love this!,en
15435,I am so tired of this nonsense.,en
15436,"Nicht schlecht, aber nicht gut.",de
15437,Worst day ever.,en
15438,What a beautiful day!,en
15439,مقبول لكنه ليس الأفضل,ar
15440,Could be better.,en
15441,مقبول لكنه ليس الأفضل,ar
15442,This is terrible...,en
15443,This is terrible...,en
15444,Worst day ever.,en
15445,خوب بود اما می‌توانست بهتر باشد,fa
15446,Worst day ever.,en
15447,مقبول لكنه ليس الأفضل,ar
15448,I love this!,en
15449,I am so tired of this nonsense.,en
15450,اليوم كان رائعًا,ar
15451,I love this!,en
15452,मैं इससे खुश नहीं हूँ।,hi
15453,I am so tired of this nonsense.,en
15454,من خیلی ناراحتم,fa
15455,من خیلی ناراحتم,fa
15456,This is terrible...,en
15457,من خیلی ناراحتم,fa
15458,What a beautiful day!,en
15459,यह ठीक था।,hi
15460,Could be better.,en
15461,اليوم كان رائعًا,ar
15462,این بهترین روز من بود,fa
15463,I am so tired of this nonsense.,en
15464,این بهترین روز من بود,fa
15465,خوب بود اما می‌توانست بهتر باشد,fa
15466,I am so tired of this nonsense.,en
15467,Could be better.,en
15468,What a beautiful day!,en
15469,Worst day ever.,en
15470,मैं इससे खुश नहीं हूँ।,hi
15471,Das war unglaublich!,de
15472,مقبول لكنه ليس الأفضل,ar
15473,من خیلی ناراحتم,fa
15474,خوب بود اما می‌توانست بهتر باشد,fa
15475,What a beautiful day!,en
15476,I love this!,en
15477,اليوم كان رائعًا,ar
15478,यह ठीक था।,hi
15479,यह ठीक था।,hi
15480,اليوم كان رائعًا,ar
15481,बहुत ही अच्छा प्रदर्शन!,hi
15482,Das war unglaublich!,de
15483,I am so tired of this nonsense.,en
15484,"Nicht schlecht, aber nicht gut.",de
15485,मैं इससे खुश नहीं हूँ।,hi
15486,This is terrible...,en
15487,"Nicht schlecht, aber nicht gut.",de
15488,اليوم كان رائعًا,ar
15489,यह ठीक था।,hi
15490,لا يعجبني هذا,ar
15491,यह ठीक था।,hi
15492,What a beautiful day!,en
15493,Das war unglaublich!,de
15494,Worst day ever.,en
15495,मैं इससे खुश नहीं हूँ।,hi
15496,Das war unglaublich!,de
15497,"Nicht schlecht, aber nicht gut.",de
15498,من خیلی ناراحتم,fa
15499,बहुत ही अच्छा प्रदर्शन!,hi
15500,Absolutely fantastic experience!,en
15501,اليوم كان رائعًا,ar
15502,Absolutely fantastic experience!,en
15503,This is terrible...,en
15504,I love this!,en
15505,Das war unglaublich!,de
15506,Absolutely fantastic experience!,en
15507,مقبول لكنه ليس الأفضل,ar
15508,خوب بود اما می‌توانست بهتر باشد,fa
15509,خوب بود اما می‌توانست بهتر باشد,fa
15510,این بهترین روز من بود,fa
15511,"Nicht schlecht, aber nicht gut.",de
15512,बहुत ही अच्छा प्रदर्शन!,hi
15513,Ich bin enttäuscht.,de
15514,Ich bin enttäuscht.,de
15515,Could be better.,en
15516,Absolutely fantastic experience!,en
15517,I love this!,en
15518,اليوم كان رائعًا,ar
15519,Das war unglaublich!,de
15520,اليوم كان رائعًا,ar
15521,این بهترین روز من بود,fa
15522,I love this!,en
15523,Worst day ever.,en
15524,I am so tired of this nonsense.,en
15525,I am so tired of this nonsense.,en
15526,Absolutely fantastic experience!,en
15527,यह ठीक था।,hi
15528,"Nicht schlecht, aber nicht gut.",de
15529,خوب بود اما می‌توانست بهتر باشد,fa
15530,I love this!,en
15531,Absolutely fantastic experience!,en
15532,Could be better.,en
15533,خوب بود اما می‌توانست بهتر باشد,fa
15534,यह ठीक था।,hi
15535,Ich bin enttäuscht.,de
15536,Worst day ever.,en
15537,Ich bin enttäuscht.,de
15538,I love this!,en
15539,Ich bin enttäuscht.,de
15540,Ich bin enttäuscht.,de
15541,اليوم كان رائعًا,ar
15542,خوب بود اما می‌توانست بهتر باشد,fa
15543,خوب بود اما می‌توانست بهتر باشد,fa
15544,خوب بود اما می‌توانست بهتر باشد,fa
15545,"Nicht schlecht, aber nicht gut.",de
15546,لا يعجبني هذا,ar
15547,What a beautiful day!,en
15548,बहुत ही अच्छा प्रदर्शन!,hi
15549,من خیلی ناراحتم,fa
15550,बहुत ही अच्छा प्रदर्शन!,hi
15551,مقبول لكنه ليس الأفضل,ar
15552,Das war unglaublich!,de
15553,मैं इससे खुश नहीं हूँ।,hi
15554,Absolutely fantastic experience!,en
15555,"Nicht schlecht, aber nicht gut.",de
15556,मैं इससे खुश नहीं हूँ।,hi
15557,خوب بود اما می‌توانست بهتر باشد,fa
15558,Ich bin enttäuscht.,de
15559,I love this!,en
15560,Das war unglaublich!,de
15561,I am so tired of this nonsense.,en
15562,मैं इससे खुश नहीं हूँ।,hi
15563,This is terrible...,en
15564,اليوم كان رائعًا,ar
15565,Could be better.,en
15566,मैं इससे खुश नहीं हूँ।,hi
15567,من خیلی ناراحتم,fa
15568,Absolutely fantastic experience!,en
15569,"Nicht schlecht, aber nicht gut.",de
15570,What a beautiful day!,en
15571,Absolutely fantastic experience!,en
15572,من خیلی ناراحتم,fa
15573,این بهترین روز من بود,fa
15574,यह ठीक था।,hi
15575,Das war unglaublich!,de
15576,خوب بود اما می‌توانست بهتر باشد,fa
15577,این بهترین روز من بود,fa
15578,Worst day ever.,en
15579,Worst day ever.,en
15580,This is terrible...,en
15581,"Nicht schlecht, aber nicht gut.",de
15582,"Nicht schlecht, aber nicht gut.",de
15583,اليوم كان رائعًا,ar
15584,مقبول لكنه ليس الأفضل,ar
15585,यह ठीक था।,hi
15586,خوب بود اما می‌توانست بهتر باشد,fa
15587,What a beautiful day!,en
15588,बहुत ही अच्छा प्रदर्शन!,hi
15589,خوب بود اما می‌توانست بهتر باشد,fa
15590,This is terrible...,en
15591,اليوم كان رائعًا,ar
15592,Ich bin enttäuscht.,de
15593,What a beautiful day!,en
15594,خوب بود اما می‌توانست بهتر باشد,fa
15595,اليوم كان رائعًا,ar
15596,बहुत ही अच्छा प्रदर्शन!,hi
15597,Worst day ever.,en
15598,बहुत ही अच्छा प्रदर्शन!,hi
15599,यह ठीक था।,hi
15600,من خیلی ناراحتم,fa
15601,اليوم كان رائعًا,ar
15602,من خیلی ناراحتم,fa
15603,من خیلی ناراحتم,fa
15604,What a beautiful day!,en
15605,"Nicht schlecht, aber nicht gut.",de
15606,Could be better.,en
15607,این بهترین روز من بود,fa
15608,"Nicht schlecht, aber nicht gut.",de
15609,لا يعجبني هذا,ar
15610,What a beautiful day!,en
15611,Could be better.,en
15612,मैं इससे खुश नहीं हूँ।,hi
15613,Absolutely fantastic experience!,en
15614,यह ठीक था।,hi
15615,I love this!,en
15616,This is terrible...,en
15617,Could be better.,en
15618,"Nicht schlecht, aber nicht gut.",de
15619,Worst day ever.,en
15620,خوب بود اما می‌توانست بهتر باشد,fa
15621,बहुत ही अच्छा प्रदर्शन!,hi
15622,This is terrible...,en
15623,I love this!,en
15624,خوب بود اما می‌توانست بهتر باشد,fa
15625,बहुत ही अच्छा प्रदर्शन!,hi
15626,Ich bin enttäuscht.,de
15627,मैं इससे खुश नहीं हूँ।,hi
15628,اليوم كان رائعًا,ar
15629,यह ठीक था।,hi
15630,Das war unglaublich!,de
15631,I love this!,en
15632,Das war unglaublich!,de
15633,I love this!,en
15634,Das war unglaublich!,de
15635,I love this!,en
15636,Could be better.,en
15637,من خیلی ناراحتم,fa
15638,اليوم كان رائعًا,ar
15639,این بهترین روز من بود,fa
15640,Das war unglaublich!,de
15641,خوب بود اما می‌توانست بهتر باشد,fa
15642,बहुत ही अच्छा प्रदर्शन!,hi
15643,Absolutely fantastic experience!,en
15644,لا يعجبني هذا,ar
15645,Das war unglaublich!,de
15646,I love this!,en
15647,Could be better.,en
15648,यह ठीक था।,hi
15649,مقبول لكنه ليس الأفضل,ar
15650,خوب بود اما می‌توانست بهتر باشد,fa
15651,Worst day ever.,en
15652,What a beautiful day!,en
15653,لا يعجبني هذا,ar
15654,Worst day ever.,en
15655,من خیلی ناراحتم,fa
15656,This is terrible...,en
15657,"Nicht schlecht, aber nicht gut.",de
15658,मैं इससे खुश नहीं हूँ।,hi
15659,This is terrible...,en
15660,Absolutely fantastic experience!,en
15661,لا يعجبني هذا,ar
15662,What a beautiful day!,en
15663,यह ठीक था।,hi
15664,Could be better.,en
15665,Absolutely fantastic experience!,en
15666,मैं इससे खुश नहीं हूँ।,hi
15667,Could be better.,en
15668,Absolutely fantastic experience!,en
15669,من خیلی ناراحتم,fa
15670,Could be better.,en
15671,मैं इससे खुश नहीं हूँ।,hi
15672,اليوم كان رائعًا,ar
15673,What a beautiful day!,en
15674,این بهترین روز من بود,fa
15675,مقبول لكنه ليس الأفضل,ar
15676,اليوم كان رائعًا,ar
15677,Das war unglaublich!,de
15678,Could be better.,en
15679,Worst day ever.,en
15680,Could be better.,en
15681,मैं इससे खुश नहीं हूँ।,hi
15682,Could be better.,en
15683,What a beautiful day!,en
15684,Could be better.,en
15685,Absolutely fantastic experience!,en
15686,خوب بود اما می‌توانست بهتر باشد,fa
15687,لا يعجبني هذا,ar
15688,मैं इससे खुश नहीं हूँ।,hi
15689,لا يعجبني هذا,ar
15690,I love this!,en
15691,Absolutely fantastic experience!,en
15692,خوب بود اما می‌توانست بهتر باشد,fa
15693,این بهترین روز من بود,fa
15694,This is terrible...,en
15695,बहुत ही अच्छा प्रदर्शन!,hi
15696,This is terrible...,en
15697,خوب بود اما می‌توانست بهتر باشد,fa
15698,Absolutely fantastic experience!,en
15699,बहुत ही अच्छा प्रदर्शन!,hi
15700,बहुत ही अच्छा प्रदर्शन!,hi
15701,I love this!,en
15702,This is terrible...,en
15703,خوب بود اما می‌توانست بهتر باشد,fa
15704,I am so tired of this nonsense.,en
15705,Could be better.,en
15706,مقبول لكنه ليس الأفضل,ar
15707,این بهترین روز من بود,fa
15708,Das war unglaublich!,de
15709,I love this!,en
15710,Ich bin enttäuscht.,de
15711,यह ठीक था।,hi
15712,خوب بود اما می‌توانست بهتر باشد,fa
15713,Absolutely fantastic experience!,en
15714,مقبول لكنه ليس الأفضل,ar
15715,I love this!,en
15716,این بهترین روز من بود,fa
15717,اليوم كان رائعًا,ar
15718,Could be better.,en
15719,I love this!,en
15720,मैं इससे खुश नहीं हूँ।,hi
15721,Could be better.,en
15722,اليوم كان رائعًا,ar
15723,مقبول لكنه ليس الأفضل,ar
15724,"Nicht schlecht, aber nicht gut.",de
15725,"Nicht schlecht, aber nicht gut.",de
15726,مقبول لكنه ليس الأفضل,ar
15727,I am so tired of this nonsense.,en
15728,من خیلی ناراحتم,fa
15729,خوب بود اما می‌توانست بهتر باشد,fa
15730,I am so tired of this nonsense.,en
15731,این بهترین روز من بود,fa
15732,This is terrible...,en
15733,Das war unglaublich!,de
15734,I love this!,en
15735,این بهترین روز من بود,fa
15736,Worst day ever.,en
15737,مقبول لكنه ليس الأفضل,ar
15738,لا يعجبني هذا,ar
15739,Could be better.,en
15740,मैं इससे खुश नहीं हूँ।,hi
15741,Worst day ever.,en
15742,I love this!,en
15743,اليوم كان رائعًا,ar
15744,I love this!,en
15745,I love this!,en
15746,Worst day ever.,en
15747,This is terrible...,en
15748,مقبول لكنه ليس الأفضل,ar
15749,Worst day ever.,en
15750,خوب بود اما می‌توانست بهتر باشد,fa
15751,यह ठीक था।,hi
15752,यह ठीक था।,hi
15753,Das war unglaublich!,de
15754,यह ठीक था।,hi
15755,خوب بود اما می‌توانست بهتر باشد,fa
15756,خوب بود اما می‌توانست بهتر باشد,fa
15757,बहुत ही अच्छा प्रदर्शन!,hi
15758,मैं इससे खुश नहीं हूँ।,hi
15759,This is terrible...,en
15760,What a beautiful day!,en
15761,اليوم كان رائعًا,ar
15762,Could be better.,en
15763,این بهترین روز من بود,fa
15764,این بهترین روز من بود,fa
15765,مقبول لكنه ليس الأفضل,ar
15766,من خیلی ناراحتم,fa
15767,"Nicht schlecht, aber nicht gut.",de
15768,यह ठीक था।,hi
15769,बहुत ही अच्छा प्रदर्शन!,hi
15770,I love this!,en
15771,Ich bin enttäuscht.,de
15772,What a beautiful day!,en
15773,من خیلی ناراحتم,fa
15774,خوب بود اما می‌توانست بهتر باشد,fa
15775,مقبول لكنه ليس الأفضل,ar
15776,خوب بود اما می‌توانست بهتر باشد,fa
15777,मैं इससे खुश नहीं हूँ।,hi
15778,اليوم كان رائعًا,ar
15779,لا يعجبني هذا,ar
15780,बहुत ही अच्छा प्रदर्शन!,hi
15781,خوب بود اما می‌توانست بهتر باشد,fa
15782,What a beautiful day!,en
15783,What a beautiful day!,en
15784,What a beautiful day!,en
15785,यह ठीक था।,hi
15786,यह ठीक था।,hi
15787,لا يعجبني هذا,ar
15788,मैं इससे खुश नहीं हूँ।,hi
15789,Absolutely fantastic experience!,en
15790,What a beautiful day!,en
15791,من خیلی ناراحتم,fa
15792,मैं इससे खुश नहीं हूँ।,hi
15793,बहुत ही अच्छा प्रदर्शन!,hi
15794,I love this!,en
15795,خوب بود اما می‌توانست بهتر باشد,fa
15796,बहुत ही अच्छा प्रदर्शन!,hi
15797,Could be better.,en
15798,Could be better.,en
15799,This is terrible...,en
15800,Absolutely fantastic experience!,en
15801,This is terrible...,en
15802,من خیلی ناراحتم,fa
15803,यह ठीक था।,hi
15804,Worst day ever.,en
15805,Worst day ever.,en
15806,Ich bin enttäuscht.,de
15807,I am so tired of this nonsense.,en
15808,این بهترین روز من بود,fa
15809,I am so tired of this nonsense.,en
15810,I love this!,en
15811,Absolutely fantastic experience!,en
15812,Worst day ever.,en
15813,لا يعجبني هذا,ar
15814,لا يعجبني هذا,ar
15815,What a beautiful day!,en
15816,I love this!,en
15817,این بهترین روز من بود,fa
15818,यह ठीक था।,hi
15819,I love this!,en
15820,यह ठीक था।,hi
15821,मैं इससे खुश नहीं हूँ।,hi
15822,Worst day ever.,en
15823,Das war unglaublich!,de
15824,बहुत ही अच्छा प्रदर्शन!,hi
15825,Absolutely fantastic experience!,en
15826,"Nicht schlecht, aber nicht gut.",de
15827,مقبول لكنه ليس الأفضل,ar
15828,Ich bin enttäuscht.,de
15829,اليوم كان رائعًا,ar
15830,لا يعجبني هذا,ar
15831,Could be better.,en
15832,خوب بود اما می‌توانست بهتر باشد,fa
15833,لا يعجبني هذا,ar
15834,Ich bin enttäuscht.,de
15835,این بهترین روز من بود,fa
15836,Ich bin enttäuscht.,de
15837,خوب بود اما می‌توانست بهتر باشد,fa
15838,बहुत ही अच्छा प्रदर्शन!,hi
15839,اليوم كان رائعًا,ar
15840,Could be better.,en
15841,Das war unglaublich!,de
15842,من خیلی ناراحتم,fa
15843,Could be better.,en
15844,خوب بود اما می‌توانست بهتر باشد,fa
15845,Ich bin enttäuscht.,de
15846,I am so tired of this nonsense.,en
15847,Das war unglaublich!,de
15848,من خیلی ناراحتم,fa
15849,Absolutely fantastic experience!,en
15850,Worst day ever.,en
15851,मैं इससे खुश नहीं हूँ।,hi
15852,Could be better.,en
15853,Could be better.,en
15854,Ich bin enttäuscht.,de
15855,What a beautiful day!,en
15856,Ich bin enttäuscht.,de
15857,Worst day ever.,en
15858,यह ठीक था।,hi
15859,مقبول لكنه ليس الأفضل,ar
15860,बहुत ही अच्छा प्रदर्शन!,hi
15861,"Nicht schlecht, aber nicht gut.",de
15862,This is terrible...,en
15863,"Nicht schlecht, aber nicht gut.",de
15864,"Nicht schlecht, aber nicht gut.",de
15865,यह ठीक था।,hi
15866,मैं इससे खुश नहीं हूँ।,hi
15867,لا يعجبني هذا,ar
15868,خوب بود اما می‌توانست بهتر باشد,fa
15869,"Nicht schlecht, aber nicht gut.",de
15870,बहुत ही अच्छा प्रदर्शन!,hi
15871,Worst day ever.,en
15872,I love this!,en
15873,خوب بود اما می‌توانست بهتر باشد,fa
15874,बहुत ही अच्छा प्रदर्शन!,hi
15875,اليوم كان رائعًا,ar
15876,यह ठीक था।,hi
15877,यह ठीक था।,hi
15878,Worst day ever.,en
15879,لا يعجبني هذا,ar
15880,مقبول لكنه ليس الأفضل,ar
15881,यह ठीक था।,hi
15882,What a beautiful day!,en
15883,I am so tired of this nonsense.,en
15884,خوب بود اما می‌توانست بهتر باشد,fa
15885,مقبول لكنه ليس الأفضل,ar
15886,What a beautiful day!,en
15887,Ich bin enttäuscht.,de
15888,बहुत ही अच्छा प्रदर्शन!,hi
15889,This is terrible...,en
15890,This is terrible...,en
15891,Absolutely fantastic experience!,en
15892,बहुत ही अच्छा प्रदर्शन!,hi
15893,خوب بود اما می‌توانست بهتر باشد,fa
15894,مقبول لكنه ليس الأفضل,ar
15895,Could be better.,en
15896,I am so tired of this nonsense.,en
15897,यह ठीक था।,hi
15898,बहुत ही अच्छा प्रदर्शन!,hi
15899,This is terrible...,en
15900,لا يعجبني هذا,ar
15901,I love this!,en
15902,Ich bin enttäuscht.,de
15903,मैं इससे खुश नहीं हूँ।,hi
15904,من خیلی ناراحتم,fa
15905,Ich bin enttäuscht.,de
15906,اليوم كان رائعًا,ar
15907,خوب بود اما می‌توانست بهتر باشد,fa
15908,Absolutely fantastic experience!,en
15909,मैं इससे खुश नहीं हूँ।,hi
15910,مقبول لكنه ليس الأفضل,ar
15911,"Nicht schlecht, aber nicht gut.",de
15912,این بهترین روز من بود,fa
15913,बहुत ही अच्छा प्रदर्शन!,hi
15914,لا يعجبني هذا,ar
15915,لا يعجبني هذا,ar
15916,Could be better.,en
15917,Absolutely fantastic experience!,en
15918,Das war unglaublich!,de
15919,خوب بود اما می‌توانست بهتر باشد,fa
15920,मैं इससे खुश नहीं हूँ।,hi
15921,مقبول لكنه ليس الأفضل,ar
15922,اليوم كان رائعًا,ar
15923,I am so tired of this nonsense.,en
15924,Absolutely fantastic experience!,en
15925,I am so tired of this nonsense.,en
15926,I am so tired of this nonsense.,en
15927,این بهترین روز من بود,fa
15928,I am so tired of this nonsense.,en
15929,مقبول لكنه ليس الأفضل,ar
15930,Could be better.,en
15931,I love this!,en
15932,बहुत ही अच्छा प्रदर्शन!,hi
15933,बहुत ही अच्छा प्रदर्शन!,hi
15934,Worst day ever.,en
15935,خوب بود اما می‌توانست بهتر باشد,fa
15936,Ich bin enttäuscht.,de
15937,مقبول لكنه ليس الأفضل,ar
15938,मैं इससे खुश नहीं हूँ।,hi
15939,خوب بود اما می‌توانست بهتر باشد,fa
15940,اليوم كان رائعًا,ar
15941,What a beautiful day!,en
15942,"Nicht schlecht, aber nicht gut.",de
15943,यह ठीक था।,hi
15944,این بهترین روز من بود,fa
15945,مقبول لكنه ليس الأفضل,ar
15946,خوب بود اما می‌توانست بهتر باشد,fa
15947,Absolutely fantastic experience!,en
15948,Absolutely fantastic experience!,en
15949,لا يعجبني هذا,ar
15950,"Nicht schlecht, aber nicht gut.",de
15951,این بهترین روز من بود,fa
15952,"Nicht schlecht, aber nicht gut.",de
15953,"Nicht schlecht, aber nicht gut.",de
15954,Absolutely fantastic experience!,en
15955,What a beautiful day!,en
15956,Absolutely fantastic experience!,en
15957,"Nicht schlecht, aber nicht gut.",de
15958,مقبول لكنه ليس الأفضل,ar
15959,बहुत ही अच्छा प्रदर्शन!,hi
15960,خوب بود اما می‌توانست بهتر باشد,fa
15961,What a beautiful day!,en
15962,Could be better.,en
15963,Das war unglaublich!,de
15964,خوب بود اما می‌توانست بهتر باشد,fa
15965,This is terrible...,en
15966,اليوم كان رائعًا,ar
15967,این بهترین روز من بود,fa
15968,اليوم كان رائعًا,ar
15969,I love this!,en
15970,Ich bin enttäuscht.,de
15971,من خیلی ناراحتم,fa
15972,Absolutely fantastic experience!,en
15973,Das war unglaublich!,de
15974,مقبول لكنه ليس الأفضل,ar
15975,मैं इससे खुश नहीं हूँ।,hi
15976,Could be better.,en
15977,बहुत ही अच्छा प्रदर्शन!,hi
15978,خوب بود اما می‌توانست بهتر باشد,fa
15979,Could be better.,en
15980,I love this!,en
15981,I am so tired of this nonsense.,en
15982,Absolutely fantastic experience!,en
15983,این بهترین روز من بود,fa
15984,مقبول لكنه ليس الأفضل,ar
15985,मैं इससे खुश नहीं हूँ।,hi
15986,Could be better.,en
15987,لا يعجبني هذا,ar
15988,Das war unglaublich!,de
15989,Absolutely fantastic experience!,en
15990,यह ठीक था।,hi
15991,مقبول لكنه ليس الأفضل,ar
15992,لا يعجبني هذا,ar
15993,Das war unglaublich!,de
15994,لا يعجبني هذا,ar
15995,What a beautiful day!,en
15996,I love this!,en
15997,اليوم كان رائعًا,ar
15998,बहुत ही अच्छा प्रदर्शन!,hi
15999,Absolutely fantastic experience!,en
16000,I love this!,en
16001,Absolutely fantastic experience!,en
16002,I am so tired of this nonsense.,en
16003,من خیلی ناراحتم,fa
16004,Worst day ever.,en
16005,این بهترین روز من بود,fa
16006,यह ठीक था।,hi
16007,What a beautiful day!,en
16008,این بهترین روز من بود,fa
16009,اليوم كان رائعًا,ar
16010,Absolutely fantastic experience!,en
16011,اليوم كان رائعًا,ar
16012,من خیلی ناراحتم,fa
16013,من خیلی ناراحتم,fa
16014,बहुत ही अच्छा प्रदर्शन!,hi
16015,Das war unglaublich!,de
16016,مقبول لكنه ليس الأفضل,ar
16017,बहुत ही अच्छा प्रदर्शन!,hi
16018,बहुत ही अच्छा प्रदर्शन!,hi
16019,من خیلی ناراحتم,fa
16020,خوب بود اما می‌توانست بهتر باشد,fa
16021,I am so tired of this nonsense.,en
16022,बहुत ही अच्छा प्रदर्शन!,hi
16023,Das war unglaublich!,de
16024,Absolutely fantastic experience!,en
16025,Could be better.,en
16026,मैं इससे खुश नहीं हूँ।,hi
16027,यह ठीक था।,hi
16028,I am so tired of this nonsense.,en
16029,این بهترین روز من بود,fa
16030,This is terrible...,en
16031,من خیلی ناراحتم,fa
16032,من خیلی ناراحتم,fa
16033,What a beautiful day!,en
16034,I love this!,en
16035,मैं इससे खुश नहीं हूँ।,hi
16036,من خیلی ناراحتم,fa
16037,مقبول لكنه ليس الأفضل,ar
16038,I love this!,en
16039,اليوم كان رائعًا,ar
16040,यह ठीक था।,hi
16041,बहुत ही अच्छा प्रदर्शन!,hi
16042,Absolutely fantastic experience!,en
16043,اليوم كان رائعًا,ar
16044,این بهترین روز من بود,fa
16045,Worst day ever.,en
16046,لا يعجبني هذا,ar
16047,Absolutely fantastic experience!,en
16048,What a beautiful day!,en
16049,This is terrible...,en
16050,यह ठीक था।,hi
16051,I am so tired of this nonsense.,en
16052,This is terrible...,en
16053,मैं इससे खुश नहीं हूँ।,hi
16054,"Nicht schlecht, aber nicht gut.",de
16055,"Nicht schlecht, aber nicht gut.",de
16056,Das war unglaublich!,de
16057,Das war unglaublich!,de
16058,I am so tired of this nonsense.,en
16059,मैं इससे खुश नहीं हूँ।,hi
16060,I am so tired of this nonsense.,en
16061,What a beautiful day!,en
16062,من خیلی ناراحتم,fa
16063,Worst day ever.,en
16064,Could be better.,en
16065,What a beautiful day!,en
16066,Ich bin enttäuscht.,de
16067,خوب بود اما می‌توانست بهتر باشد,fa
16068,What a beautiful day!,en
16069,Absolutely fantastic experience!,en
16070,لا يعجبني هذا,ar
16071,اليوم كان رائعًا,ar
16072,I love this!,en
16073,Ich bin enttäuscht.,de
16074,बहुत ही अच्छा प्रदर्शन!,hi
16075,Could be better.,en
16076,مقبول لكنه ليس الأفضل,ar
16077,من خیلی ناراحتم,fa
16078,خوب بود اما می‌توانست بهتر باشد,fa
16079,मैं इससे खुश नहीं हूँ।,hi
16080,What a beautiful day!,en
16081,What a beautiful day!,en
16082,यह ठीक था।,hi
16083,خوب بود اما می‌توانست بهتر باشد,fa
16084,من خیلی ناراحتم,fa
16085,This is terrible...,en
16086,Ich bin enttäuscht.,de
16087,لا يعجبني هذا,ar
16088,What a beautiful day!,en
16089,"Nicht schlecht, aber nicht gut.",de
16090,لا يعجبني هذا,ar
16091,Could be better.,en
16092,لا يعجبني هذا,ar
16093,Could be better.,en
16094,این بهترین روز من بود,fa
16095,من خیلی ناراحتم,fa
16096,"Nicht schlecht, aber nicht gut.",de
16097,मैं इससे खुश नहीं हूँ।,hi
16098,मैं इससे खुश नहीं हूँ।,hi
16099,This is terrible...,en
16100,Ich bin enttäuscht.,de
16101,I love this!,en
16102,I love this!,en
16103,मैं इससे खुश नहीं हूँ।,hi
16104,این بهترین روز من بود,fa
16105,मैं इससे खुश नहीं हूँ।,hi
16106,I am so tired of this nonsense.,en
16107,बहुत ही अच्छा प्रदर्शन!,hi
16108,बहुत ही अच्छा प्रदर्शन!,hi
16109,Could be better.,en
16110,اليوم كان رائعًا,ar
16111,What a beautiful day!,en
16112,Absolutely fantastic experience!,en
16113,बहुत ही अच्छा प्रदर्शन!,hi
16114,Ich bin enttäuscht.,de
16115,मैं इससे खुश नहीं हूँ।,hi
16116,यह ठीक था।,hi
16117,Absolutely fantastic experience!,en
16118,I am so tired of this nonsense.,en
16119,Could be better.,en
16120,Das war unglaublich!,de
16121,Das war unglaublich!,de
16122,Could be better.,en
16123,यह ठीक था।,hi
16124,Das war unglaublich!,de
16125,I am so tired of this nonsense.,en
16126,این بهترین روز من بود,fa
16127,Absolutely fantastic experience!,en
16128,Absolutely fantastic experience!,en
16129,Absolutely fantastic experience!,en
16130,This is terrible...,en
16131,Das war unglaublich!,de
16132,यह ठीक था।,hi
16133,لا يعجبني هذا,ar
16134,I love this!,en
16135,Could be better.,en
16136,خوب بود اما می‌توانست بهتر باشد,fa
16137,I am so tired of this nonsense.,en
16138,Could be better.,en
16139,I am so tired of this nonsense.,en
16140,مقبول لكنه ليس الأفضل,ar
16141,خوب بود اما می‌توانست بهتر باشد,fa
16142,Worst day ever.,en
16143,बहुत ही अच्छा प्रदर्शन!,hi
16144,Could be better.,en
16145,I am so tired of this nonsense.,en
16146,اليوم كان رائعًا,ar
16147,"Nicht schlecht, aber nicht gut.",de
16148,"Nicht schlecht, aber nicht gut.",de
16149,"Nicht schlecht, aber nicht gut.",de
16150,این بهترین روز من بود,fa
16151,اليوم كان رائعًا,ar
16152,बहुत ही अच्छा प्रदर्शन!,hi
16153,مقبول لكنه ليس الأفضل,ar
16154,لا يعجبني هذا,ar
16155,I love this!,en
16156,Absolutely fantastic experience!,en
16157,من خیلی ناراحتم,fa
16158,I am so tired of this nonsense.,en
16159,यह ठीक था।,hi
16160,What a beautiful day!,en
16161,"Nicht schlecht, aber nicht gut.",de
16162,I love this!,en
16163,Ich bin enttäuscht.,de
16164,I am so tired of this nonsense.,en
16165,I am so tired of this nonsense.,en
16166,اليوم كان رائعًا,ar
16167,خوب بود اما می‌توانست بهتر باشد,fa
16168,من خیلی ناراحتم,fa
16169,बहुत ही अच्छा प्रदर्शन!,hi
16170,This is terrible...,en
16171,मैं इससे खुश नहीं हूँ।,hi
16172,मैं इससे खुश नहीं हूँ।,hi
16173,Das war unglaublich!,de
16174,مقبول لكنه ليس الأفضل,ar
16175,Absolutely fantastic experience!,en
16176,I love this!,en
16177,मैं इससे खुश नहीं हूँ।,hi
16178,مقبول لكنه ليس الأفضل,ar
16179,I love this!,en
16180,मैं इससे खुश नहीं हूँ।,hi
16181,Could be better.,en
16182,این بهترین روز من بود,fa
16183,خوب بود اما می‌توانست بهتر باشد,fa
16184,لا يعجبني هذا,ar
16185,"Nicht schlecht, aber nicht gut.",de
16186,"Nicht schlecht, aber nicht gut.",de
16187,"Nicht schlecht, aber nicht gut.",de
16188,مقبول لكنه ليس الأفضل,ar
16189,خوب بود اما می‌توانست بهتر باشد,fa
16190,Ich bin enttäuscht.,de
16191,Worst day ever.,en
16192,Worst day ever.,en
16193,این بهترین روز من بود,fa
16194,Absolutely fantastic experience!,en
16195,Absolutely fantastic experience!,en
16196,I love this!,en
16197,مقبول لكنه ليس الأفضل,ar
16198,This is terrible...,en
16199,मैं इससे खुश नहीं हूँ।,hi
16200,Ich bin enttäuscht.,de
16201,این بهترین روز من بود,fa
16202,Could be better.,en
16203,मैं इससे खुश नहीं हूँ।,hi
16204,I am so tired of this nonsense.,en
16205,"Nicht schlecht, aber nicht gut.",de
16206,I love this!,en
16207,I am so tired of this nonsense.,en
16208,I am so tired of this nonsense.,en
16209,این بهترین روز من بود,fa
16210,من خیلی ناراحتم,fa
16211,این بهترین روز من بود,fa
16212,خوب بود اما می‌توانست بهتر باشد,fa
16213,यह ठीक था।,hi
16214,لا يعجبني هذا,ar
16215,Could be better.,en
16216,This is terrible...,en
16217,این بهترین روز من بود,fa
16218,خوب بود اما می‌توانست بهتر باشد,fa
16219,I love this!,en
16220,Worst day ever.,en
16221,यह ठीक था।,hi
16222,Absolutely fantastic experience!,en
16223,Das war unglaublich!,de
16224,این بهترین روز من بود,fa
16225,"Nicht schlecht, aber nicht gut.",de
16226,Could be better.,en
16227,मैं इससे खुश नहीं हूँ।,hi
16228,مقبول لكنه ليس الأفضل,ar
16229,مقبول لكنه ليس الأفضل,ar
16230,I love this!,en
16231,बहुत ही अच्छा प्रदर्शन!,hi
16232,What a beautiful day!,en
16233,Das war unglaublich!,de
16234,خوب بود اما می‌توانست بهتر باشد,fa
16235,Absolutely fantastic experience!,en
16236,यह ठीक था।,hi
16237,اليوم كان رائعًا,ar
16238,This is terrible...,en
16239,اليوم كان رائعًا,ar
16240,बहुत ही अच्छा प्रदर्शन!,hi
16241,لا يعجبني هذا,ar
16242,لا يعجبني هذا,ar
16243,من خیلی ناراحتم,fa
16244,"Nicht schlecht, aber nicht gut.",de
16245,What a beautiful day!,en
16246,बहुत ही अच्छा प्रदर्शन!,hi
16247,مقبول لكنه ليس الأفضل,ar
16248,यह ठीक था।,hi
16249,لا يعجبني هذا,ar
16250,Das war unglaublich!,de
16251,اليوم كان رائعًا,ar
16252,این بهترین روز من بود,fa
16253,बहुत ही अच्छा प्रदर्शन!,hi
16254,این بهترین روز من بود,fa
16255,यह ठीक था।,hi
16256,This is terrible...,en
16257,Das war unglaublich!,de
16258,"Nicht schlecht, aber nicht gut.",de
16259,मैं इससे खुश नहीं हूँ।,hi
16260,Das war unglaublich!,de
16261,बहुत ही अच्छा प्रदर्शन!,hi
16262,यह ठीक था।,hi
16263,خوب بود اما می‌توانست بهتر باشد,fa
16264,لا يعجبني هذا,ar
16265,Ich bin enttäuscht.,de
16266,Absolutely fantastic experience!,en
16267,यह ठीक था।,hi
16268,This is terrible...,en
16269,لا يعجبني هذا,ar
16270,मैं इससे खुश नहीं हूँ।,hi
16271,Das war unglaublich!,de
16272,मैं इससे खुश नहीं हूँ।,hi
16273,Ich bin enttäuscht.,de
16274,यह ठीक था।,hi
16275,I love this!,en
16276,Could be better.,en
16277,اليوم كان رائعًا,ar
16278,This is terrible...,en
16279,बहुत ही अच्छा प्रदर्शन!,hi
16280,خوب بود اما می‌توانست بهتر باشد,fa
16281,Could be better.,en
16282,Worst day ever.,en
16283,لا يعجبني هذا,ar
16284,Worst day ever.,en
16285,خوب بود اما می‌توانست بهتر باشد,fa
16286,"Nicht schlecht, aber nicht gut.",de
16287,बहुत ही अच्छा प्रदर्शन!,hi
16288,Absolutely fantastic experience!,en
16289,Could be better.,en
16290,Could be better.,en
16291,Worst day ever.,en
16292,این بهترین روز من بود,fa
16293,Worst day ever.,en
16294,बहुत ही अच्छा प्रदर्शन!,hi
16295,من خیلی ناراحتم,fa
16296,"Nicht schlecht, aber nicht gut.",de
16297,اليوم كان رائعًا,ar
16298,من خیلی ناراحتم,fa
16299,What a beautiful day!,en
16300,I am so tired of this nonsense.,en
16301,Could be better.,en
16302,لا يعجبني هذا,ar
16303,من خیلی ناراحتم,fa
16304,خوب بود اما می‌توانست بهتر باشد,fa
16305,I love this!,en
16306,यह ठीक था।,hi
16307,What a beautiful day!,en
16308,خوب بود اما می‌توانست بهتر باشد,fa
16309,This is terrible...,en
16310,Das war unglaublich!,de
16311,Das war unglaublich!,de
16312,I am so tired of this nonsense.,en
16313,This is terrible...,en
16314,I love this!,en
16315,من خیلی ناراحتم,fa
16316,मैं इससे खुश नहीं हूँ।,hi
16317,خوب بود اما می‌توانست بهتر باشد,fa
16318,Could be better.,en
16319,Worst day ever.,en
16320,I am so tired of this nonsense.,en
16321,Ich bin enttäuscht.,de
16322,बहुत ही अच्छा प्रदर्शन!,hi
16323,Das war unglaublich!,de
16324,This is terrible...,en
16325,اليوم كان رائعًا,ar
16326,This is terrible...,en
16327,This is terrible...,en
16328,बहुत ही अच्छा प्रदर्शन!,hi
16329,यह ठीक था।,hi
16330,لا يعجبني هذا,ar
16331,This is terrible...,en
16332,बहुत ही अच्छा प्रदर्शन!,hi
16333,बहुत ही अच्छा प्रदर्शन!,hi
16334,من خیلی ناراحتم,fa
16335,What a beautiful day!,en
16336,Worst day ever.,en
16337,خوب بود اما می‌توانست بهتر باشد,fa
16338,I am so tired of this nonsense.,en
16339,Das war unglaublich!,de
16340,Ich bin enttäuscht.,de
16341,बहुत ही अच्छा प्रदर्शन!,hi
16342,बहुत ही अच्छा प्रदर्शन!,hi
16343,خوب بود اما می‌توانست بهتر باشد,fa
16344,I am so tired of this nonsense.,en
16345,مقبول لكنه ليس الأفضل,ar
16346,لا يعجبني هذا,ar
16347,من خیلی ناراحتم,fa
16348,"Nicht schlecht, aber nicht gut.",de
16349,I am so tired of this nonsense.,en
16350,"Nicht schlecht, aber nicht gut.",de
16351,यह ठीक था।,hi
16352,من خیلی ناراحتم,fa
16353,مقبول لكنه ليس الأفضل,ar
16354,"Nicht schlecht, aber nicht gut.",de
16355,This is terrible...,en
16356,این بهترین روز من بود,fa
16357,Could be better.,en
16358,خوب بود اما می‌توانست بهتر باشد,fa
16359,مقبول لكنه ليس الأفضل,ar
16360,बहुत ही अच्छा प्रदर्शन!,hi
16361,बहुत ही अच्छा प्रदर्शन!,hi
16362,Absolutely fantastic experience!,en
16363,What a beautiful day!,en
16364,I am so tired of this nonsense.,en
16365,این بهترین روز من بود,fa
16366,I love this!,en
16367,Das war unglaublich!,de
16368,Absolutely fantastic experience!,en
16369,बहुत ही अच्छा प्रदर्शन!,hi
16370,I love this!,en
16371,I love this!,en
16372,I am so tired of this nonsense.,en
16373,I am so tired of this nonsense.,en
16374,Das war unglaublich!,de
16375,I am so tired of this nonsense.,en
16376,مقبول لكنه ليس الأفضل,ar
16377,من خیلی ناراحتم,fa
16378,اليوم كان رائعًا,ar
16379,मैं इससे खुश नहीं हूँ।,hi
16380,Ich bin enttäuscht.,de
16381,من خیلی ناراحتم,fa
16382,لا يعجبني هذا,ar
16383,यह ठीक था।,hi
16384,यह ठीक था।,hi
16385,यह ठीक था।,hi
16386,मैं इससे खुश नहीं हूँ।,hi
16387,यह ठीक था।,hi
16388,Ich bin enttäuscht.,de
16389,"Nicht schlecht, aber nicht gut.",de
16390,مقبول لكنه ليس الأفضل,ar
16391,Worst day ever.,en
16392,اليوم كان رائعًا,ar
16393,This is terrible...,en
16394,مقبول لكنه ليس الأفضل,ar
16395,مقبول لكنه ليس الأفضل,ar
16396,Could be better.,en
16397,What a beautiful day!,en
16398,मैं इससे खुश नहीं हूँ।,hi
16399,اليوم كان رائعًا,ar
16400,Could be better.,en
16401,این بهترین روز من بود,fa
16402,لا يعجبني هذا,ar
16403,Could be better.,en
16404,I am so tired of this nonsense.,en
16405,من خیلی ناراحتم,fa
16406,What a beautiful day!,en
16407,बहुत ही अच्छा प्रदर्शन!,hi
16408,لا يعجبني هذا,ar
16409,यह ठीक था।,hi
16410,Could be better.,en
16411,خوب بود اما می‌توانست بهتر باشد,fa
16412,Could be better.,en
16413,Could be better.,en
16414,What a beautiful day!,en
16415,Could be better.,en
16416,اليوم كان رائعًا,ar
16417,बहुत ही अच्छा प्रदर्शन!,hi
16418,Absolutely fantastic experience!,en
16419,बहुत ही अच्छा प्रदर्शन!,hi
16420,اليوم كان رائعًا,ar
16421,اليوم كان رائعًا,ar
16422,من خیلی ناراحتم,fa
16423,Das war unglaublich!,de
16424,خوب بود اما می‌توانست بهتر باشد,fa
16425,اليوم كان رائعًا,ar
16426,من خیلی ناراحتم,fa
16427,Worst day ever.,en
16428,لا يعجبني هذا,ar
16429,बहुत ही अच्छा प्रदर्शन!,hi
16430,Das war unglaublich!,de
16431,बहुत ही अच्छा प्रदर्शन!,hi
16432,Absolutely fantastic experience!,en
16433,این بهترین روز من بود,fa
16434,What a beautiful day!,en
16435,I love this!,en
16436,اليوم كان رائعًا,ar
16437,Absolutely fantastic experience!,en
16438,"Nicht schlecht, aber nicht gut.",de
16439,बहुत ही अच्छा प्रदर्शन!,hi
16440,"Nicht schlecht, aber nicht gut.",de
16441,"Nicht schlecht, aber nicht gut.",de
16442,خوب بود اما می‌توانست بهتر باشد,fa
16443,Could be better.,en
16444,اليوم كان رائعًا,ar
16445,اليوم كان رائعًا,ar
16446,"Nicht schlecht, aber nicht gut.",de
16447,لا يعجبني هذا,ar
16448,I love this!,en
16449,من خیلی ناراحتم,fa
16450,مقبول لكنه ليس الأفضل,ar
16451,من خیلی ناراحتم,fa
16452,"Nicht schlecht, aber nicht gut.",de
16453,This is terrible...,en
16454,من خیلی ناراحتم,fa
16455,اليوم كان رائعًا,ar
16456,Worst day ever.,en
16457,I love this!,en
16458,اليوم كان رائعًا,ar
16459,Could be better.,en
16460,لا يعجبني هذا,ar
16461,Worst day ever.,en
16462,Das war unglaublich!,de
16463,This is terrible...,en
16464,این بهترین روز من بود,fa
16465,Could be better.,en
16466,اليوم كان رائعًا,ar
16467,This is terrible...,en
16468,مقبول لكنه ليس الأفضل,ar
16469,What a beautiful day!,en
16470,مقبول لكنه ليس الأفضل,ar
16471,"Nicht schlecht, aber nicht gut.",de
16472,I love this!,en
16473,"Nicht schlecht, aber nicht gut.",de
16474,خوب بود اما می‌توانست بهتر باشد,fa
16475,این بهترین روز من بود,fa
16476,मैं इससे खुश नहीं हूँ।,hi
16477,Could be better.,en
16478,لا يعجبني هذا,ar
16479,Worst day ever.,en
16480,Ich bin enttäuscht.,de
16481,What a beautiful day!,en
16482,This is terrible...,en
16483,This is terrible...,en
16484,Ich bin enttäuscht.,de
16485,لا يعجبني هذا,ar
16486,Ich bin enttäuscht.,de
16487,What a beautiful day!,en
16488,اليوم كان رائعًا,ar
16489,Worst day ever.,en
16490,What a beautiful day!,en
16491,Ich bin enttäuscht.,de
16492,This is terrible...,en
16493,बहुत ही अच्छा प्रदर्शन!,hi
16494,اليوم كان رائعًا,ar
16495,I am so tired of this nonsense.,en
16496,این بهترین روز من بود,fa
16497,"Nicht schlecht, aber nicht gut.",de
16498,اليوم كان رائعًا,ar
16499,Das war unglaublich!,de
16500,مقبول لكنه ليس الأفضل,ar
16501,Das war unglaublich!,de
16502,Absolutely fantastic experience!,en
16503,मैं इससे खुश नहीं हूँ।,hi
16504,این بهترین روز من بود,fa
16505,Could be better.,en
16506,Worst day ever.,en
16507,"Nicht schlecht, aber nicht gut.",de
16508,I love this!,en
16509,این بهترین روز من بود,fa
16510,Could be better.,en
16511,I love this!,en
16512,Worst day ever.,en
16513,बहुत ही अच्छा प्रदर्शन!,hi
16514,"Nicht schlecht, aber nicht gut.",de
16515,This is terrible...,en
16516,مقبول لكنه ليس الأفضل,ar
16517,I am so tired of this nonsense.,en
16518,Could be better.,en
16519,Could be better.,en
16520,این بهترین روز من بود,fa
16521,I love this!,en
16522,Worst day ever.,en
16523,This is terrible...,en
16524,این بهترین روز من بود,fa
16525,خوب بود اما می‌توانست بهتر باشد,fa
16526,اليوم كان رائعًا,ar
16527,Absolutely fantastic experience!,en
16528,Worst day ever.,en
16529,مقبول لكنه ليس الأفضل,ar
16530,من خیلی ناراحتم,fa
16531,لا يعجبني هذا,ar
16532,من خیلی ناراحتم,fa
16533,I am so tired of this nonsense.,en
16534,Absolutely fantastic experience!,en
16535,Worst day ever.,en
16536,मैं इससे खुश नहीं हूँ।,hi
16537,I love this!,en
16538,Absolutely fantastic experience!,en
16539,اليوم كان رائعًا,ar
16540,बहुत ही अच्छा प्रदर्शन!,hi
16541,من خیلی ناراحتم,fa
16542,Ich bin enttäuscht.,de
16543,Absolutely fantastic experience!,en
16544,لا يعجبني هذا,ar
16545,यह ठीक था।,hi
16546,यह ठीक था।,hi
16547,لا يعجبني هذا,ar
16548,خوب بود اما می‌توانست بهتر باشد,fa
16549,This is terrible...,en
16550,Worst day ever.,en
16551,لا يعجبني هذا,ar
16552,यह ठीक था।,hi
16553,Could be better.,en
16554,خوب بود اما می‌توانست بهتر باشد,fa
16555,I love this!,en
16556,बहुत ही अच्छा प्रदर्शन!,hi
16557,This is terrible...,en
16558,This is terrible...,en
16559,मैं इससे खुश नहीं हूँ।,hi
16560,Absolutely fantastic experience!,en
16561,Worst day ever.,en
16562,من خیلی ناراحتم,fa
16563,Could be better.,en
16564,اليوم كان رائعًا,ar
16565,This is terrible...,en
16566,اليوم كان رائعًا,ar
16567,خوب بود اما می‌توانست بهتر باشد,fa
16568,Das war unglaublich!,de
16569,من خیلی ناراحتم,fa
16570,این بهترین روز من بود,fa
16571,اليوم كان رائعًا,ar
16572,I love this!,en
16573,اليوم كان رائعًا,ar
16574,اليوم كان رائعًا,ar
16575,बहुत ही अच्छा प्रदर्शन!,hi
16576,Ich bin enttäuscht.,de
16577,Could be better.,en
16578,من خیلی ناراحتم,fa
16579,बहुत ही अच्छा प्रदर्शन!,hi
16580,لا يعجبني هذا,ar
16581,Worst day ever.,en
16582,यह ठीक था।,hi
16583,"Nicht schlecht, aber nicht gut.",de
16584,اليوم كان رائعًا,ar
16585,Das war unglaublich!,de
16586,مقبول لكنه ليس الأفضل,ar
16587,Ich bin enttäuscht.,de
16588,من خیلی ناراحتم,fa
16589,Worst day ever.,en
16590,من خیلی ناراحتم,fa
16591,I love this!,en
16592,این بهترین روز من بود,fa
16593,Ich bin enttäuscht.,de
16594,I am so tired of this nonsense.,en
16595,مقبول لكنه ليس الأفضل,ar
16596,मैं इससे खुश नहीं हूँ।,hi
16597,This is terrible...,en
16598,This is terrible...,en
16599,"Nicht schlecht, aber nicht gut.",de
16600,I am so tired of this nonsense.,en
16601,मैं इससे खुश नहीं हूँ।,hi
16602,I am so tired of this nonsense.,en
16603,Absolutely fantastic experience!,en
16604,این بهترین روز من بود,fa
16605,What a beautiful day!,en
16606,Das war unglaublich!,de
16607,Worst day ever.,en
16608,This is terrible...,en
16609,What a beautiful day!,en
16610,What a beautiful day!,en
16611,I love this!,en
16612,"Nicht schlecht, aber nicht gut.",de
16613,اليوم كان رائعًا,ar
16614,Ich bin enttäuscht.,de
16615,این بهترین روز من بود,fa
16616,Could be better.,en
16617,Das war unglaublich!,de
16618,This is terrible...,en
16619,این بهترین روز من بود,fa
16620,این بهترین روز من بود,fa
16621,Ich bin enttäuscht.,de
16622,"Nicht schlecht, aber nicht gut.",de
16623,Could be better.,en
16624,اليوم كان رائعًا,ar
16625,خوب بود اما می‌توانست بهتر باشد,fa
16626,من خیلی ناراحتم,fa
16627,"Nicht schlecht, aber nicht gut.",de
16628,बहुत ही अच्छा प्रदर्शन!,hi
16629,Ich bin enttäuscht.,de
16630,"Nicht schlecht, aber nicht gut.",de
16631,I love this!,en
16632,من خیلی ناراحتم,fa
16633,اليوم كان رائعًا,ar
16634,मैं इससे खुश नहीं हूँ।,hi
16635,Worst day ever.,en
16636,मैं इससे खुश नहीं हूँ।,hi
16637,مقبول لكنه ليس الأفضل,ar
16638,I love this!,en
16639,اليوم كان رائعًا,ar
16640,اليوم كان رائعًا,ar
16641,What a beautiful day!,en
16642,Das war unglaublich!,de
16643,خوب بود اما می‌توانست بهتر باشد,fa
16644,What a beautiful day!,en
16645,Could be better.,en
16646,Absolutely fantastic experience!,en
16647,I am so tired of this nonsense.,en
16648,This is terrible...,en
16649,مقبول لكنه ليس الأفضل,ar
16650,اليوم كان رائعًا,ar
16651,من خیلی ناراحتم,fa
16652,مقبول لكنه ليس الأفضل,ar
16653,"Nicht schlecht, aber nicht gut.",de
16654,बहुत ही अच्छा प्रदर्शन!,hi
16655,What a beautiful day!,en
16656,यह ठीक था।,hi
16657,I am so tired of this nonsense.,en
16658,I love this!,en
16659,मैं इससे खुश नहीं हूँ।,hi
16660,I am so tired of this nonsense.,en
16661,I love this!,en
16662,مقبول لكنه ليس الأفضل,ar
16663,من خیلی ناراحتم,fa
16664,Ich bin enttäuscht.,de
16665,This is terrible...,en
16666,This is terrible...,en
16667,I love this!,en
16668,I am so tired of this nonsense.,en
16669,Worst day ever.,en
16670,این بهترین روز من بود,fa
16671,What a beautiful day!,en
16672,बहुत ही अच्छा प्रदर्शन!,hi
16673,اليوم كان رائعًا,ar
16674,Worst day ever.,en
16675,لا يعجبني هذا,ar
16676,مقبول لكنه ليس الأفضل,ar
16677,لا يعجبني هذا,ar
16678,यह ठीक था।,hi
16679,I love this!,en
16680,Ich bin enttäuscht.,de
16681,What a beautiful day!,en
16682,اليوم كان رائعًا,ar
16683,Ich bin enttäuscht.,de
16684,مقبول لكنه ليس الأفضل,ar
16685,خوب بود اما می‌توانست بهتر باشد,fa
16686,I love this!,en
16687,बहुत ही अच्छा प्रदर्शन!,hi
16688,اليوم كان رائعًا,ar
16689,Worst day ever.,en
16690,Ich bin enttäuscht.,de
16691,Worst day ever.,en
16692,I am so tired of this nonsense.,en
16693,I am so tired of this nonsense.,en
16694,Worst day ever.,en
16695,What a beautiful day!,en
16696,I love this!,en
16697,من خیلی ناراحتم,fa
16698,Could be better.,en
16699,I am so tired of this nonsense.,en
16700,لا يعجبني هذا,ar
16701,Absolutely fantastic experience!,en
16702,मैं इससे खुश नहीं हूँ।,hi
16703,I am so tired of this nonsense.,en
16704,لا يعجبني هذا,ar
16705,This is terrible...,en
16706,مقبول لكنه ليس الأفضل,ar
16707,This is terrible...,en
16708,این بهترین روز من بود,fa
16709,Das war unglaublich!,de
16710,Ich bin enttäuscht.,de
16711,Could be better.,en
16712,I am so tired of this nonsense.,en
16713,This is terrible...,en
16714,Das war unglaublich!,de
16715,خوب بود اما می‌توانست بهتر باشد,fa
16716,مقبول لكنه ليس الأفضل,ar
16717,لا يعجبني هذا,ar
16718,من خیلی ناراحتم,fa
16719,مقبول لكنه ليس الأفضل,ar
16720,Ich bin enttäuscht.,de
16721,لا يعجبني هذا,ar
16722,Absolutely fantastic experience!,en
16723,Absolutely fantastic experience!,en
16724,Absolutely fantastic experience!,en
16725,Worst day ever.,en
16726,What a beautiful day!,en
16727,Could be better.,en
16728,اليوم كان رائعًا,ar
16729,This is terrible...,en
16730,Worst day ever.,en
16731,من خیلی ناراحتم,fa
16732,This is terrible...,en
16733,لا يعجبني هذا,ar
16734,बहुत ही अच्छा प्रदर्शन!,hi
16735,این بهترین روز من بود,fa
16736,बहुत ही अच्छा प्रदर्शन!,hi
16737,यह ठीक था।,hi
16738,This is terrible...,en
16739,Ich bin enttäuscht.,de
16740,Ich bin enttäuscht.,de
16741,Das war unglaublich!,de
16742,Could be better.,en
16743,बहुत ही अच्छा प्रदर्शन!,hi
16744,Could be better.,en
16745,مقبول لكنه ليس الأفضل,ar
16746,مقبول لكنه ليس الأفضل,ar
16747,What a beautiful day!,en
16748,बहुत ही अच्छा प्रदर्शन!,hi
16749,لا يعجبني هذا,ar
16750,Could be better.,en
16751,I love this!,en
16752,मैं इससे खुश नहीं हूँ।,hi
16753,यह ठीक था।,hi
16754,Could be better.,en
16755,اليوم كان رائعًا,ar
16756,मैं इससे खुश नहीं हूँ।,hi
16757,مقبول لكنه ليس الأفضل,ar
16758,من خیلی ناراحتم,fa
16759,Ich bin enttäuscht.,de
16760,مقبول لكنه ليس الأفضل,ar
16761,यह ठीक था।,hi
16762,خوب بود اما می‌توانست بهتر باشد,fa
16763,This is terrible...,en
16764,I love this!,en
16765,خوب بود اما می‌توانست بهتر باشد,fa
16766,Worst day ever.,en
16767,Das war unglaublich!,de
16768,لا يعجبني هذا,ar
16769,This is terrible...,en
16770,I love this!,en
16771,Ich bin enttäuscht.,de
16772,What a beautiful day!,en
16773,Worst day ever.,en
16774,"Nicht schlecht, aber nicht gut.",de
16775,خوب بود اما می‌توانست بهتر باشد,fa
16776,من خیلی ناراحتم,fa
16777,बहुत ही अच्छा प्रदर्शन!,hi
16778,बहुत ही अच्छा प्रदर्शन!,hi
16779,Ich bin enttäuscht.,de
16780,I love this!,en
16781,बहुत ही अच्छा प्रदर्शन!,hi
16782,"Nicht schlecht, aber nicht gut.",de
16783,I am so tired of this nonsense.,en
16784,Could be better.,en
16785,این بهترین روز من بود,fa
16786,Absolutely fantastic experience!,en
16787,यह ठीक था।,hi
16788,Could be better.,en
16789,مقبول لكنه ليس الأفضل,ar
16790,Ich bin enttäuscht.,de
16791,من خیلی ناراحتم,fa
16792,خوب بود اما می‌توانست بهتر باشد,fa
16793,اليوم كان رائعًا,ar
16794,این بهترین روز من بود,fa
16795,Das war unglaublich!,de
16796,What a beautiful day!,en
16797,What a beautiful day!,en
16798,Absolutely fantastic experience!,en
16799,बहुत ही अच्छा प्रदर्शन!,hi
16800,"Nicht schlecht, aber nicht gut.",de
16801,این بهترین روز من بود,fa
16802,Das war unglaublich!,de
16803,यह ठीक था।,hi
16804,Worst day ever.,en
16805,I am so tired of this nonsense.,en
16806,این بهترین روز من بود,fa
16807,Worst day ever.,en
16808,لا يعجبني هذا,ar
16809,बहुत ही अच्छा प्रदर्शन!,hi
16810,مقبول لكنه ليس الأفضل,ar
16811,Absolutely fantastic experience!,en
16812,Could be better.,en
16813,Worst day ever.,en
16814,मैं इससे खुश नहीं हूँ।,hi
16815,बहुत ही अच्छा प्रदर्शन!,hi
16816,Could be better.,en
16817,यह ठीक था।,hi
16818,من خیلی ناراحتم,fa
16819,मैं इससे खुश नहीं हूँ।,hi
16820,मैं इससे खुश नहीं हूँ।,hi
16821,مقبول لكنه ليس الأفضل,ar
16822,اليوم كان رائعًا,ar
16823,Could be better.,en
16824,"Nicht schlecht, aber nicht gut.",de
16825,این بهترین روز من بود,fa
16826,बहुत ही अच्छा प्रदर्शन!,hi
16827,Worst day ever.,en
16828,مقبول لكنه ليس الأفضل,ar
16829,خوب بود اما می‌توانست بهتر باشد,fa
16830,Absolutely fantastic experience!,en
16831,Could be better.,en
16832,मैं इससे खुश नहीं हूँ।,hi
16833,मैं इससे खुश नहीं हूँ।,hi
16834,बहुत ही अच्छा प्रदर्शन!,hi
16835,لا يعجبني هذا,ar
16836,I am so tired of this nonsense.,en
16837,Ich bin enttäuscht.,de
16838,यह ठीक था।,hi
16839,مقبول لكنه ليس الأفضل,ar
16840,خوب بود اما می‌توانست بهتر باشد,fa
16841,اليوم كان رائعًا,ar
16842,Ich bin enttäuscht.,de
16843,اليوم كان رائعًا,ar
16844,What a beautiful day!,en
16845,Absolutely fantastic experience!,en
16846,خوب بود اما می‌توانست بهتر باشد,fa
16847,Absolutely fantastic experience!,en
16848,I love this!,en
16849,बहुत ही अच्छा प्रदर्शन!,hi
16850,I am so tired of this nonsense.,en
16851,I love this!,en
16852,This is terrible...,en
16853,This is terrible...,en
16854,من خیلی ناراحتم,fa
16855,اليوم كان رائعًا,ar
16856,Worst day ever.,en
16857,Could be better.,en
16858,बहुत ही अच्छा प्रदर्शन!,hi
16859,Worst day ever.,en
16860,این بهترین روز من بود,fa
16861,این بهترین روز من بود,fa
16862,यह ठीक था।,hi
16863,I love this!,en
16864,Could be better.,en
16865,I am so tired of this nonsense.,en
16866,Could be better.,en
16867,من خیلی ناراحتم,fa
16868,خوب بود اما می‌توانست بهتر باشد,fa
16869,لا يعجبني هذا,ar
16870,Absolutely fantastic experience!,en
16871,این بهترین روز من بود,fa
16872,This is terrible...,en
16873,خوب بود اما می‌توانست بهتر باشد,fa
16874,यह ठीक था।,hi
16875,I love this!,en
16876,This is terrible...,en
16877,I love this!,en
16878,Ich bin enttäuscht.,de
16879,Ich bin enttäuscht.,de
16880,خوب بود اما می‌توانست بهتر باشد,fa
16881,Could be better.,en
16882,What a beautiful day!,en
16883,Worst day ever.,en
16884,"Nicht schlecht, aber nicht gut.",de
16885,این بهترین روز من بود,fa
16886,यह ठीक था।,hi
16887,لا يعجبني هذا,ar
16888,I am so tired of this nonsense.,en
16889,Worst day ever.,en
16890,What a beautiful day!,en
16891,اليوم كان رائعًا,ar
16892,من خیلی ناراحتم,fa
16893,Das war unglaublich!,de
16894,I am so tired of this nonsense.,en
16895,यह ठीक था।,hi
16896,मैं इससे खुश नहीं हूँ।,hi
16897,Could be better.,en
16898,I love this!,en
16899,Could be better.,en
16900,Ich bin enttäuscht.,de
16901,बहुत ही अच्छा प्रदर्शन!,hi
16902,این بهترین روز من بود,fa
16903,"Nicht schlecht, aber nicht gut.",de
16904,اليوم كان رائعًا,ar
16905,This is terrible...,en
16906,मैं इससे खुश नहीं हूँ।,hi
16907,मैं इससे खुश नहीं हूँ।,hi
16908,I am so tired of this nonsense.,en
16909,I am so tired of this nonsense.,en
16910,Worst day ever.,en
16911,यह ठीक था।,hi
16912,من خیلی ناراحتم,fa
16913,बहुत ही अच्छा प्रदर्शन!,hi
16914,من خیلی ناراحتم,fa
16915,मैं इससे खुश नहीं हूँ।,hi
16916,Absolutely fantastic experience!,en
16917,यह ठीक था।,hi
16918,I love this!,en
16919,I am so tired of this nonsense.,en
16920,من خیلی ناراحتم,fa
16921,यह ठीक था।,hi
16922,What a beautiful day!,en
16923,Could be better.,en
16924,Ich bin enttäuscht.,de
16925,बहुत ही अच्छा प्रदर्शन!,hi
16926,This is terrible...,en
16927,I love this!,en
16928,Could be better.,en
16929,I am so tired of this nonsense.,en
16930,این بهترین روز من بود,fa
16931,Das war unglaublich!,de
16932,What a beautiful day!,en
16933,Could be better.,en
16934,Worst day ever.,en
16935,من خیلی ناراحتم,fa
16936,यह ठीक था।,hi
16937,I am so tired of this nonsense.,en
16938,बहुत ही अच्छा प्रदर्शन!,hi
16939,"Nicht schlecht, aber nicht gut.",de
16940,मैं इससे खुश नहीं हूँ।,hi
16941,I love this!,en
16942,What a beautiful day!,en
16943,مقبول لكنه ليس الأفضل,ar
16944,من خیلی ناراحتم,fa
16945,اليوم كان رائعًا,ar
16946,Absolutely fantastic experience!,en
16947,Absolutely fantastic experience!,en
16948,مقبول لكنه ليس الأفضل,ar
16949,اليوم كان رائعًا,ar
16950,Ich bin enttäuscht.,de
16951,I am so tired of this nonsense.,en
16952,What a beautiful day!,en
16953,خوب بود اما می‌توانست بهتر باشد,fa
16954,"Nicht schlecht, aber nicht gut.",de
16955,این بهترین روز من بود,fa
16956,مقبول لكنه ليس الأفضل,ar
16957,مقبول لكنه ليس الأفضل,ar
16958,Worst day ever.,en
16959,What a beautiful day!,en
16960,خوب بود اما می‌توانست بهتر باشد,fa
16961,اليوم كان رائعًا,ar
16962,مقبول لكنه ليس الأفضل,ar
16963,من خیلی ناراحتم,fa
16964,I love this!,en
16965,Das war unglaublich!,de
16966,لا يعجبني هذا,ar
16967,Ich bin enttäuscht.,de
16968,यह ठीक था।,hi
16969,I love this!,en
16970,خوب بود اما می‌توانست بهتر باشد,fa
16971,Ich bin enttäuscht.,de
16972,This is terrible...,en
16973,من خیلی ناراحتم,fa
16974,मैं इससे खुश नहीं हूँ।,hi
16975,من خیلی ناراحتم,fa
16976,I am so tired of this nonsense.,en
16977,Could be better.,en
16978,Das war unglaublich!,de
16979,This is terrible...,en
16980,Ich bin enttäuscht.,de
16981,اليوم كان رائعًا,ar
16982,من خیلی ناراحتم,fa
16983,This is terrible...,en
16984,من خیلی ناراحتم,fa
16985,"Nicht schlecht, aber nicht gut.",de
16986,यह ठीक था।,hi
16987,I love this!,en
16988,I am so tired of this nonsense.,en
16989,What a beautiful day!,en
16990,बहुत ही अच्छा प्रदर्शन!,hi
16991,Das war unglaublich!,de
16992,I am so tired of this nonsense.,en
16993,Worst day ever.,en
16994,I am so tired of this nonsense.,en
16995,مقبول لكنه ليس الأفضل,ar
16996,Das war unglaublich!,de
16997,خوب بود اما می‌توانست بهتر باشد,fa
16998,Das war unglaublich!,de
16999,من خیلی ناراحتم,fa
17000,I love this!,en
17001,Worst day ever.,en
17002,Worst day ever.,en
17003,Absolutely fantastic experience!,en
17004,لا يعجبني هذا,ar
17005,I am so tired of this nonsense.,en
17006,Worst day ever.,en
17007,مقبول لكنه ليس الأفضل,ar
17008,اليوم كان رائعًا,ar
17009,خوب بود اما می‌توانست بهتر باشد,fa
17010,لا يعجبني هذا,ar
17011,من خیلی ناراحتم,fa
17012,यह ठीक था।,hi
17013,I am so tired of this nonsense.,en
17014,Ich bin enttäuscht.,de
17015,I love this!,en
17016,I am so tired of this nonsense.,en
17017,I am so tired of this nonsense.,en
17018,من خیلی ناراحتم,fa
17019,لا يعجبني هذا,ar
17020,बहुत ही अच्छा प्रदर्शन!,hi
17021,यह ठीक था।,hi
17022,این بهترین روز من بود,fa
17023,لا يعجبني هذا,ar
17024,Ich bin enttäuscht.,de
17025,This is terrible...,en
17026,Ich bin enttäuscht.,de
17027,Could be better.,en
17028,यह ठीक था।,hi
17029,I love this!,en
17030,Ich bin enttäuscht.,de
17031,Worst day ever.,en
17032,این بهترین روز من بود,fa
17033,Absolutely fantastic experience!,en
17034,यह ठीक था।,hi
17035,Worst day ever.,en
17036,خوب بود اما می‌توانست بهتر باشد,fa
17037,این بهترین روز من بود,fa
17038,Das war unglaublich!,de
17039,I love this!,en
17040,यह ठीक था।,hi
17041,Das war unglaublich!,de
17042,Das war unglaublich!,de
17043,مقبول لكنه ليس الأفضل,ar
17044,I am so tired of this nonsense.,en
17045,I am so tired of this nonsense.,en
17046,Worst day ever.,en
17047,این بهترین روز من بود,fa
17048,Could be better.,en
17049,यह ठीक था।,hi
17050,اليوم كان رائعًا,ar
17051,What a beautiful day!,en
17052,اليوم كان رائعًا,ar
17053,I love this!,en
17054,I love this!,en
17055,Absolutely fantastic experience!,en
17056,خوب بود اما می‌توانست بهتر باشد,fa
17057,What a beautiful day!,en
17058,बहुत ही अच्छा प्रदर्शन!,hi
17059,Absolutely fantastic experience!,en
17060,Das war unglaublich!,de
17061,Could be better.,en
17062,Das war unglaublich!,de
17063,مقبول لكنه ليس الأفضل,ar
17064,I love this!,en
17065,Worst day ever.,en
17066,خوب بود اما می‌توانست بهتر باشد,fa
17067,اليوم كان رائعًا,ar
17068,لا يعجبني هذا,ar
17069,خوب بود اما می‌توانست بهتر باشد,fa
17070,من خیلی ناراحتم,fa
17071,मैं इससे खुश नहीं हूँ।,hi
17072,اليوم كان رائعًا,ar
17073,What a beautiful day!,en
17074,این بهترین روز من بود,fa
17075,Ich bin enttäuscht.,de
17076,Das war unglaublich!,de
17077,این بهترین روز من بود,fa
17078,لا يعجبني هذا,ar
17079,Ich bin enttäuscht.,de
17080,यह ठीक था।,hi
17081,मैं इससे खुश नहीं हूँ।,hi
17082,बहुत ही अच्छा प्रदर्शन!,hi
17083,This is terrible...,en
17084,Absolutely fantastic experience!,en
17085,Ich bin enttäuscht.,de
17086,I am so tired of this nonsense.,en
17087,Worst day ever.,en
17088,Absolutely fantastic experience!,en
17089,What a beautiful day!,en
17090,यह ठीक था।,hi
17091,خوب بود اما می‌توانست بهتر باشد,fa
17092,I love this!,en
17093,Ich bin enttäuscht.,de
17094,این بهترین روز من بود,fa
17095,बहुत ही अच्छा प्रदर्शन!,hi
17096,من خیلی ناراحتم,fa
17097,خوب بود اما می‌توانست بهتر باشد,fa
17098,I am so tired of this nonsense.,en
17099,I love this!,en
17100,خوب بود اما می‌توانست بهتر باشد,fa
17101,This is terrible...,en
17102,"Nicht schlecht, aber nicht gut.",de
17103,من خیلی ناراحتم,fa
17104,I love this!,en
17105,این بهترین روز من بود,fa
17106,मैं इससे खुश नहीं हूँ।,hi
17107,خوب بود اما می‌توانست بهتر باشد,fa
17108,مقبول لكنه ليس الأفضل,ar
17109,This is terrible...,en
17110,"Nicht schlecht, aber nicht gut.",de
17111,لا يعجبني هذا,ar
17112,"Nicht schlecht, aber nicht gut.",de
17113,اليوم كان رائعًا,ar
17114,من خیلی ناراحتم,fa
17115,Das war unglaublich!,de
17116,This is terrible...,en
17117,مقبول لكنه ليس الأفضل,ar
17118,"Nicht schlecht, aber nicht gut.",de
17119,Worst day ever.,en
17120,This is terrible...,en
17121,I am so tired of this nonsense.,en
17122,خوب بود اما می‌توانست بهتر باشد,fa
17123,What a beautiful day!,en
17124,Worst day ever.,en
17125,خوب بود اما می‌توانست بهتر باشد,fa
17126,من خیلی ناراحتم,fa
17127,Ich bin enttäuscht.,de
17128,اليوم كان رائعًا,ar
17129,Das war unglaublich!,de
17130,لا يعجبني هذا,ar
17131,این بهترین روز من بود,fa
17132,I am so tired of this nonsense.,en
17133,خوب بود اما می‌توانست بهتر باشد,fa
17134,Das war unglaublich!,de
17135,This is terrible...,en
17136,Absolutely fantastic experience!,en
17137,این بهترین روز من بود,fa
17138,این بهترین روز من بود,fa
17139,I love this!,en
17140,Ich bin enttäuscht.,de
17141,यह ठीक था।,hi
17142,I love this!,en
17143,I am so tired of this nonsense.,en
17144,Worst day ever.,en
17145,این بهترین روز من بود,fa
17146,این بهترین روز من بود,fa
17147,What a beautiful day!,en
17148,Absolutely fantastic experience!,en
17149,لا يعجبني هذا,ar
17150,Ich bin enttäuscht.,de
17151,I love this!,en
17152,اليوم كان رائعًا,ar
17153,This is terrible...,en
17154,I love this!,en
17155,خوب بود اما می‌توانست بهتر باشد,fa
17156,Could be better.,en
17157,बहुत ही अच्छा प्रदर्शन!,hi
17158,Das war unglaublich!,de
17159,لا يعجبني هذا,ar
17160,اليوم كان رائعًا,ar
17161,خوب بود اما می‌توانست بهتر باشد,fa
17162,बहुत ही अच्छा प्रदर्शन!,hi
17163,Das war unglaublich!,de
17164,I am so tired of this nonsense.,en
17165,Worst day ever.,en
17166,"Nicht schlecht, aber nicht gut.",de
17167,Ich bin enttäuscht.,de
17168,यह ठीक था।,hi
17169,مقبول لكنه ليس الأفضل,ar
17170,I am so tired of this nonsense.,en
17171,I love this!,en
17172,यह ठीक था।,hi
17173,What a beautiful day!,en
17174,यह ठीक था।,hi
17175,I love this!,en
17176,I am so tired of this nonsense.,en
17177,این بهترین روز من بود,fa
17178,Absolutely fantastic experience!,en
17179,خوب بود اما می‌توانست بهتر باشد,fa
17180,What a beautiful day!,en
17181,Worst day ever.,en
17182,Could be better.,en
17183,Could be better.,en
17184,What a beautiful day!,en
17185,اليوم كان رائعًا,ar
17186,This is terrible...,en
17187,यह ठीक था।,hi
17188,What a beautiful day!,en
17189,مقبول لكنه ليس الأفضل,ar
17190,I love this!,en
17191,This is terrible...,en
17192,I am so tired of this nonsense.,en
17193,Worst day ever.,en
17194,Worst day ever.,en
17195,مقبول لكنه ليس الأفضل,ar
17196,What a beautiful day!,en
17197,Das war unglaublich!,de
17198,لا يعجبني هذا,ar
17199,Absolutely fantastic experience!,en
17200,Ich bin enttäuscht.,de
17201,مقبول لكنه ليس الأفضل,ar
17202,Could be better.,en
17203,Das war unglaublich!,de
17204,बहुत ही अच्छा प्रदर्शन!,hi
17205,I am so tired of this nonsense.,en
17206,لا يعجبني هذا,ar
17207,मैं इससे खुश नहीं हूँ।,hi
17208,مقبول لكنه ليس الأفضل,ar
17209,"Nicht schlecht, aber nicht gut.",de
17210,This is terrible...,en
17211,मैं इससे खुश नहीं हूँ।,hi
17212,बहुत ही अच्छा प्रदर्शन!,hi
17213,مقبول لكنه ليس الأفضل,ar
17214,لا يعجبني هذا,ar
17215,I love this!,en
17216,مقبول لكنه ليس الأفضل,ar
17217,لا يعجبني هذا,ar
17218,I am so tired of this nonsense.,en
17219,Absolutely fantastic experience!,en
17220,Absolutely fantastic experience!,en
17221,This is terrible...,en
17222,Das war unglaublich!,de
17223,Ich bin enttäuscht.,de
17224,This is terrible...,en
17225,I love this!,en
17226,من خیلی ناراحتم,fa
17227,من خیلی ناراحتم,fa
17228,خوب بود اما می‌توانست بهتر باشد,fa
17229,Ich bin enttäuscht.,de
17230,Ich bin enttäuscht.,de
17231,من خیلی ناراحتم,fa
17232,"Nicht schlecht, aber nicht gut.",de
17233,خوب بود اما می‌توانست بهتر باشد,fa
17234,Worst day ever.,en
17235,बहुत ही अच्छा प्रदर्शन!,hi
17236,لا يعجبني هذا,ar
17237,Das war unglaublich!,de
17238,Ich bin enttäuscht.,de
17239,यह ठीक था।,hi
17240,I love this!,en
17241,من خیلی ناراحتم,fa
17242,"Nicht schlecht, aber nicht gut.",de
17243,خوب بود اما می‌توانست بهتر باشد,fa
17244,बहुत ही अच्छा प्रदर्शन!,hi
17245,Worst day ever.,en
17246,What a beautiful day!,en
17247,Absolutely fantastic experience!,en
17248,لا يعجبني هذا,ar
17249,Absolutely fantastic experience!,en
17250,خوب بود اما می‌توانست بهتر باشد,fa
17251,خوب بود اما می‌توانست بهتر باشد,fa
17252,Could be better.,en
17253,What a beautiful day!,en
17254,مقبول لكنه ليس الأفضل,ar
17255,मैं इससे खुश नहीं हूँ।,hi
17256,यह ठीक था।,hi
17257,"Nicht schlecht, aber nicht gut.",de
17258,What a beautiful day!,en
17259,This is terrible...,en
17260,Could be better.,en
17261,من خیلی ناراحتم,fa
17262,I love this!,en
17263,मैं इससे खुश नहीं हूँ।,hi
17264,Absolutely fantastic experience!,en
17265,Could be better.,en
17266,لا يعجبني هذا,ar
17267,Ich bin enttäuscht.,de
17268,مقبول لكنه ليس الأفضل,ar
17269,Worst day ever.,en
17270,This is terrible...,en
17271,این بهترین روز من بود,fa
17272,यह ठीक था।,hi
17273,Das war unglaublich!,de
17274,Absolutely fantastic experience!,en
17275,اليوم كان رائعًا,ar
17276,Could be better.,en
17277,خوب بود اما می‌توانست بهتر باشد,fa
17278,مقبول لكنه ليس الأفضل,ar
17279,बहुत ही अच्छा प्रदर्शन!,hi
17280,Absolutely fantastic experience!,en
17281,मैं इससे खुश नहीं हूँ।,hi
17282,मैं इससे खुश नहीं हूँ।,hi
17283,"Nicht schlecht, aber nicht gut.",de
17284,What a beautiful day!,en
17285,مقبول لكنه ليس الأفضل,ar
17286,لا يعجبني هذا,ar
17287,Absolutely fantastic experience!,en
17288,Ich bin enttäuscht.,de
17289,What a beautiful day!,en
17290,बहुत ही अच्छा प्रदर्शन!,hi
17291,मैं इससे खुश नहीं हूँ।,hi
17292,من خیلی ناراحتم,fa
17293,Das war unglaublich!,de
17294,Could be better.,en
17295,Could be better.,en
17296,I love this!,en
17297,Could be better.,en
17298,Worst day ever.,en
17299,من خیلی ناراحتم,fa
17300,What a beautiful day!,en
17301,मैं इससे खुश नहीं हूँ।,hi
17302,Absolutely fantastic experience!,en
17303,बहुत ही अच्छा प्रदर्शन!,hi
17304,Absolutely fantastic experience!,en
17305,I love this!,en
17306,Worst day ever.,en
17307,مقبول لكنه ليس الأفضل,ar
17308,این بهترین روز من بود,fa
17309,I am so tired of this nonsense.,en
17310,मैं इससे खुश नहीं हूँ।,hi
17311,This is terrible...,en
17312,What a beautiful day!,en
17313,Worst day ever.,en
17314,Could be better.,en
17315,I am so tired of this nonsense.,en
17316,Absolutely fantastic experience!,en
17317,این بهترین روز من بود,fa
17318,مقبول لكنه ليس الأفضل,ar
17319,لا يعجبني هذا,ar
17320,Could be better.,en
17321,मैं इससे खुश नहीं हूँ।,hi
17322,मैं इससे खुश नहीं हूँ।,hi
17323,Das war unglaublich!,de
17324,I am so tired of this nonsense.,en
17325,I love this!,en
17326,من خیلی ناراحتم,fa
17327,Absolutely fantastic experience!,en
17328,من خیلی ناراحتم,fa
17329,What a beautiful day!,en
17330,Ich bin enttäuscht.,de
17331,I love this!,en
17332,Could be better.,en
17333,बहुत ही अच्छा प्रदर्शन!,hi
17334,This is terrible...,en
17335,این بهترین روز من بود,fa
17336,خوب بود اما می‌توانست بهتر باشد,fa
17337,What a beautiful day!,en
17338,What a beautiful day!,en
17339,Ich bin enttäuscht.,de
17340,مقبول لكنه ليس الأفضل,ar
17341,Ich bin enttäuscht.,de
17342,This is terrible...,en
17343,اليوم كان رائعًا,ar
17344,من خیلی ناراحتم,fa
17345,This is terrible...,en
17346,لا يعجبني هذا,ar
17347,خوب بود اما می‌توانست بهتر باشد,fa
17348,Absolutely fantastic experience!,en
17349,Worst day ever.,en
17350,यह ठीक था।,hi
17351,यह ठीक था।,hi
17352,Das war unglaublich!,de
17353,من خیلی ناراحتم,fa
17354,Could be better.,en
17355,اليوم كان رائعًا,ar
17356,خوب بود اما می‌توانست بهتر باشد,fa
17357,"Nicht schlecht, aber nicht gut.",de
17358,مقبول لكنه ليس الأفضل,ar
17359,Could be better.,en
17360,Worst day ever.,en
17361,"Nicht schlecht, aber nicht gut.",de
17362,What a beautiful day!,en
17363,اليوم كان رائعًا,ar
17364,I love this!,en
17365,Absolutely fantastic experience!,en
17366,"Nicht schlecht, aber nicht gut.",de
17367,मैं इससे खुश नहीं हूँ।,hi
17368,من خیلی ناراحتم,fa
17369,यह ठीक था।,hi
17370,Absolutely fantastic experience!,en
17371,I am so tired of this nonsense.,en
17372,Das war unglaublich!,de
17373,मैं इससे खुश नहीं हूँ।,hi
17374,मैं इससे खुश नहीं हूँ।,hi
17375,Das war unglaublich!,de
17376,اليوم كان رائعًا,ar
17377,اليوم كان رائعًا,ar
17378,"Nicht schlecht, aber nicht gut.",de
17379,Absolutely fantastic experience!,en
17380,Could be better.,en
17381,Worst day ever.,en
17382,Ich bin enttäuscht.,de
17383,यह ठीक था।,hi
17384,Worst day ever.,en
17385,यह ठीक था।,hi
17386,لا يعجبني هذا,ar
17387,Could be better.,en
17388,لا يعجبني هذا,ar
17389,यह ठीक था।,hi
17390,यह ठीक था।,hi
17391,यह ठीक था।,hi
17392,I love this!,en
17393,Could be better.,en
17394,این بهترین روز من بود,fa
17395,Ich bin enttäuscht.,de
17396,Das war unglaublich!,de
17397,خوب بود اما می‌توانست بهتر باشد,fa
17398,اليوم كان رائعًا,ar
17399,Absolutely fantastic experience!,en
17400,Ich bin enttäuscht.,de
17401,Worst day ever.,en
17402,बहुत ही अच्छा प्रदर्शन!,hi
17403,Das war unglaublich!,de
17404,I am so tired of this nonsense.,en
17405,यह ठीक था।,hi
17406,مقبول لكنه ليس الأفضل,ar
17407,यह ठीक था।,hi
17408,اليوم كان رائعًا,ar
17409,"Nicht schlecht, aber nicht gut.",de
17410,यह ठीक था।,hi
17411,این بهترین روز من بود,fa
17412,Could be better.,en
17413,Absolutely fantastic experience!,en
17414,What a beautiful day!,en
17415,I am so tired of this nonsense.,en
17416,I love this!,en
17417,مقبول لكنه ليس الأفضل,ar
17418,यह ठीक था।,hi
17419,This is terrible...,en
17420,خوب بود اما می‌توانست بهتر باشد,fa
17421,यह ठीक था।,hi
17422,Worst day ever.,en
17423,من خیلی ناراحتم,fa
17424,यह ठीक था।,hi
17425,Absolutely fantastic experience!,en
17426,این بهترین روز من بود,fa
17427,Worst day ever.,en
17428,مقبول لكنه ليس الأفضل,ar
17429,This is terrible...,en
17430,I love this!,en
17431,Absolutely fantastic experience!,en
17432,این بهترین روز من بود,fa
17433,خوب بود اما می‌توانست بهتر باشد,fa
17434,Das war unglaublich!,de
17435,من خیلی ناراحتم,fa
17436,What a beautiful day!,en
17437,बहुत ही अच्छा प्रदर्शन!,hi
17438,बहुत ही अच्छा प्रदर्शन!,hi
17439,من خیلی ناراحتم,fa
17440,मैं इससे खुश नहीं हूँ।,hi
17441,बहुत ही अच्छा प्रदर्शन!,hi
17442,اليوم كان رائعًا,ar
17443,"Nicht schlecht, aber nicht gut.",de
17444,این بهترین روز من بود,fa
17445,This is terrible...,en
17446,What a beautiful day!,en
17447,اليوم كان رائعًا,ar
17448,I am so tired of this nonsense.,en
17449,اليوم كان رائعًا,ar
17450,اليوم كان رائعًا,ar
17451,मैं इससे खुश नहीं हूँ।,hi
17452,مقبول لكنه ليس الأفضل,ar
17453,اليوم كان رائعًا,ar
17454,मैं इससे खुश नहीं हूँ।,hi
17455,خوب بود اما می‌توانست بهتر باشد,fa
17456,बहुत ही अच्छा प्रदर्शन!,hi
17457,मैं इससे खुश नहीं हूँ।,hi
17458,خوب بود اما می‌توانست بهتر باشد,fa
17459,Could be better.,en
17460,"Nicht schlecht, aber nicht gut.",de
17461,Worst day ever.,en
17462,Das war unglaublich!,de
17463,This is terrible...,en
17464,"Nicht schlecht, aber nicht gut.",de
17465,اليوم كان رائعًا,ar
17466,Das war unglaublich!,de
17467,मैं इससे खुश नहीं हूँ।,hi
17468,Ich bin enttäuscht.,de
17469,Worst day ever.,en
17470,What a beautiful day!,en
17471,خوب بود اما می‌توانست بهتر باشد,fa
17472,مقبول لكنه ليس الأفضل,ar
17473,این بهترین روز من بود,fa
17474,لا يعجبني هذا,ar
17475,यह ठीक था।,hi
17476,اليوم كان رائعًا,ar
17477,اليوم كان رائعًا,ar
17478,Ich bin enttäuscht.,de
17479,Absolutely fantastic experience!,en
17480,"Nicht schlecht, aber nicht gut.",de
17481,"Nicht schlecht, aber nicht gut.",de
17482,I love this!,en
17483,I am so tired of this nonsense.,en
17484,Ich bin enttäuscht.,de
17485,لا يعجبني هذا,ar
17486,من خیلی ناراحتم,fa
17487,"Nicht schlecht, aber nicht gut.",de
17488,This is terrible...,en
17489,من خیلی ناراحتم,fa
17490,Das war unglaublich!,de
17491,Could be better.,en
17492,Das war unglaublich!,de
17493,این بهترین روز من بود,fa
17494,لا يعجبني هذا,ar
17495,यह ठीक था।,hi
17496,مقبول لكنه ليس الأفضل,ar
17497,यह ठीक था।,hi
17498,Worst day ever.,en
17499,यह ठीक था।,hi
17500,Das war unglaublich!,de
17501,من خیلی ناراحتم,fa
17502,This is terrible...,en
17503,Absolutely fantastic experience!,en
17504,Could be better.,en
17505,لا يعجبني هذا,ar
17506,Ich bin enttäuscht.,de
17507,Could be better.,en
17508,"Nicht schlecht, aber nicht gut.",de
17509,बहुत ही अच्छा प्रदर्शन!,hi
17510,Ich bin enttäuscht.,de
17511,من خیلی ناراحتم,fa
17512,لا يعجبني هذا,ar
17513,این بهترین روز من بود,fa
17514,बहुत ही अच्छा प्रदर्शन!,hi
17515,What a beautiful day!,en
17516,I am so tired of this nonsense.,en
17517,What a beautiful day!,en
17518,مقبول لكنه ليس الأفضل,ar
17519,This is terrible...,en
17520,اليوم كان رائعًا,ar
17521,اليوم كان رائعًا,ar
17522,What a beautiful day!,en
17523,यह ठीक था।,hi
17524,This is terrible...,en
17525,Das war unglaublich!,de
17526,This is terrible...,en
17527,اليوم كان رائعًا,ar
17528,"Nicht schlecht, aber nicht gut.",de
17529,خوب بود اما می‌توانست بهتر باشد,fa
17530,This is terrible...,en
17531,बहुत ही अच्छा प्रदर्शन!,hi
17532,Could be better.,en
17533,من خیلی ناراحتم,fa
17534,This is terrible...,en
17535,I am so tired of this nonsense.,en
17536,बहुत ही अच्छा प्रदर्शन!,hi
17537,I am so tired of this nonsense.,en
17538,اليوم كان رائعًا,ar
17539,मैं इससे खुश नहीं हूँ।,hi
17540,बहुत ही अच्छा प्रदर्शन!,hi
17541,مقبول لكنه ليس الأفضل,ar
17542,मैं इससे खुश नहीं हूँ।,hi
17543,Worst day ever.,en
17544,اليوم كان رائعًا,ar
17545,Absolutely fantastic experience!,en
17546,من خیلی ناراحتم,fa
17547,این بهترین روز من بود,fa
17548,اليوم كان رائعًا,ar
17549,मैं इससे खुश नहीं हूँ।,hi
17550,اليوم كان رائعًا,ar
17551,Ich bin enttäuscht.,de
17552,این بهترین روز من بود,fa
17553,"Nicht schlecht, aber nicht gut.",de
17554,لا يعجبني هذا,ar
17555,बहुत ही अच्छा प्रदर्शन!,hi
17556,This is terrible...,en
17557,من خیلی ناراحتم,fa
17558,اليوم كان رائعًا,ar
17559,خوب بود اما می‌توانست بهتر باشد,fa
17560,मैं इससे खुश नहीं हूँ।,hi
17561,من خیلی ناراحتم,fa
17562,I love this!,en
17563,خوب بود اما می‌توانست بهتر باشد,fa
17564,Absolutely fantastic experience!,en
17565,What a beautiful day!,en
17566,"Nicht schlecht, aber nicht gut.",de
17567,لا يعجبني هذا,ar
17568,خوب بود اما می‌توانست بهتر باشد,fa
17569,बहुत ही अच्छा प्रदर्शन!,hi
17570,This is terrible...,en
17571,من خیلی ناراحتم,fa
17572,"Nicht schlecht, aber nicht gut.",de
17573,Das war unglaublich!,de
17574,اليوم كان رائعًا,ar
17575,Absolutely fantastic experience!,en
17576,Ich bin enttäuscht.,de
17577,خوب بود اما می‌توانست بهتر باشد,fa
17578,Das war unglaublich!,de
17579,यह ठीक था।,hi
17580,I am so tired of this nonsense.,en
17581,Das war unglaublich!,de
17582,Das war unglaublich!,de
17583,خوب بود اما می‌توانست بهتر باشد,fa
17584,این بهترین روز من بود,fa
17585,مقبول لكنه ليس الأفضل,ar
17586,Worst day ever.,en
17587,This is terrible...,en
17588,این بهترین روز من بود,fa
17589,यह ठीक था।,hi
17590,خوب بود اما می‌توانست بهتر باشد,fa
17591,Absolutely fantastic experience!,en
17592,خوب بود اما می‌توانست بهتر باشد,fa
17593,مقبول لكنه ليس الأفضل,ar
17594,This is terrible...,en
17595,Absolutely fantastic experience!,en
17596,"Nicht schlecht, aber nicht gut.",de
17597,मैं इससे खुश नहीं हूँ।,hi
17598,Could be better.,en
17599,این بهترین روز من بود,fa
17600,لا يعجبني هذا,ar
17601,این بهترین روز من بود,fa
17602,Ich bin enttäuscht.,de
17603,मैं इससे खुश नहीं हूँ।,hi
17604,Ich bin enttäuscht.,de
17605,اليوم كان رائعًا,ar
17606,لا يعجبني هذا,ar
17607,This is terrible...,en
17608,This is terrible...,en
17609,اليوم كان رائعًا,ar
17610,मैं इससे खुश नहीं हूँ।,hi
17611,Ich bin enttäuscht.,de
17612,لا يعجبني هذا,ar
17613,Absolutely fantastic experience!,en
17614,Das war unglaublich!,de
17615,बहुत ही अच्छा प्रदर्शन!,hi
17616,Could be better.,en
17617,What a beautiful day!,en
17618,لا يعجبني هذا,ar
17619,من خیلی ناراحتم,fa
17620,مقبول لكنه ليس الأفضل,ar
17621,این بهترین روز من بود,fa
17622,Absolutely fantastic experience!,en
17623,I am so tired of this nonsense.,en
17624,Worst day ever.,en
17625,What a beautiful day!,en
17626,This is terrible...,en
17627,این بهترین روز من بود,fa
17628,این بهترین روز من بود,fa
17629,यह ठीक था।,hi
17630,यह ठीक था।,hi
17631,اليوم كان رائعًا,ar
17632,خوب بود اما می‌توانست بهتر باشد,fa
17633,बहुत ही अच्छा प्रदर्शन!,hi
17634,मैं इससे खुश नहीं हूँ।,hi
17635,Absolutely fantastic experience!,en
17636,این بهترین روز من بود,fa
17637,"Nicht schlecht, aber nicht gut.",de
17638,This is terrible...,en
17639,من خیلی ناراحتم,fa
17640,Could be better.,en
17641,This is terrible...,en
17642,لا يعجبني هذا,ar
17643,خوب بود اما می‌توانست بهتر باشد,fa
17644,What a beautiful day!,en
17645,I love this!,en
17646,मैं इससे खुश नहीं हूँ।,hi
17647,خوب بود اما می‌توانست بهتر باشد,fa
17648,خوب بود اما می‌توانست بهتر باشد,fa
17649,لا يعجبني هذا,ar
17650,مقبول لكنه ليس الأفضل,ar
17651,من خیلی ناراحتم,fa
17652,لا يعجبني هذا,ar
17653,मैं इससे खुश नहीं हूँ।,hi
17654,این بهترین روز من بود,fa
17655,اليوم كان رائعًا,ar
17656,Das war unglaublich!,de
17657,اليوم كان رائعًا,ar
17658,خوب بود اما می‌توانست بهتر باشد,fa
17659,خوب بود اما می‌توانست بهتر باشد,fa
17660,"Nicht schlecht, aber nicht gut.",de
17661,Could be better.,en
17662,Das war unglaublich!,de
17663,Could be better.,en
17664,What a beautiful day!,en
17665,मैं इससे खुश नहीं हूँ।,hi
17666,This is terrible...,en
17667,اليوم كان رائعًا,ar
17668,خوب بود اما می‌توانست بهتر باشد,fa
17669,"Nicht schlecht, aber nicht gut.",de
17670,Could be better.,en
17671,خوب بود اما می‌توانست بهتر باشد,fa
17672,I love this!,en
17673,من خیلی ناراحتم,fa
17674,"Nicht schlecht, aber nicht gut.",de
17675,لا يعجبني هذا,ar
17676,Absolutely fantastic experience!,en
17677,What a beautiful day!,en
17678,اليوم كان رائعًا,ar
17679,यह ठीक था।,hi
17680,I am so tired of this nonsense.,en
17681,I love this!,en
17682,बहुत ही अच्छा प्रदर्शन!,hi
17683,यह ठीक था।,hi
17684,مقبول لكنه ليس الأفضل,ar
17685,من خیلی ناراحتم,fa
17686,اليوم كان رائعًا,ar
17687,यह ठीक था।,hi
17688,Absolutely fantastic experience!,en
17689,I love this!,en
17690,لا يعجبني هذا,ar
17691,Could be better.,en
17692,मैं इससे खुश नहीं हूँ।,hi
17693,बहुत ही अच्छा प्रदर्शन!,hi
17694,मैं इससे खुश नहीं हूँ।,hi
17695,बहुत ही अच्छा प्रदर्शन!,hi
17696,خوب بود اما می‌توانست بهتر باشد,fa
17697,This is terrible...,en
17698,این بهترین روز من بود,fa
17699,Absolutely fantastic experience!,en
17700,"Nicht schlecht, aber nicht gut.",de
17701,What a beautiful day!,en
17702,Worst day ever.,en
17703,من خیلی ناراحتم,fa
17704,This is terrible...,en
17705,This is terrible...,en
17706,मैं इससे खुश नहीं हूँ।,hi
17707,Worst day ever.,en
17708,خوب بود اما می‌توانست بهتر باشد,fa
17709,I love this!,en
17710,Ich bin enttäuscht.,de
17711,Das war unglaublich!,de
17712,मैं इससे खुश नहीं हूँ।,hi
17713,خوب بود اما می‌توانست بهتر باشد,fa
17714,Ich bin enttäuscht.,de
17715,"Nicht schlecht, aber nicht gut.",de
17716,"Nicht schlecht, aber nicht gut.",de
17717,Could be better.,en
17718,I love this!,en
17719,मैं इससे खुश नहीं हूँ।,hi
17720,این بهترین روز من بود,fa
17721,I love this!,en
17722,اليوم كان رائعًا,ar
17723,اليوم كان رائعًا,ar
17724,This is terrible...,en
17725,Could be better.,en
17726,من خیلی ناراحتم,fa
17727,خوب بود اما می‌توانست بهتر باشد,fa
17728,Ich bin enttäuscht.,de
17729,من خیلی ناراحتم,fa
17730,لا يعجبني هذا,ar
17731,What a beautiful day!,en
17732,This is terrible...,en
17733,Ich bin enttäuscht.,de
17734,Ich bin enttäuscht.,de
17735,Worst day ever.,en
17736,مقبول لكنه ليس الأفضل,ar
17737,बहुत ही अच्छा प्रदर्शन!,hi
17738,مقبول لكنه ليس الأفضل,ar
17739,Could be better.,en
17740,اليوم كان رائعًا,ar
17741,لا يعجبني هذا,ar
17742,این بهترین روز من بود,fa
17743,मैं इससे खुश नहीं हूँ।,hi
17744,यह ठीक था।,hi
17745,اليوم كان رائعًا,ar
17746,बहुत ही अच्छा प्रदर्शन!,hi
17747,मैं इससे खुश नहीं हूँ।,hi
17748,مقبول لكنه ليس الأفضل,ar
17749,مقبول لكنه ليس الأفضل,ar
17750,این بهترین روز من بود,fa
17751,Das war unglaublich!,de
17752,Ich bin enttäuscht.,de
17753,اليوم كان رائعًا,ar
17754,اليوم كان رائعًا,ar
17755,Could be better.,en
17756,Das war unglaublich!,de
17757,"Nicht schlecht, aber nicht gut.",de
17758,لا يعجبني هذا,ar
17759,این بهترین روز من بود,fa
17760,What a beautiful day!,en
17761,I am so tired of this nonsense.,en
17762,خوب بود اما می‌توانست بهتر باشد,fa
17763,Worst day ever.,en
17764,Could be better.,en
17765,यह ठीक था।,hi
17766,I am so tired of this nonsense.,en
17767,من خیلی ناراحتم,fa
17768,خوب بود اما می‌توانست بهتر باشد,fa
17769,Could be better.,en
17770,Das war unglaublich!,de
17771,Absolutely fantastic experience!,en
17772,مقبول لكنه ليس الأفضل,ar
17773,यह ठीक था।,hi
17774,لا يعجبني هذا,ar
17775,Das war unglaublich!,de
17776,لا يعجبني هذا,ar
17777,Absolutely fantastic experience!,en
17778,لا يعجبني هذا,ar
17779,این بهترین روز من بود,fa
17780,Absolutely fantastic experience!,en
17781,This is terrible...,en
17782,"Nicht schlecht, aber nicht gut.",de
17783,Worst day ever.,en
17784,Worst day ever.,en
17785,این بهترین روز من بود,fa
17786,Das war unglaublich!,de
17787,Worst day ever.,en
17788,"Nicht schlecht, aber nicht gut.",de
17789,I am so tired of this nonsense.,en
17790,لا يعجبني هذا,ar
17791,I am so tired of this nonsense.,en
17792,من خیلی ناراحتم,fa
17793,Worst day ever.,en
17794,Ich bin enttäuscht.,de
17795,من خیلی ناراحتم,fa
17796,"Nicht schlecht, aber nicht gut.",de
17797,خوب بود اما می‌توانست بهتر باشد,fa
17798,مقبول لكنه ليس الأفضل,ar
17799,What a beautiful day!,en
17800,मैं इससे खुश नहीं हूँ।,hi
17801,اليوم كان رائعًا,ar
17802,Absolutely fantastic experience!,en
17803,Das war unglaublich!,de
17804,बहुत ही अच्छा प्रदर्शन!,hi
17805,I love this!,en
17806,من خیلی ناراحتم,fa
17807,اليوم كان رائعًا,ar
17808,اليوم كان رائعًا,ar
17809,बहुत ही अच्छा प्रदर्शन!,hi
17810,مقبول لكنه ليس الأفضل,ar
17811,I am so tired of this nonsense.,en
17812,مقبول لكنه ليس الأفضل,ar
17813,اليوم كان رائعًا,ar
17814,لا يعجبني هذا,ar
17815,Worst day ever.,en
17816,This is terrible...,en
17817,यह ठीक था।,hi
17818,مقبول لكنه ليس الأفضل,ar
17819,This is terrible...,en
17820,این بهترین روز من بود,fa
17821,मैं इससे खुश नहीं हूँ।,hi
17822,मैं इससे खुश नहीं हूँ।,hi
17823,Ich bin enttäuscht.,de
17824,I am so tired of this nonsense.,en
17825,I am so tired of this nonsense.,en
17826,I love this!,en
17827,यह ठीक था।,hi
17828,اليوم كان رائعًا,ar
17829,Absolutely fantastic experience!,en
17830,مقبول لكنه ليس الأفضل,ar
17831,This is terrible...,en
17832,This is terrible...,en
17833,I am so tired of this nonsense.,en
17834,مقبول لكنه ليس الأفضل,ar
17835,मैं इससे खुश नहीं हूँ।,hi
17836,Absolutely fantastic experience!,en
17837,لا يعجبني هذا,ar
17838,What a beautiful day!,en
17839,من خیلی ناراحتم,fa
17840,Ich bin enttäuscht.,de
17841,Worst day ever.,en
17842,من خیلی ناراحتم,fa
17843,اليوم كان رائعًا,ar
17844,خوب بود اما می‌توانست بهتر باشد,fa
17845,This is terrible...,en
17846,Could be better.,en
17847,बहुत ही अच्छा प्रदर्शन!,hi
17848,Could be better.,en
17849,Absolutely fantastic experience!,en
17850,I love this!,en
17851,I am so tired of this nonsense.,en
17852,मैं इससे खुश नहीं हूँ।,hi
17853,Das war unglaublich!,de
17854,"Nicht schlecht, aber nicht gut.",de
17855,Absolutely fantastic experience!,en
17856,This is terrible...,en
17857,मैं इससे खुश नहीं हूँ।,hi
17858,बहुत ही अच्छा प्रदर्शन!,hi
17859,Das war unglaublich!,de
17860,Das war unglaublich!,de
17861,मैं इससे खुश नहीं हूँ।,hi
17862,बहुत ही अच्छा प्रदर्शन!,hi
17863,من خیلی ناراحتم,fa
17864,Absolutely fantastic experience!,en
17865,خوب بود اما می‌توانست بهتر باشد,fa
17866,لا يعجبني هذا,ar
17867,Absolutely fantastic experience!,en
17868,من خیلی ناراحتم,fa
17869,मैं इससे खुश नहीं हूँ।,hi
17870,What a beautiful day!,en
17871,This is terrible...,en
17872,Ich bin enttäuscht.,de
17873,Das war unglaublich!,de
17874,I love this!,en
17875,مقبول لكنه ليس الأفضل,ar
17876,Worst day ever.,en
17877,बहुत ही अच्छा प्रदर्शन!,hi
17878,I am so tired of this nonsense.,en
17879,What a beautiful day!,en
17880,Could be better.,en
17881,"Nicht schlecht, aber nicht gut.",de
17882,Das war unglaublich!,de
17883,This is terrible...,en
17884,مقبول لكنه ليس الأفضل,ar
17885,मैं इससे खुश नहीं हूँ।,hi
17886,خوب بود اما می‌توانست بهتر باشد,fa
17887,"Nicht schlecht, aber nicht gut.",de
17888,مقبول لكنه ليس الأفضل,ar
17889,यह ठीक था।,hi
17890,बहुत ही अच्छा प्रदर्शन!,hi
17891,मैं इससे खुश नहीं हूँ।,hi
17892,لا يعجبني هذا,ar
17893,من خیلی ناراحتم,fa
17894,اليوم كان رائعًا,ar
17895,बहुत ही अच्छा प्रदर्शन!,hi
17896,I am so tired of this nonsense.,en
17897,बहुत ही अच्छा प्रदर्शन!,hi
17898,बहुत ही अच्छा प्रदर्शन!,hi
17899,यह ठीक था।,hi
17900,این بهترین روز من بود,fa
17901,I love this!,en
17902,I am so tired of this nonsense.,en
17903,اليوم كان رائعًا,ar
17904,What a beautiful day!,en
17905,Das war unglaublich!,de
17906,What a beautiful day!,en
17907,Could be better.,en
17908,What a beautiful day!,en
17909,خوب بود اما می‌توانست بهتر باشد,fa
17910,خوب بود اما می‌توانست بهتر باشد,fa
17911,I am so tired of this nonsense.,en
17912,لا يعجبني هذا,ar
17913,لا يعجبني هذا,ar
17914,बहुत ही अच्छा प्रदर्शन!,hi
17915,این بهترین روز من بود,fa
17916,Absolutely fantastic experience!,en
17917,من خیلی ناراحتم,fa
17918,"Nicht schlecht, aber nicht gut.",de
17919,لا يعجبني هذا,ar
17920,Absolutely fantastic experience!,en
17921,Worst day ever.,en
17922,لا يعجبني هذا,ar
17923,Worst day ever.,en
17924,این بهترین روز من بود,fa
17925,बहुत ही अच्छा प्रदर्शन!,hi
17926,لا يعجبني هذا,ar
17927,اليوم كان رائعًا,ar
17928,Worst day ever.,en
17929,यह ठीक था।,hi
17930,خوب بود اما می‌توانست بهتر باشد,fa
17931,"Nicht schlecht, aber nicht gut.",de
17932,Worst day ever.,en
17933,Absolutely fantastic experience!,en
17934,این بهترین روز من بود,fa
17935,I am so tired of this nonsense.,en
17936,"Nicht schlecht, aber nicht gut.",de
17937,Could be better.,en
17938,I love this!,en
17939,اليوم كان رائعًا,ar
17940,Worst day ever.,en
17941,Absolutely fantastic experience!,en
17942,Das war unglaublich!,de
17943,"Nicht schlecht, aber nicht gut.",de
17944,اليوم كان رائعًا,ar
17945,این بهترین روز من بود,fa
17946,لا يعجبني هذا,ar
17947,این بهترین روز من بود,fa
17948,Das war unglaublich!,de
17949,This is terrible...,en
17950,من خیلی ناراحتم,fa
17951,मैं इससे खुश नहीं हूँ।,hi
17952,This is terrible...,en
17953,"Nicht schlecht, aber nicht gut.",de
17954,Ich bin enttäuscht.,de
17955,مقبول لكنه ليس الأفضل,ar
17956,मैं इससे खुश नहीं हूँ।,hi
17957,This is terrible...,en
17958,"Nicht schlecht, aber nicht gut.",de
17959,I am so tired of this nonsense.,en
17960,What a beautiful day!,en
17961,What a beautiful day!,en
17962,این بهترین روز من بود,fa
17963,What a beautiful day!,en
17964,बहुत ही अच्छा प्रदर्शन!,hi
17965,مقبول لكنه ليس الأفضل,ar
17966,This is terrible...,en
17967,मैं इससे खुश नहीं हूँ।,hi
17968,من خیلی ناراحتم,fa
17969,What a beautiful day!,en
17970,Worst day ever.,en
17971,Ich bin enttäuscht.,de
17972,لا يعجبني هذا,ar
17973,Could be better.,en
17974,This is terrible...,en
17975,यह ठीक था।,hi
17976,Ich bin enttäuscht.,de
17977,Das war unglaublich!,de
17978,What a beautiful day!,en
17979,Das war unglaublich!,de
17980,لا يعجبني هذا,ar
17981,Absolutely fantastic experience!,en
17982,Absolutely fantastic experience!,en
17983,Ich bin enttäuscht.,de
17984,Could be better.,en
17985,बहुत ही अच्छा प्रदर्शन!,hi
17986,I love this!,en
17987,مقبول لكنه ليس الأفضل,ar
17988,لا يعجبني هذا,ar
17989,Absolutely fantastic experience!,en
17990,"Nicht schlecht, aber nicht gut.",de
17991,اليوم كان رائعًا,ar
17992,این بهترین روز من بود,fa
17993,خوب بود اما می‌توانست بهتر باشد,fa
17994,لا يعجبني هذا,ar
17995,बहुत ही अच्छा प्रदर्शन!,hi
17996,"Nicht schlecht, aber nicht gut.",de
17997,مقبول لكنه ليس الأفضل,ar
17998,I am so tired of this nonsense.,en
17999,What a beautiful day!,en
18000,اليوم كان رائعًا,ar
18001,Absolutely fantastic experience!,en
18002,خوب بود اما می‌توانست بهتر باشد,fa
18003,Ich bin enttäuscht.,de
18004,"Nicht schlecht, aber nicht gut.",de
18005,Worst day ever.,en
18006,اليوم كان رائعًا,ar
18007,बहुत ही अच्छा प्रदर्शन!,hi
18008,Worst day ever.,en
18009,Das war unglaublich!,de
18010,I love this!,en
18011,Worst day ever.,en
18012,मैं इससे खुश नहीं हूँ।,hi
18013,من خیلی ناراحتم,fa
18014,मैं इससे खुश नहीं हूँ।,hi
18015,مقبول لكنه ليس الأفضل,ar
18016,Could be better.,en
18017,I am so tired of this nonsense.,en
18018,مقبول لكنه ليس الأفضل,ar
18019,اليوم كان رائعًا,ar
18020,Das war unglaublich!,de
18021,बहुत ही अच्छा प्रदर्शन!,hi
18022,यह ठीक था।,hi
18023,این بهترین روز من بود,fa
18024,Absolutely fantastic experience!,en
18025,I love this!,en
18026,Das war unglaublich!,de
18027,خوب بود اما می‌توانست بهتر باشد,fa
18028,Das war unglaublich!,de
18029,"Nicht schlecht, aber nicht gut.",de
18030,बहुत ही अच्छा प्रदर्शन!,hi
18031,Ich bin enttäuscht.,de
18032,बहुत ही अच्छा प्रदर्शन!,hi
18033,لا يعجبني هذا,ar
18034,I am so tired of this nonsense.,en
18035,This is terrible...,en
18036,خوب بود اما می‌توانست بهتر باشد,fa
18037,What a beautiful day!,en
18038,Could be better.,en
18039,لا يعجبني هذا,ar
18040,Absolutely fantastic experience!,en
18041,Absolutely fantastic experience!,en
18042,मैं इससे खुश नहीं हूँ।,hi
18043,This is terrible...,en
18044,Ich bin enttäuscht.,de
18045,Could be better.,en
18046,बहुत ही अच्छा प्रदर्शन!,hi
18047,Worst day ever.,en
18048,I love this!,en
18049,Worst day ever.,en
18050,Das war unglaublich!,de
18051,I love this!,en
18052,این بهترین روز من بود,fa
18053,این بهترین روز من بود,fa
18054,Das war unglaublich!,de
18055,I am so tired of this nonsense.,en
18056,बहुत ही अच्छा प्रदर्शन!,hi
18057,This is terrible...,en
18058,Absolutely fantastic experience!,en
18059,اليوم كان رائعًا,ar
18060,मैं इससे खुश नहीं हूँ।,hi
18061,مقبول لكنه ليس الأفضل,ar
18062,मैं इससे खुश नहीं हूँ।,hi
18063,مقبول لكنه ليس الأفضل,ar
18064,من خیلی ناراحتم,fa
18065,من خیلی ناراحتم,fa
18066,Absolutely fantastic experience!,en
18067,Could be better.,en
18068,यह ठीक था।,hi
18069,मैं इससे खुश नहीं हूँ।,hi
18070,لا يعجبني هذا,ar
18071,خوب بود اما می‌توانست بهتر باشد,fa
18072,لا يعجبني هذا,ar
18073,Das war unglaublich!,de
18074,मैं इससे खुश नहीं हूँ।,hi
18075,I love this!,en
18076,Absolutely fantastic experience!,en
18077,این بهترین روز من بود,fa
18078,I love this!,en
18079,Absolutely fantastic experience!,en
18080,Ich bin enttäuscht.,de
18081,Worst day ever.,en
18082,Absolutely fantastic experience!,en
18083,لا يعجبني هذا,ar
18084,خوب بود اما می‌توانست بهتر باشد,fa
18085,مقبول لكنه ليس الأفضل,ar
18086,مقبول لكنه ليس الأفضل,ar
18087,बहुत ही अच्छा प्रदर्शन!,hi
18088,Could be better.,en
18089,Worst day ever.,en
18090,Could be better.,en
18091,मैं इससे खुश नहीं हूँ।,hi
18092,من خیلی ناراحتم,fa
18093,What a beautiful day!,en
18094,این بهترین روز من بود,fa
18095,"Nicht schlecht, aber nicht gut.",de
18096,مقبول لكنه ليس الأفضل,ar
18097,बहुत ही अच्छा प्रदर्शन!,hi
18098,Ich bin enttäuscht.,de
18099,من خیلی ناراحتم,fa
18100,Worst day ever.,en
18101,"Nicht schlecht, aber nicht gut.",de
18102,Ich bin enttäuscht.,de
18103,من خیلی ناراحتم,fa
18104,I am so tired of this nonsense.,en
18105,Worst day ever.,en
18106,Absolutely fantastic experience!,en
18107,मैं इससे खुश नहीं हूँ।,hi
18108,من خیلی ناراحتم,fa
18109,I love this!,en
18110,لا يعجبني هذا,ar
18111,मैं इससे खुश नहीं हूँ।,hi
18112,यह ठीक था।,hi
18113,Absolutely fantastic experience!,en
18114,बहुत ही अच्छा प्रदर्शन!,hi
18115,من خیلی ناراحتم,fa
18116,Ich bin enttäuscht.,de
18117,اليوم كان رائعًا,ar
18118,Das war unglaublich!,de
18119,I love this!,en
18120,What a beautiful day!,en
18121,لا يعجبني هذا,ar
18122,"Nicht schlecht, aber nicht gut.",de
18123,Ich bin enttäuscht.,de
18124,Das war unglaublich!,de
18125,Worst day ever.,en
18126,Das war unglaublich!,de
18127,यह ठीक था।,hi
18128,I love this!,en
18129,मैं इससे खुश नहीं हूँ।,hi
18130,لا يعجبني هذا,ar
18131,This is terrible...,en
18132,"Nicht schlecht, aber nicht gut.",de
18133,Das war unglaublich!,de
18134,مقبول لكنه ليس الأفضل,ar
18135,यह ठीक था।,hi
18136,What a beautiful day!,en
18137,لا يعجبني هذا,ar
18138,اليوم كان رائعًا,ar
18139,خوب بود اما می‌توانست بهتر باشد,fa
18140,Ich bin enttäuscht.,de
18141,This is terrible...,en
18142,मैं इससे खुश नहीं हूँ।,hi
18143,خوب بود اما می‌توانست بهتر باشد,fa
18144,बहुत ही अच्छा प्रदर्शन!,hi
18145,यह ठीक था।,hi
18146,اليوم كان رائعًا,ar
18147,This is terrible...,en
18148,مقبول لكنه ليس الأفضل,ar
18149,Absolutely fantastic experience!,en
18150,من خیلی ناراحتم,fa
18151,این بهترین روز من بود,fa
18152,Could be better.,en
18153,من خیلی ناراحتم,fa
18154,I am so tired of this nonsense.,en
18155,I am so tired of this nonsense.,en
18156,This is terrible...,en
18157,Ich bin enttäuscht.,de
18158,This is terrible...,en
18159,I am so tired of this nonsense.,en
18160,من خیلی ناراحتم,fa
18161,Could be better.,en
18162,बहुत ही अच्छा प्रदर्शन!,hi
18163,Das war unglaublich!,de
18164,यह ठीक था।,hi
18165,I am so tired of this nonsense.,en
18166,"Nicht schlecht, aber nicht gut.",de
18167,"Nicht schlecht, aber nicht gut.",de
18168,خوب بود اما می‌توانست بهتر باشد,fa
18169,من خیلی ناراحتم,fa
18170,This is terrible...,en
18171,Ich bin enttäuscht.,de
18172,مقبول لكنه ليس الأفضل,ar
18173,मैं इससे खुश नहीं हूँ।,hi
18174,مقبول لكنه ليس الأفضل,ar
18175,बहुत ही अच्छा प्रदर्शन!,hi
18176,لا يعجبني هذا,ar
18177,مقبول لكنه ليس الأفضل,ar
18178,این بهترین روز من بود,fa
18179,मैं इससे खुश नहीं हूँ।,hi
18180,I am so tired of this nonsense.,en
18181,خوب بود اما می‌توانست بهتر باشد,fa
18182,Absolutely fantastic experience!,en
18183,Absolutely fantastic experience!,en
18184,मैं इससे खुश नहीं हूँ।,hi
18185,बहुत ही अच्छा प्रदर्शन!,hi
18186,"Nicht schlecht, aber nicht gut.",de
18187,Worst day ever.,en
18188,Das war unglaublich!,de
18189,خوب بود اما می‌توانست بهتر باشد,fa
18190,Worst day ever.,en
18191,What a beautiful day!,en
18192,Absolutely fantastic experience!,en
18193,I am so tired of this nonsense.,en
18194,این بهترین روز من بود,fa
18195,این بهترین روز من بود,fa
18196,اليوم كان رائعًا,ar
18197,I love this!,en
18198,لا يعجبني هذا,ar
18199,Could be better.,en
18200,This is terrible...,en
18201,من خیلی ناراحتم,fa
18202,Absolutely fantastic experience!,en
18203,This is terrible...,en
18204,خوب بود اما می‌توانست بهتر باشد,fa
18205,यह ठीक था।,hi
18206,Absolutely fantastic experience!,en
18207,बहुत ही अच्छा प्रदर्शन!,hi
18208,Ich bin enttäuscht.,de
18209,What a beautiful day!,en
18210,I love this!,en
18211,Worst day ever.,en
18212,Ich bin enttäuscht.,de
18213,I am so tired of this nonsense.,en
18214,Ich bin enttäuscht.,de
18215,Das war unglaublich!,de
18216,Ich bin enttäuscht.,de
18217,What a beautiful day!,en
18218,این بهترین روز من بود,fa
18219,Das war unglaublich!,de
18220,خوب بود اما می‌توانست بهتر باشد,fa
18221,बहुत ही अच्छा प्रदर्शन!,hi
18222,Ich bin enttäuscht.,de
18223,"Nicht schlecht, aber nicht gut.",de
18224,خوب بود اما می‌توانست بهتر باشد,fa
18225,Ich bin enttäuscht.,de
18226,This is terrible...,en
18227,من خیلی ناراحتم,fa
18228,لا يعجبني هذا,ar
18229,من خیلی ناراحتم,fa
18230,Could be better.,en
18231,यह ठीक था।,hi
18232,Absolutely fantastic experience!,en
18233,मैं इससे खुश नहीं हूँ।,hi
18234,"Nicht schlecht, aber nicht gut.",de
18235,मैं इससे खुश नहीं हूँ।,hi
18236,Could be better.,en
18237,Could be better.,en
18238,لا يعجبني هذا,ar
18239,"Nicht schlecht, aber nicht gut.",de
18240,Absolutely fantastic experience!,en
18241,Worst day ever.,en
18242,I love this!,en
18243,Ich bin enttäuscht.,de
18244,این بهترین روز من بود,fa
18245,I am so tired of this nonsense.,en
18246,مقبول لكنه ليس الأفضل,ar
18247,Could be better.,en
18248,I love this!,en
18249,Could be better.,en
18250,Ich bin enttäuscht.,de
18251,बहुत ही अच्छा प्रदर्शन!,hi
18252,यह ठीक था।,hi
18253,Das war unglaublich!,de
18254,What a beautiful day!,en
18255,مقبول لكنه ليس الأفضل,ar
18256,این بهترین روز من بود,fa
18257,این بهترین روز من بود,fa
18258,این بهترین روز من بود,fa
18259,Das war unglaublich!,de
18260,I love this!,en
18261,मैं इससे खुश नहीं हूँ।,hi
18262,Worst day ever.,en
18263,این بهترین روز من بود,fa
18264,این بهترین روز من بود,fa
18265,Absolutely fantastic experience!,en
18266,Ich bin enttäuscht.,de
18267,Absolutely fantastic experience!,en
18268,مقبول لكنه ليس الأفضل,ar
18269,Ich bin enttäuscht.,de
18270,Could be better.,en
18271,Das war unglaublich!,de
18272,این بهترین روز من بود,fa
18273,This is terrible...,en
18274,"Nicht schlecht, aber nicht gut.",de
18275,خوب بود اما می‌توانست بهتر باشد,fa
18276,Could be better.,en
18277,Das war unglaublich!,de
18278,What a beautiful day!,en
18279,Das war unglaublich!,de
18280,Das war unglaublich!,de
18281,من خیلی ناراحتم,fa
18282,Could be better.,en
18283,مقبول لكنه ليس الأفضل,ar
18284,اليوم كان رائعًا,ar
18285,Could be better.,en
18286,मैं इससे खुश नहीं हूँ।,hi
18287,मैं इससे खुश नहीं हूँ।,hi
18288,"Nicht schlecht, aber nicht gut.",de
18289,Worst day ever.,en
18290,Ich bin enttäuscht.,de
18291,اليوم كان رائعًا,ar
18292,لا يعجبني هذا,ar
18293,I love this!,en
18294,Das war unglaublich!,de
18295,خوب بود اما می‌توانست بهتر باشد,fa
18296,این بهترین روز من بود,fa
18297,यह ठीक था।,hi
18298,"Nicht schlecht, aber nicht gut.",de
18299,यह ठीक था।,hi
18300,Worst day ever.,en
18301,"Nicht schlecht, aber nicht gut.",de
18302,Absolutely fantastic experience!,en
18303,बहुत ही अच्छा प्रदर्शन!,hi
18304,यह ठीक था।,hi
18305,Worst day ever.,en
18306,این بهترین روز من بود,fa
18307,What a beautiful day!,en
18308,من خیلی ناراحتم,fa
18309,This is terrible...,en
18310,Worst day ever.,en
18311,من خیلی ناراحتم,fa
18312,I am so tired of this nonsense.,en
18313,این بهترین روز من بود,fa
18314,"Nicht schlecht, aber nicht gut.",de
18315,Ich bin enttäuscht.,de
18316,این بهترین روز من بود,fa
18317,Absolutely fantastic experience!,en
18318,I love this!,en
18319,What a beautiful day!,en
18320,Absolutely fantastic experience!,en
18321,I am so tired of this nonsense.,en
18322,"Nicht schlecht, aber nicht gut.",de
18323,Ich bin enttäuscht.,de
18324,Could be better.,en
18325,I am so tired of this nonsense.,en
18326,This is terrible...,en
18327,مقبول لكنه ليس الأفضل,ar
18328,Absolutely fantastic experience!,en
18329,لا يعجبني هذا,ar
18330,Absolutely fantastic experience!,en
18331,This is terrible...,en
18332,من خیلی ناراحتم,fa
18333,Absolutely fantastic experience!,en
18334,What a beautiful day!,en
18335,این بهترین روز من بود,fa
18336,What a beautiful day!,en
18337,Absolutely fantastic experience!,en
18338,لا يعجبني هذا,ar
18339,Ich bin enttäuscht.,de
18340,मैं इससे खुश नहीं हूँ।,hi
18341,مقبول لكنه ليس الأفضل,ar
18342,This is terrible...,en
18343,I love this!,en
18344,This is terrible...,en
18345,اليوم كان رائعًا,ar
18346,यह ठीक था।,hi
18347,این بهترین روز من بود,fa
18348,What a beautiful day!,en
18349,This is terrible...,en
18350,مقبول لكنه ليس الأفضل,ar
18351,اليوم كان رائعًا,ar
18352,"Nicht schlecht, aber nicht gut.",de
18353,من خیلی ناراحتم,fa
18354,من خیلی ناراحتم,fa
18355,मैं इससे खुश नहीं हूँ।,hi
18356,Worst day ever.,en
18357,Das war unglaublich!,de
18358,من خیلی ناراحتم,fa
18359,Absolutely fantastic experience!,en
18360,Ich bin enttäuscht.,de
18361,बहुत ही अच्छा प्रदर्शन!,hi
18362,"Nicht schlecht, aber nicht gut.",de
18363,Could be better.,en
18364,I love this!,en
18365,What a beautiful day!,en
18366,اليوم كان رائعًا,ar
18367,मैं इससे खुश नहीं हूँ।,hi
18368,مقبول لكنه ليس الأفضل,ar
18369,مقبول لكنه ليس الأفضل,ar
18370,यह ठीक था।,hi
18371,مقبول لكنه ليس الأفضل,ar
18372,اليوم كان رائعًا,ar
18373,لا يعجبني هذا,ar
18374,This is terrible...,en
18375,خوب بود اما می‌توانست بهتر باشد,fa
18376,I love this!,en
18377,Worst day ever.,en
18378,Das war unglaublich!,de
18379,این بهترین روز من بود,fa
18380,मैं इससे खुश नहीं हूँ।,hi
18381,I am so tired of this nonsense.,en
18382,I am so tired of this nonsense.,en
18383,Ich bin enttäuscht.,de
18384,لا يعجبني هذا,ar
18385,मैं इससे खुश नहीं हूँ।,hi
18386,من خیلی ناراحتم,fa
18387,مقبول لكنه ليس الأفضل,ar
18388,Das war unglaublich!,de
18389,"Nicht schlecht, aber nicht gut.",de
18390,خوب بود اما می‌توانست بهتر باشد,fa
18391,मैं इससे खुश नहीं हूँ।,hi
18392,मैं इससे खुश नहीं हूँ।,hi
18393,What a beautiful day!,en
18394,خوب بود اما می‌توانست بهتر باشد,fa
18395,Absolutely fantastic experience!,en
18396,बहुत ही अच्छा प्रदर्शन!,hi
18397,اليوم كان رائعًا,ar
18398,مقبول لكنه ليس الأفضل,ar
18399,این بهترین روز من بود,fa
18400,خوب بود اما می‌توانست بهتر باشد,fa
18401,مقبول لكنه ليس الأفضل,ar
18402,बहुत ही अच्छा प्रदर्शन!,hi
18403,I am so tired of this nonsense.,en
18404,اليوم كان رائعًا,ar
18405,"Nicht schlecht, aber nicht gut.",de
18406,"Nicht schlecht, aber nicht gut.",de
18407,I am so tired of this nonsense.,en
18408,बहुत ही अच्छा प्रदर्शन!,hi
18409,مقبول لكنه ليس الأفضل,ar
18410,Das war unglaublich!,de
18411,Could be better.,en
18412,I am so tired of this nonsense.,en
18413,Das war unglaublich!,de
18414,من خیلی ناراحتم,fa
18415,What a beautiful day!,en
18416,Das war unglaublich!,de
18417,I am so tired of this nonsense.,en
18418,من خیلی ناراحتم,fa
18419,اليوم كان رائعًا,ar
18420,मैं इससे खुश नहीं हूँ।,hi
18421,"Nicht schlecht, aber nicht gut.",de
18422,مقبول لكنه ليس الأفضل,ar
18423,"Nicht schlecht, aber nicht gut.",de
18424,من خیلی ناراحتم,fa
18425,What a beautiful day!,en
18426,این بهترین روز من بود,fa
18427,مقبول لكنه ليس الأفضل,ar
18428,"Nicht schlecht, aber nicht gut.",de
18429,خوب بود اما می‌توانست بهتر باشد,fa
18430,اليوم كان رائعًا,ar
18431,Absolutely fantastic experience!,en
18432,لا يعجبني هذا,ar
18433,Ich bin enttäuscht.,de
18434,لا يعجبني هذا,ar
18435,خوب بود اما می‌توانست بهتر باشد,fa
18436,What a beautiful day!,en
18437,من خیلی ناراحتم,fa
18438,This is terrible...,en
18439,من خیلی ناراحتم,fa
18440,Das war unglaublich!,de
18441,خوب بود اما می‌توانست بهتر باشد,fa
18442,"Nicht schlecht, aber nicht gut.",de
18443,Worst day ever.,en
18444,यह ठीक था।,hi
18445,Ich bin enttäuscht.,de
18446,Das war unglaublich!,de
18447,اليوم كان رائعًا,ar
18448,What a beautiful day!,en
18449,من خیلی ناراحتم,fa
18450,Absolutely fantastic experience!,en
18451,من خیلی ناراحتم,fa
18452,مقبول لكنه ليس الأفضل,ar
18453,यह ठीक था।,hi
18454,Could be better.,en
18455,यह ठीक था।,hi
18456,बहुत ही अच्छा प्रदर्शन!,hi
18457,Worst day ever.,en
18458,"Nicht schlecht, aber nicht gut.",de
18459,I love this!,en
18460,Das war unglaublich!,de
18461,बहुत ही अच्छा प्रदर्शन!,hi
18462,لا يعجبني هذا,ar
18463,"Nicht schlecht, aber nicht gut.",de
18464,اليوم كان رائعًا,ar
18465,اليوم كان رائعًا,ar
18466,"Nicht schlecht, aber nicht gut.",de
18467,این بهترین روز من بود,fa
18468,این بهترین روز من بود,fa
18469,बहुत ही अच्छा प्रदर्शन!,hi
18470,لا يعجبني هذا,ar
18471,I love this!,en
18472,बहुत ही अच्छा प्रदर्शन!,hi
18473,Ich bin enttäuscht.,de
18474,این بهترین روز من بود,fa
18475,मैं इससे खुश नहीं हूँ।,hi
18476,Could be better.,en
18477,این بهترین روز من بود,fa
18478,I am so tired of this nonsense.,en
18479,I love this!,en
18480,मैं इससे खुश नहीं हूँ।,hi
18481,बहुत ही अच्छा प्रदर्शन!,hi
18482,I love this!,en
18483,What a beautiful day!,en
18484,"Nicht schlecht, aber nicht gut.",de
18485,Das war unglaublich!,de
18486,Das war unglaublich!,de
18487,Worst day ever.,en
18488,Ich bin enttäuscht.,de
18489,Could be better.,en
18490,बहुत ही अच्छा प्रदर्शन!,hi
18491,اليوم كان رائعًا,ar
18492,لا يعجبني هذا,ar
18493,बहुत ही अच्छा प्रदर्शन!,hi
18494,Das war unglaublich!,de
18495,What a beautiful day!,en
18496,لا يعجبني هذا,ar
18497,What a beautiful day!,en
18498,Das war unglaublich!,de
18499,خوب بود اما می‌توانست بهتر باشد,fa
18500,Absolutely fantastic experience!,en
18501,I love this!,en
18502,من خیلی ناراحتم,fa
18503,I love this!,en
18504,من خیلی ناراحتم,fa
18505,यह ठीक था।,hi
18506,बहुत ही अच्छा प्रदर्शन!,hi
18507,Could be better.,en
18508,مقبول لكنه ليس الأفضل,ar
18509,I love this!,en
18510,I love this!,en
18511,Ich bin enttäuscht.,de
18512,मैं इससे खुश नहीं हूँ।,hi
18513,Could be better.,en
18514,من خیلی ناراحتم,fa
18515,Could be better.,en
18516,لا يعجبني هذا,ar
18517,मैं इससे खुश नहीं हूँ।,hi
18518,خوب بود اما می‌توانست بهتر باشد,fa
18519,Worst day ever.,en
18520,خوب بود اما می‌توانست بهتر باشد,fa
18521,Das war unglaublich!,de
18522,This is terrible...,en
18523,बहुत ही अच्छा प्रदर्शन!,hi
18524,Could be better.,en
18525,Absolutely fantastic experience!,en
18526,Worst day ever.,en
18527,What a beautiful day!,en
18528,Worst day ever.,en
18529,I am so tired of this nonsense.,en
18530,"Nicht schlecht, aber nicht gut.",de
18531,This is terrible...,en
18532,این بهترین روز من بود,fa
18533,لا يعجبني هذا,ar
18534,این بهترین روز من بود,fa
18535,I am so tired of this nonsense.,en
18536,مقبول لكنه ليس الأفضل,ar
18537,This is terrible...,en
18538,यह ठीक था।,hi
18539,Could be better.,en
18540,यह ठीक था।,hi
18541,Worst day ever.,en
18542,Worst day ever.,en
18543,من خیلی ناراحتم,fa
18544,خوب بود اما می‌توانست بهتر باشد,fa
18545,Ich bin enttäuscht.,de
18546,I am so tired of this nonsense.,en
18547,बहुत ही अच्छा प्रदर्शन!,hi
18548,این بهترین روز من بود,fa
18549,I am so tired of this nonsense.,en
18550,لا يعجبني هذا,ar
18551,Could be better.,en
18552,बहुत ही अच्छा प्रदर्शन!,hi
18553,Could be better.,en
18554,मैं इससे खुश नहीं हूँ।,hi
18555,Worst day ever.,en
18556,اليوم كان رائعًا,ar
18557,Worst day ever.,en
18558,What a beautiful day!,en
18559,I am so tired of this nonsense.,en
18560,Worst day ever.,en
18561,Worst day ever.,en
18562,This is terrible...,en
18563,Absolutely fantastic experience!,en
18564,لا يعجبني هذا,ar
18565,मैं इससे खुश नहीं हूँ।,hi
18566,मैं इससे खुश नहीं हूँ।,hi
18567,यह ठीक था।,hi
18568,Could be better.,en
18569,Could be better.,en
18570,I love this!,en
18571,خوب بود اما می‌توانست بهتر باشد,fa
18572,बहुत ही अच्छा प्रदर्शन!,hi
18573,"Nicht schlecht, aber nicht gut.",de
18574,لا يعجبني هذا,ar
18575,Das war unglaublich!,de
18576,Das war unglaublich!,de
18577,Worst day ever.,en
18578,Das war unglaublich!,de
18579,यह ठीक था।,hi
18580,मैं इससे खुश नहीं हूँ।,hi
18581,این بهترین روز من بود,fa
18582,What a beautiful day!,en
18583,من خیلی ناراحتم,fa
18584,What a beautiful day!,en
18585,I am so tired of this nonsense.,en
18586,यह ठीक था।,hi
18587,I am so tired of this nonsense.,en
18588,Absolutely fantastic experience!,en
18589,Could be better.,en
18590,اليوم كان رائعًا,ar
18591,I am so tired of this nonsense.,en
18592,बहुत ही अच्छा प्रदर्शन!,hi
18593,बहुत ही अच्छा प्रदर्शन!,hi
18594,I am so tired of this nonsense.,en
18595,این بهترین روز من بود,fa
18596,Das war unglaublich!,de
18597,What a beautiful day!,en
18598,बहुत ही अच्छा प्रदर्शन!,hi
18599,Das war unglaublich!,de
18600,Worst day ever.,en
18601,این بهترین روز من بود,fa
18602,Ich bin enttäuscht.,de
18603,من خیلی ناراحتم,fa
18604,मैं इससे खुश नहीं हूँ।,hi
18605,I love this!,en
18606,خوب بود اما می‌توانست بهتر باشد,fa
18607,این بهترین روز من بود,fa
18608,This is terrible...,en
18609,बहुत ही अच्छा प्रदर्शन!,hi
18610,"Nicht schlecht, aber nicht gut.",de
18611,बहुत ही अच्छा प्रदर्शन!,hi
18612,Das war unglaublich!,de
18613,This is terrible...,en
18614,Could be better.,en
18615,Could be better.,en
18616,Worst day ever.,en
18617,لا يعجبني هذا,ar
18618,What a beautiful day!,en
18619,اليوم كان رائعًا,ar
18620,I am so tired of this nonsense.,en
18621,Ich bin enttäuscht.,de
18622,"Nicht schlecht, aber nicht gut.",de
18623,"Nicht schlecht, aber nicht gut.",de
18624,لا يعجبني هذا,ar
18625,What a beautiful day!,en
18626,من خیلی ناراحتم,fa
18627,I am so tired of this nonsense.,en
18628,"Nicht schlecht, aber nicht gut.",de
18629,من خیلی ناراحتم,fa
18630,اليوم كان رائعًا,ar
18631,I am so tired of this nonsense.,en
18632,Could be better.,en
18633,यह ठीक था।,hi
18634,यह ठीक था।,hi
18635,I love this!,en
18636,اليوم كان رائعًا,ar
18637,मैं इससे खुश नहीं हूँ।,hi
18638,من خیلی ناراحتم,fa
18639,बहुत ही अच्छा प्रदर्शन!,hi
18640,I love this!,en
18641,यह ठीक था।,hi
18642,This is terrible...,en
18643,اليوم كان رائعًا,ar
18644,لا يعجبني هذا,ar
18645,اليوم كان رائعًا,ar
18646,यह ठीक था।,hi
18647,لا يعجبني هذا,ar
18648,What a beautiful day!,en
18649,اليوم كان رائعًا,ar
18650,This is terrible...,en
18651,मैं इससे खुश नहीं हूँ।,hi
18652,बहुत ही अच्छा प्रदर्शन!,hi
18653,Das war unglaublich!,de
18654,I love this!,en
18655,Ich bin enttäuscht.,de
18656,خوب بود اما می‌توانست بهتر باشد,fa
18657,Das war unglaublich!,de
18658,لا يعجبني هذا,ar
18659,Absolutely fantastic experience!,en
18660,Worst day ever.,en
18661,Das war unglaublich!,de
18662,من خیلی ناراحتم,fa
18663,من خیلی ناراحتم,fa
18664,Das war unglaublich!,de
18665,لا يعجبني هذا,ar
18666,Absolutely fantastic experience!,en
18667,من خیلی ناراحتم,fa
18668,Ich bin enttäuscht.,de
18669,यह ठीक था।,hi
18670,I love this!,en
18671,What a beautiful day!,en
18672,I love this!,en
18673,Worst day ever.,en
18674,لا يعجبني هذا,ar
18675,"Nicht schlecht, aber nicht gut.",de
18676,Could be better.,en
18677,This is terrible...,en
18678,Could be better.,en
18679,مقبول لكنه ليس الأفضل,ar
18680,Ich bin enttäuscht.,de
18681,Das war unglaublich!,de
18682,This is terrible...,en
18683,لا يعجبني هذا,ar
18684,बहुत ही अच्छा प्रदर्शन!,hi
18685,Absolutely fantastic experience!,en
18686,Ich bin enttäuscht.,de
18687,Das war unglaublich!,de
18688,Absolutely fantastic experience!,en
18689,I am so tired of this nonsense.,en
18690,I am so tired of this nonsense.,en
18691,Could be better.,en
18692,"Nicht schlecht, aber nicht gut.",de
18693,این بهترین روز من بود,fa
18694,I love this!,en
18695,Worst day ever.,en
18696,من خیلی ناراحتم,fa
18697,Worst day ever.,en
18698,I love this!,en
18699,I am so tired of this nonsense.,en
18700,خوب بود اما می‌توانست بهتر باشد,fa
18701,I love this!,en
18702,Das war unglaublich!,de
18703,Could be better.,en
18704,What a beautiful day!,en
18705,اليوم كان رائعًا,ar
18706,I love this!,en
18707,لا يعجبني هذا,ar
18708,Could be better.,en
18709,यह ठीक था।,hi
18710,यह ठीक था।,hi
18711,Das war unglaublich!,de
18712,I love this!,en
18713,اليوم كان رائعًا,ar
18714,I love this!,en
18715,मैं इससे खुश नहीं हूँ।,hi
18716,What a beautiful day!,en
18717,बहुत ही अच्छा प्रदर्शन!,hi
18718,اليوم كان رائعًا,ar
18719,Could be better.,en
18720,Could be better.,en
18721,Could be better.,en
18722,Ich bin enttäuscht.,de
18723,This is terrible...,en
18724,لا يعجبني هذا,ar
18725,I am so tired of this nonsense.,en
18726,Worst day ever.,en
18727,این بهترین روز من بود,fa
18728,Das war unglaublich!,de
18729,Absolutely fantastic experience!,en
18730,बहुत ही अच्छा प्रदर्शन!,hi
18731,"Nicht schlecht, aber nicht gut.",de
18732,Absolutely fantastic experience!,en
18733,यह ठीक था।,hi
18734,من خیلی ناراحتم,fa
18735,Absolutely fantastic experience!,en
18736,Worst day ever.,en
18737,Ich bin enttäuscht.,de
18738,बहुत ही अच्छा प्रदर्शन!,hi
18739,Das war unglaublich!,de
18740,مقبول لكنه ليس الأفضل,ar
18741,لا يعجبني هذا,ar
18742,I love this!,en
18743,मैं इससे खुश नहीं हूँ।,hi
18744,Absolutely fantastic experience!,en
18745,"Nicht schlecht, aber nicht gut.",de
18746,مقبول لكنه ليس الأفضل,ar
18747,Ich bin enttäuscht.,de
18748,مقبول لكنه ليس الأفضل,ar
18749,बहुत ही अच्छा प्रदर्शन!,hi
18750,خوب بود اما می‌توانست بهتر باشد,fa
18751,This is terrible...,en
18752,لا يعجبني هذا,ar
18753,मैं इससे खुश नहीं हूँ।,hi
18754,I love this!,en
18755,مقبول لكنه ليس الأفضل,ar
18756,لا يعجبني هذا,ar
18757,मैं इससे खुश नहीं हूँ।,hi
18758,Absolutely fantastic experience!,en
18759,Absolutely fantastic experience!,en
18760,What a beautiful day!,en
18761,Worst day ever.,en
18762,Could be better.,en
18763,I am so tired of this nonsense.,en
18764,مقبول لكنه ليس الأفضل,ar
18765,مقبول لكنه ليس الأفضل,ar
18766,این بهترین روز من بود,fa
18767,اليوم كان رائعًا,ar
18768,This is terrible...,en
18769,This is terrible...,en
18770,لا يعجبني هذا,ar
18771,Ich bin enttäuscht.,de
18772,مقبول لكنه ليس الأفضل,ar
18773,لا يعجبني هذا,ar
18774,Ich bin enttäuscht.,de
18775,Ich bin enttäuscht.,de
18776,Das war unglaublich!,de
18777,This is terrible...,en
18778,اليوم كان رائعًا,ar
18779,बहुत ही अच्छा प्रदर्शन!,hi
18780,Worst day ever.,en
18781,اليوم كان رائعًا,ar
18782,مقبول لكنه ليس الأفضل,ar
18783,Could be better.,en
18784,I love this!,en
18785,I am so tired of this nonsense.,en
18786,बहुत ही अच्छा प्रदर्शन!,hi
18787,बहुत ही अच्छा प्रदर्शन!,hi
18788,मैं इससे खुश नहीं हूँ।,hi
18789,Das war unglaublich!,de
18790,مقبول لكنه ليس الأفضل,ar
18791,این بهترین روز من بود,fa
18792,Worst day ever.,en
18793,मैं इससे खुश नहीं हूँ।,hi
18794,این بهترین روز من بود,fa
18795,What a beautiful day!,en
18796,لا يعجبني هذا,ar
18797,What a beautiful day!,en
18798,Could be better.,en
18799,اليوم كان رائعًا,ar
18800,Worst day ever.,en
18801,مقبول لكنه ليس الأفضل,ar
18802,من خیلی ناراحتم,fa
18803,لا يعجبني هذا,ar
18804,لا يعجبني هذا,ar
18805,این بهترین روز من بود,fa
18806,اليوم كان رائعًا,ar
18807,لا يعجبني هذا,ar
18808,این بهترین روز من بود,fa
18809,اليوم كان رائعًا,ar
18810,मैं इससे खुश नहीं हूँ।,hi
18811,Ich bin enttäuscht.,de
18812,I am so tired of this nonsense.,en
18813,اليوم كان رائعًا,ar
18814,این بهترین روز من بود,fa
18815,اليوم كان رائعًا,ar
18816,I am so tired of this nonsense.,en
18817,Ich bin enttäuscht.,de
18818,Worst day ever.,en
18819,यह ठीक था।,hi
18820,Das war unglaublich!,de
18821,I love this!,en
18822,لا يعجبني هذا,ar
18823,Could be better.,en
18824,Ich bin enttäuscht.,de
18825,Worst day ever.,en
18826,مقبول لكنه ليس الأفضل,ar
18827,बहुत ही अच्छा प्रदर्शन!,hi
18828,Worst day ever.,en
18829,من خیلی ناراحتم,fa
18830,لا يعجبني هذا,ar
18831,I am so tired of this nonsense.,en
18832,What a beautiful day!,en
18833,خوب بود اما می‌توانست بهتر باشد,fa
18834,خوب بود اما می‌توانست بهتر باشد,fa
18835,यह ठीक था।,hi
18836,"Nicht schlecht, aber nicht gut.",de
18837,Ich bin enttäuscht.,de
18838,I love this!,en
18839,मैं इससे खुश नहीं हूँ।,hi
18840,من خیلی ناراحتم,fa
18841,مقبول لكنه ليس الأفضل,ar
18842,मैं इससे खुश नहीं हूँ।,hi
18843,لا يعجبني هذا,ar
18844,خوب بود اما می‌توانست بهتر باشد,fa
18845,Das war unglaublich!,de
18846,बहुत ही अच्छा प्रदर्शन!,hi
18847,This is terrible...,en
18848,لا يعجبني هذا,ar
18849,What a beautiful day!,en
18850,Could be better.,en
18851,यह ठीक था।,hi
18852,यह ठीक था।,hi
18853,Could be better.,en
18854,این بهترین روز من بود,fa
18855,यह ठीक था।,hi
18856,Ich bin enttäuscht.,de
18857,این بهترین روز من بود,fa
18858,اليوم كان رائعًا,ar
18859,I am so tired of this nonsense.,en
18860,اليوم كان رائعًا,ar
18861,What a beautiful day!,en
18862,I love this!,en
18863,मैं इससे खुश नहीं हूँ।,hi
18864,لا يعجبني هذا,ar
18865,خوب بود اما می‌توانست بهتر باشد,fa
18866,I love this!,en
18867,اليوم كان رائعًا,ar
18868,مقبول لكنه ليس الأفضل,ar
18869,मैं इससे खुश नहीं हूँ।,hi
18870,Ich bin enttäuscht.,de
18871,I am so tired of this nonsense.,en
18872,خوب بود اما می‌توانست بهتر باشد,fa
18873,Absolutely fantastic experience!,en
18874,यह ठीक था।,hi
18875,This is terrible...,en
18876,Ich bin enttäuscht.,de
18877,बहुत ही अच्छा प्रदर्शन!,hi
18878,I am so tired of this nonsense.,en
18879,این بهترین روز من بود,fa
18880,لا يعجبني هذا,ar
18881,This is terrible...,en
18882,مقبول لكنه ليس الأفضل,ar
18883,لا يعجبني هذا,ar
18884,This is terrible...,en
18885,"Nicht schlecht, aber nicht gut.",de
18886,Worst day ever.,en
18887,Could be better.,en
18888,This is terrible...,en
18889,اليوم كان رائعًا,ar
18890,Ich bin enttäuscht.,de
18891,خوب بود اما می‌توانست بهتر باشد,fa
18892,مقبول لكنه ليس الأفضل,ar
18893,مقبول لكنه ليس الأفضل,ar
18894,Worst day ever.,en
18895,What a beautiful day!,en
18896,خوب بود اما می‌توانست بهتر باشد,fa
18897,What a beautiful day!,en
18898,من خیلی ناراحتم,fa
18899,यह ठीक था।,hi
18900,Absolutely fantastic experience!,en
18901,मैं इससे खुश नहीं हूँ।,hi
18902,خوب بود اما می‌توانست بهتر باشد,fa
18903,Ich bin enttäuscht.,de
18904,I am so tired of this nonsense.,en
18905,I am so tired of this nonsense.,en
18906,बहुत ही अच्छा प्रदर्शन!,hi
18907,What a beautiful day!,en
18908,من خیلی ناراحتم,fa
18909,I love this!,en
18910,मैं इससे खुश नहीं हूँ।,hi
18911,Ich bin enttäuscht.,de
18912,من خیلی ناراحتم,fa
18913,اليوم كان رائعًا,ar
18914,Could be better.,en
18915,I love this!,en
18916,बहुत ही अच्छा प्रदर्शन!,hi
18917,من خیلی ناراحتم,fa
18918,لا يعجبني هذا,ar
18919,مقبول لكنه ليس الأفضل,ar
18920,बहुत ही अच्छा प्रदर्शन!,hi
18921,این بهترین روز من بود,fa
18922,مقبول لكنه ليس الأفضل,ar
18923,Absolutely fantastic experience!,en
18924,اليوم كان رائعًا,ar
18925,اليوم كان رائعًا,ar
18926,मैं इससे खुश नहीं हूँ।,hi
18927,این بهترین روز من بود,fa
18928,خوب بود اما می‌توانست بهتر باشد,fa
18929,من خیلی ناراحتم,fa
18930,لا يعجبني هذا,ar
18931,من خیلی ناراحتم,fa
18932,मैं इससे खुश नहीं हूँ।,hi
18933,این بهترین روز من بود,fa
18934,اليوم كان رائعًا,ar
18935,Ich bin enttäuscht.,de
18936,"Nicht schlecht, aber nicht gut.",de
18937,I am so tired of this nonsense.,en
18938,Das war unglaublich!,de
18939,I love this!,en
18940,बहुत ही अच्छा प्रदर्शन!,hi
18941,Absolutely fantastic experience!,en
18942,لا يعجبني هذا,ar
18943,What a beautiful day!,en
18944,من خیلی ناراحتم,fa
18945,यह ठीक था।,hi
18946,"Nicht schlecht, aber nicht gut.",de
18947,Could be better.,en
18948,Could be better.,en
18949,مقبول لكنه ليس الأفضل,ar
18950,من خیلی ناراحتم,fa
18951,اليوم كان رائعًا,ar
18952,मैं इससे खुश नहीं हूँ।,hi
18953,यह ठीक था।,hi
18954,لا يعجبني هذا,ar
18955,خوب بود اما می‌توانست بهتر باشد,fa
18956,مقبول لكنه ليس الأفضل,ar
18957,बहुत ही अच्छा प्रदर्शन!,hi
18958,لا يعجبني هذا,ar
18959,اليوم كان رائعًا,ar
18960,مقبول لكنه ليس الأفضل,ar
18961,Das war unglaublich!,de
18962,"Nicht schlecht, aber nicht gut.",de
18963,مقبول لكنه ليس الأفضل,ar
18964,Absolutely fantastic experience!,en
18965,من خیلی ناراحتم,fa
18966,این بهترین روز من بود,fa
18967,यह ठीक था।,hi
18968,Absolutely fantastic experience!,en
18969,बहुत ही अच्छा प्रदर्शन!,hi
18970,"Nicht schlecht, aber nicht gut.",de
18971,مقبول لكنه ليس الأفضل,ar
18972,"Nicht schlecht, aber nicht gut.",de
18973,این بهترین روز من بود,fa
18974,I love this!,en
18975,Ich bin enttäuscht.,de
18976,Ich bin enttäuscht.,de
18977,बहुत ही अच्छा प्रदर्शन!,hi
18978,Das war unglaublich!,de
18979,This is terrible...,en
18980,Das war unglaublich!,de
18981,Das war unglaublich!,de
18982,What a beautiful day!,en
18983,Could be better.,en
18984,Absolutely fantastic experience!,en
18985,خوب بود اما می‌توانست بهتر باشد,fa
18986,من خیلی ناراحتم,fa
18987,This is terrible...,en
18988,"Nicht schlecht, aber nicht gut.",de
18989,बहुत ही अच्छा प्रदर्शन!,hi
18990,यह ठीक था।,hi
18991,مقبول لكنه ليس الأفضل,ar
18992,لا يعجبني هذا,ar
18993,Could be better.,en
18994,من خیلی ناراحتم,fa
18995,This is terrible...,en
18996,Das war unglaublich!,de
18997,خوب بود اما می‌توانست بهتر باشد,fa
18998,मैं इससे खुश नहीं हूँ।,hi
18999,"Nicht schlecht, aber nicht gut.",de
19000,Ich bin enttäuscht.,de
19001,مقبول لكنه ليس الأفضل,ar
19002,What a beautiful day!,en
19003,I am so tired of this nonsense.,en
19004,What a beautiful day!,en
19005,خوب بود اما می‌توانست بهتر باشد,fa
19006,من خیلی ناراحتم,fa
19007,"Nicht schlecht, aber nicht gut.",de
19008,Absolutely fantastic experience!,en
19009,This is terrible...,en
19010,Ich bin enttäuscht.,de
19011,لا يعجبني هذا,ar
19012,Das war unglaublich!,de
19013,Absolutely fantastic experience!,en
19014,Worst day ever.,en
19015,"Nicht schlecht, aber nicht gut.",de
19016,बहुत ही अच्छा प्रदर्शन!,hi
19017,Das war unglaublich!,de
19018,Worst day ever.,en
19019,यह ठीक था।,hi
19020,बहुत ही अच्छा प्रदर्शन!,hi
19021,خوب بود اما می‌توانست بهتر باشد,fa
19022,Das war unglaublich!,de
19023,Das war unglaublich!,de
19024,यह ठीक था।,hi
19025,این بهترین روز من بود,fa
19026,बहुत ही अच्छा प्रदर्शन!,hi
19027,Worst day ever.,en
19028,این بهترین روز من بود,fa
19029,I am so tired of this nonsense.,en
19030,यह ठीक था।,hi
19031,Ich bin enttäuscht.,de
19032,مقبول لكنه ليس الأفضل,ar
19033,من خیلی ناراحتم,fa
19034,What a beautiful day!,en
19035,"Nicht schlecht, aber nicht gut.",de
19036,This is terrible...,en
19037,Absolutely fantastic experience!,en
19038,Das war unglaublich!,de
19039,اليوم كان رائعًا,ar
19040,اليوم كان رائعًا,ar
19041,من خیلی ناراحتم,fa
19042,Ich bin enttäuscht.,de
19043,Das war unglaublich!,de
19044,बहुत ही अच्छा प्रदर्शन!,hi
19045,Absolutely fantastic experience!,en
19046,बहुत ही अच्छा प्रदर्शन!,hi
19047,خوب بود اما می‌توانست بهتر باشد,fa
19048,यह ठीक था।,hi
19049,I love this!,en
19050,I love this!,en
19051,यह ठीक था।,hi
19052,Das war unglaublich!,de
19053,مقبول لكنه ليس الأفضل,ar
19054,मैं इससे खुश नहीं हूँ।,hi
19055,Worst day ever.,en
19056,This is terrible...,en
19057,Could be better.,en
19058,I love this!,en
19059,مقبول لكنه ليس الأفضل,ar
19060,خوب بود اما می‌توانست بهتر باشد,fa
19061,لا يعجبني هذا,ar
19062,This is terrible...,en
19063,Das war unglaublich!,de
19064,مقبول لكنه ليس الأفضل,ar
19065,Ich bin enttäuscht.,de
19066,من خیلی ناراحتم,fa
19067,این بهترین روز من بود,fa
19068,اليوم كان رائعًا,ar
19069,خوب بود اما می‌توانست بهتر باشد,fa
19070,यह ठीक था।,hi
19071,यह ठीक था।,hi
19072,बहुत ही अच्छा प्रदर्शन!,hi
19073,I love this!,en
19074,لا يعجبني هذا,ar
19075,I am so tired of this nonsense.,en
19076,مقبول لكنه ليس الأفضل,ar
19077,مقبول لكنه ليس الأفضل,ar
19078,मैं इससे खुश नहीं हूँ।,hi
19079,Das war unglaublich!,de
19080,This is terrible...,en
19081,This is terrible...,en
19082,Absolutely fantastic experience!,en
19083,اليوم كان رائعًا,ar
19084,Could be better.,en
19085,مقبول لكنه ليس الأفضل,ar
19086,لا يعجبني هذا,ar
19087,यह ठीक था।,hi
19088,مقبول لكنه ليس الأفضل,ar
19089,मैं इससे खुश नहीं हूँ।,hi
19090,What a beautiful day!,en
19091,Worst day ever.,en
19092,لا يعجبني هذا,ar
19093,مقبول لكنه ليس الأفضل,ar
19094,I am so tired of this nonsense.,en
19095,मैं इससे खुश नहीं हूँ।,hi
19096,لا يعجبني هذا,ar
19097,Absolutely fantastic experience!,en
19098,این بهترین روز من بود,fa
19099,مقبول لكنه ليس الأفضل,ar
19100,Could be better.,en
19101,What a beautiful day!,en
19102,What a beautiful day!,en
19103,من خیلی ناراحتم,fa
19104,What a beautiful day!,en
19105,این بهترین روز من بود,fa
19106,I love this!,en
19107,यह ठीक था।,hi
19108,اليوم كان رائعًا,ar
19109,من خیلی ناراحتم,fa
19110,خوب بود اما می‌توانست بهتر باشد,fa
19111,What a beautiful day!,en
19112,Worst day ever.,en
19113,مقبول لكنه ليس الأفضل,ar
19114,This is terrible...,en
19115,"Nicht schlecht, aber nicht gut.",de
19116,"Nicht schlecht, aber nicht gut.",de
19117,I love this!,en
19118,Worst day ever.,en
19119,I am so tired of this nonsense.,en
19120,बहुत ही अच्छा प्रदर्शन!,hi
19121,این بهترین روز من بود,fa
19122,Worst day ever.,en
19123,Das war unglaublich!,de
19124,Absolutely fantastic experience!,en
19125,I love this!,en
19126,"Nicht schlecht, aber nicht gut.",de
19127,Ich bin enttäuscht.,de
19128,خوب بود اما می‌توانست بهتر باشد,fa
19129,Das war unglaublich!,de
19130,"Nicht schlecht, aber nicht gut.",de
19131,مقبول لكنه ليس الأفضل,ar
19132,من خیلی ناراحتم,fa
19133,What a beautiful day!,en
19134,This is terrible...,en
19135,I am so tired of this nonsense.,en
19136,I am so tired of this nonsense.,en
19137,من خیلی ناراحتم,fa
19138,This is terrible...,en
19139,اليوم كان رائعًا,ar
19140,मैं इससे खुश नहीं हूँ।,hi
19141,مقبول لكنه ليس الأفضل,ar
19142,خوب بود اما می‌توانست بهتر باشد,fa
19143,Could be better.,en
19144,Ich bin enttäuscht.,de
19145,"Nicht schlecht, aber nicht gut.",de
19146,बहुत ही अच्छा प्रदर्शन!,hi
19147,اليوم كان رائعًا,ar
19148,لا يعجبني هذا,ar
19149,اليوم كان رائعًا,ar
19150,Das war unglaublich!,de
19151,मैं इससे खुश नहीं हूँ।,hi
19152,मैं इससे खुश नहीं हूँ।,hi
19153,"Nicht schlecht, aber nicht gut.",de
19154,Worst day ever.,en
19155,Worst day ever.,en
19156,मैं इससे खुश नहीं हूँ।,hi
19157,मैं इससे खुश नहीं हूँ।,hi
19158,बहुत ही अच्छा प्रदर्शन!,hi
19159,I am so tired of this nonsense.,en
19160,बहुत ही अच्छा प्रदर्शन!,hi
19161,مقبول لكنه ليس الأفضل,ar
19162,Das war unglaublich!,de
19163,मैं इससे खुश नहीं हूँ।,hi
19164,Ich bin enttäuscht.,de
19165,This is terrible...,en
19166,خوب بود اما می‌توانست بهتر باشد,fa
19167,What a beautiful day!,en
19168,خوب بود اما می‌توانست بهتر باشد,fa
19169,I am so tired of this nonsense.,en
19170,मैं इससे खुश नहीं हूँ।,hi
19171,لا يعجبني هذا,ar
19172,Worst day ever.,en
19173,مقبول لكنه ليس الأفضل,ar
19174,لا يعجبني هذا,ar
19175,من خیلی ناراحتم,fa
19176,Ich bin enttäuscht.,de
19177,Ich bin enttäuscht.,de
19178,لا يعجبني هذا,ar
19179,मैं इससे खुश नहीं हूँ।,hi
19180,यह ठीक था।,hi
19181,"Nicht schlecht, aber nicht gut.",de
19182,"Nicht schlecht, aber nicht gut.",de
19183,مقبول لكنه ليس الأفضل,ar
19184,बहुत ही अच्छा प्रदर्शन!,hi
19185,This is terrible...,en
19186,من خیلی ناراحتم,fa
19187,من خیلی ناراحتم,fa
19188,यह ठीक था।,hi
19189,این بهترین روز من بود,fa
19190,لا يعجبني هذا,ar
19191,Absolutely fantastic experience!,en
19192,Could be better.,en
19193,Absolutely fantastic experience!,en
19194,Absolutely fantastic experience!,en
19195,Could be better.,en
19196,مقبول لكنه ليس الأفضل,ar
19197,Worst day ever.,en
19198,What a beautiful day!,en
19199,اليوم كان رائعًا,ar
19200,Could be better.,en
19201,اليوم كان رائعًا,ar
19202,यह ठीक था।,hi
19203,اليوم كان رائعًا,ar
19204,मैं इससे खुश नहीं हूँ।,hi
19205,Das war unglaublich!,de
19206,مقبول لكنه ليس الأفضل,ar
19207,I am so tired of this nonsense.,en
19208,यह ठीक था।,hi
19209,I love this!,en
19210,यह ठीक था।,hi
19211,لا يعجبني هذا,ar
19212,I love this!,en
19213,I am so tired of this nonsense.,en
19214,बहुत ही अच्छा प्रदर्शन!,hi
19215,لا يعجبني هذا,ar
19216,This is terrible...,en
19217,Ich bin enttäuscht.,de
19218,I am so tired of this nonsense.,en
19219,This is terrible...,en
19220,Ich bin enttäuscht.,de
19221,Ich bin enttäuscht.,de
19222,What a beautiful day!,en
19223,"Nicht schlecht, aber nicht gut.",de
19224,Ich bin enttäuscht.,de
19225,"Nicht schlecht, aber nicht gut.",de
19226,Das war unglaublich!,de
19227,خوب بود اما می‌توانست بهتر باشد,fa
19228,لا يعجبني هذا,ar
19229,این بهترین روز من بود,fa
19230,لا يعجبني هذا,ar
19231,बहुत ही अच्छा प्रदर्शन!,hi
19232,Worst day ever.,en
19233,यह ठीक था।,hi
19234,This is terrible...,en
19235,I am so tired of this nonsense.,en
19236,What a beautiful day!,en
19237,لا يعجبني هذا,ar
19238,مقبول لكنه ليس الأفضل,ar
19239,What a beautiful day!,en
19240,Das war unglaublich!,de
19241,What a beautiful day!,en
19242,مقبول لكنه ليس الأفضل,ar
19243,Could be better.,en
19244,I am so tired of this nonsense.,en
19245,Could be better.,en
19246,यह ठीक था।,hi
19247,Could be better.,en
19248,यह ठीक था।,hi
19249,من خیلی ناراحتم,fa
19250,اليوم كان رائعًا,ar
19251,Could be better.,en
19252,What a beautiful day!,en
19253,बहुत ही अच्छा प्रदर्शन!,hi
19254,مقبول لكنه ليس الأفضل,ar
19255,This is terrible...,en
19256,I am so tired of this nonsense.,en
19257,"Nicht schlecht, aber nicht gut.",de
19258,این بهترین روز من بود,fa
19259,I love this!,en
19260,خوب بود اما می‌توانست بهتر باشد,fa
19261,خوب بود اما می‌توانست بهتر باشد,fa
19262,اليوم كان رائعًا,ar
19263,Absolutely fantastic experience!,en
19264,मैं इससे खुश नहीं हूँ।,hi
19265,मैं इससे खुश नहीं हूँ।,hi
19266,What a beautiful day!,en
19267,यह ठीक था।,hi
19268,Worst day ever.,en
19269,Worst day ever.,en
19270,خوب بود اما می‌توانست بهتر باشد,fa
19271,Ich bin enttäuscht.,de
19272,لا يعجبني هذا,ar
19273,من خیلی ناراحتم,fa
19274,I love this!,en
19275,Ich bin enttäuscht.,de
19276,Ich bin enttäuscht.,de
19277,This is terrible...,en
19278,Absolutely fantastic experience!,en
19279,Ich bin enttäuscht.,de
19280,Worst day ever.,en
19281,Could be better.,en
19282,اليوم كان رائعًا,ar
19283,Das war unglaublich!,de
19284,This is terrible...,en
19285,Could be better.,en
19286,यह ठीक था।,hi
19287,I am so tired of this nonsense.,en
19288,این بهترین روز من بود,fa
19289,यह ठीक था।,hi
19290,Das war unglaublich!,de
19291,बहुत ही अच्छा प्रदर्शन!,hi
19292,Worst day ever.,en
19293,बहुत ही अच्छा प्रदर्शन!,hi
19294,Absolutely fantastic experience!,en
19295,Could be better.,en
19296,I am so tired of this nonsense.,en
19297,I love this!,en
19298,Worst day ever.,en
19299,Absolutely fantastic experience!,en
19300,मैं इससे खुश नहीं हूँ।,hi
19301,خوب بود اما می‌توانست بهتر باشد,fa
19302,لا يعجبني هذا,ar
19303,Das war unglaublich!,de
19304,لا يعجبني هذا,ar
19305,Das war unglaublich!,de
19306,मैं इससे खुश नहीं हूँ।,hi
19307,Absolutely fantastic experience!,en
19308,मैं इससे खुश नहीं हूँ।,hi
19309,من خیلی ناراحتم,fa
19310,این بهترین روز من بود,fa
19311,I am so tired of this nonsense.,en
19312,What a beautiful day!,en
19313,اليوم كان رائعًا,ar
19314,اليوم كان رائعًا,ar
19315,"Nicht schlecht, aber nicht gut.",de
19316,यह ठीक था।,hi
19317,"Nicht schlecht, aber nicht gut.",de
19318,لا يعجبني هذا,ar
19319,خوب بود اما می‌توانست بهتر باشد,fa
19320,خوب بود اما می‌توانست بهتر باشد,fa
19321,Das war unglaublich!,de
19322,बहुत ही अच्छा प्रदर्शन!,hi
19323,What a beautiful day!,en
19324,I love this!,en
19325,این بهترین روز من بود,fa
19326,बहुत ही अच्छा प्रदर्शन!,hi
19327,What a beautiful day!,en
19328,من خیلی ناراحتم,fa
19329,बहुत ही अच्छा प्रदर्शन!,hi
19330,اليوم كان رائعًا,ar
19331,لا يعجبني هذا,ar
19332,Das war unglaublich!,de
19333,I am so tired of this nonsense.,en
19334,"Nicht schlecht, aber nicht gut.",de
19335,I love this!,en
19336,این بهترین روز من بود,fa
19337,مقبول لكنه ليس الأفضل,ar
19338,اليوم كان رائعًا,ar
19339,Worst day ever.,en
19340,बहुत ही अच्छा प्रदर्शन!,hi
19341,این بهترین روز من بود,fa
19342,اليوم كان رائعًا,ar
19343,خوب بود اما می‌توانست بهتر باشد,fa
19344,خوب بود اما می‌توانست بهتر باشد,fa
19345,बहुत ही अच्छा प्रदर्शन!,hi
19346,اليوم كان رائعًا,ar
19347,من خیلی ناراحتم,fa
19348,मैं इससे खुश नहीं हूँ।,hi
19349,Das war unglaublich!,de
19350,من خیلی ناراحتم,fa
19351,مقبول لكنه ليس الأفضل,ar
19352,این بهترین روز من بود,fa
19353,यह ठीक था।,hi
19354,What a beautiful day!,en
19355,Could be better.,en
19356,مقبول لكنه ليس الأفضل,ar
19357,यह ठीक था।,hi
19358,I love this!,en
19359,Could be better.,en
19360,Could be better.,en
19361,خوب بود اما می‌توانست بهتر باشد,fa
19362,What a beautiful day!,en
19363,I am so tired of this nonsense.,en
19364,Worst day ever.,en
19365,لا يعجبني هذا,ar
19366,मैं इससे खुश नहीं हूँ।,hi
19367,Could be better.,en
19368,This is terrible...,en
19369,What a beautiful day!,en
19370,Ich bin enttäuscht.,de
19371,لا يعجبني هذا,ar
19372,मैं इससे खुश नहीं हूँ।,hi
19373,Absolutely fantastic experience!,en
19374,बहुत ही अच्छा प्रदर्शन!,hi
19375,اليوم كان رائعًا,ar
19376,اليوم كان رائعًا,ar
19377,Worst day ever.,en
19378,Ich bin enttäuscht.,de
19379,اليوم كان رائعًا,ar
19380,Absolutely fantastic experience!,en
19381,من خیلی ناراحتم,fa
19382,यह ठीक था।,hi
19383,मैं इससे खुश नहीं हूँ।,hi
19384,مقبول لكنه ليس الأفضل,ar
19385,I am so tired of this nonsense.,en
19386,Could be better.,en
19387,यह ठीक था।,hi
19388,لا يعجبني هذا,ar
19389,I love this!,en
19390,Could be better.,en
19391,Worst day ever.,en
19392,This is terrible...,en
19393,Worst day ever.,en
19394,Could be better.,en
19395,I am so tired of this nonsense.,en
19396,बहुत ही अच्छा प्रदर्शन!,hi
19397,من خیلی ناراحتم,fa
19398,मैं इससे खुश नहीं हूँ।,hi
19399,Das war unglaublich!,de
19400,I am so tired of this nonsense.,en
19401,मैं इससे खुश नहीं हूँ।,hi
19402,I am so tired of this nonsense.,en
19403,Das war unglaublich!,de
19404,What a beautiful day!,en
19405,اليوم كان رائعًا,ar
19406,Worst day ever.,en
19407,I am so tired of this nonsense.,en
19408,"Nicht schlecht, aber nicht gut.",de
19409,اليوم كان رائعًا,ar
19410,من خیلی ناراحتم,fa
19411,لا يعجبني هذا,ar
19412,बहुत ही अच्छा प्रदर्शन!,hi
19413,Worst day ever.,en
19414,This is terrible...,en
19415,Could be better.,en
19416,Could be better.,en
19417,"Nicht schlecht, aber nicht gut.",de
19418,Worst day ever.,en
19419,اليوم كان رائعًا,ar
19420,बहुत ही अच्छा प्रदर्शन!,hi
19421,Ich bin enttäuscht.,de
19422,Could be better.,en
19423,Absolutely fantastic experience!,en
19424,Ich bin enttäuscht.,de
19425,Worst day ever.,en
19426,I am so tired of this nonsense.,en
19427,Das war unglaublich!,de
19428,I love this!,en
19429,This is terrible...,en
19430,مقبول لكنه ليس الأفضل,ar
19431,I am so tired of this nonsense.,en
19432,Absolutely fantastic experience!,en
19433,What a beautiful day!,en
19434,"Nicht schlecht, aber nicht gut.",de
19435,خوب بود اما می‌توانست بهتر باشد,fa
19436,Ich bin enttäuscht.,de
19437,این بهترین روز من بود,fa
19438,"Nicht schlecht, aber nicht gut.",de
19439,مقبول لكنه ليس الأفضل,ar
19440,I love this!,en
19441,این بهترین روز من بود,fa
19442,"Nicht schlecht, aber nicht gut.",de
19443,من خیلی ناراحتم,fa
19444,Could be better.,en
19445,मैं इससे खुश नहीं हूँ।,hi
19446,لا يعجبني هذا,ar
19447,من خیلی ناراحتم,fa
19448,मैं इससे खुश नहीं हूँ।,hi
19449,من خیلی ناراحتم,fa
19450,This is terrible...,en
19451,Das war unglaublich!,de
19452,خوب بود اما می‌توانست بهتر باشد,fa
19453,"Nicht schlecht, aber nicht gut.",de
19454,Worst day ever.,en
19455,این بهترین روز من بود,fa
19456,बहुत ही अच्छा प्रदर्शन!,hi
19457,I love this!,en
19458,من خیلی ناراحتم,fa
19459,این بهترین روز من بود,fa
19460,من خیلی ناراحتم,fa
19461,"Nicht schlecht, aber nicht gut.",de
19462,I love this!,en
19463,मैं इससे खुश नहीं हूँ।,hi
19464,من خیلی ناراحتم,fa
19465,مقبول لكنه ليس الأفضل,ar
19466,Ich bin enttäuscht.,de
19467,Absolutely fantastic experience!,en
19468,What a beautiful day!,en
19469,I love this!,en
19470,I love this!,en
19471,اليوم كان رائعًا,ar
19472,Absolutely fantastic experience!,en
19473,Das war unglaublich!,de
19474,Ich bin enttäuscht.,de
19475,Ich bin enttäuscht.,de
19476,Could be better.,en
19477,यह ठीक था।,hi
19478,What a beautiful day!,en
19479,What a beautiful day!,en
19480,मैं इससे खुश नहीं हूँ।,hi
19481,مقبول لكنه ليس الأفضل,ar
19482,Ich bin enttäuscht.,de
19483,"Nicht schlecht, aber nicht gut.",de
19484,این بهترین روز من بود,fa
19485,यह ठीक था।,hi
19486,This is terrible...,en
19487,من خیلی ناراحتم,fa
19488,خوب بود اما می‌توانست بهتر باشد,fa
19489,خوب بود اما می‌توانست بهتر باشد,fa
19490,خوب بود اما می‌توانست بهتر باشد,fa
19491,Worst day ever.,en
19492,Das war unglaublich!,de
19493,I am so tired of this nonsense.,en
19494,لا يعجبني هذا,ar
19495,बहुत ही अच्छा प्रदर्शन!,hi
19496,This is terrible...,en
19497,Das war unglaublich!,de
19498,اليوم كان رائعًا,ar
19499,What a beautiful day!,en
19500,Worst day ever.,en
19501,لا يعجبني هذا,ar
19502,यह ठीक था।,hi
19503,I love this!,en
19504,I am so tired of this nonsense.,en
19505,لا يعجبني هذا,ar
19506,لا يعجبني هذا,ar
19507,Das war unglaublich!,de
19508,من خیلی ناراحتم,fa
19509,बहुत ही अच्छा प्रदर्शन!,hi
19510,बहुत ही अच्छा प्रदर्शन!,hi
19511,यह ठीक था।,hi
19512,बहुत ही अच्छा प्रदर्शन!,hi
19513,خوب بود اما می‌توانست بهتر باشد,fa
19514,Worst day ever.,en
19515,من خیلی ناراحتم,fa
19516,बहुत ही अच्छा प्रदर्शन!,hi
19517,I am so tired of this nonsense.,en
19518,Worst day ever.,en
19519,मैं इससे खुश नहीं हूँ।,hi
19520,Das war unglaublich!,de
19521,من خیلی ناراحتم,fa
19522,این بهترین روز من بود,fa
19523,این بهترین روز من بود,fa
19524,Could be better.,en
19525,من خیلی ناراحتم,fa
19526,I love this!,en
19527,من خیلی ناراحتم,fa
19528,مقبول لكنه ليس الأفضل,ar
19529,This is terrible...,en
19530,لا يعجبني هذا,ar
19531,"Nicht schlecht, aber nicht gut.",de
19532,बहुत ही अच्छा प्रदर्शन!,hi
19533,I love this!,en
19534,Could be better.,en
19535,اليوم كان رائعًا,ar
19536,I am so tired of this nonsense.,en
19537,Absolutely fantastic experience!,en
19538,اليوم كان رائعًا,ar
19539,This is terrible...,en
19540,اليوم كان رائعًا,ar
19541,Ich bin enttäuscht.,de
19542,لا يعجبني هذا,ar
19543,این بهترین روز من بود,fa
19544,لا يعجبني هذا,ar
19545,اليوم كان رائعًا,ar
19546,What a beautiful day!,en
19547,बहुत ही अच्छा प्रदर्शन!,hi
19548,बहुत ही अच्छा प्रदर्शन!,hi
19549,Ich bin enttäuscht.,de
19550,Das war unglaublich!,de
19551,خوب بود اما می‌توانست بهتر باشد,fa
19552,لا يعجبني هذا,ar
19553,Absolutely fantastic experience!,en
19554,I love this!,en
19555,I love this!,en
19556,What a beautiful day!,en
19557,Could be better.,en
19558,मैं इससे खुश नहीं हूँ।,hi
19559,मैं इससे खुश नहीं हूँ।,hi
19560,Ich bin enttäuscht.,de
19561,Absolutely fantastic experience!,en
19562,"Nicht schlecht, aber nicht gut.",de
19563,خوب بود اما می‌توانست بهتر باشد,fa
19564,Das war unglaublich!,de
19565,I am so tired of this nonsense.,en
19566,لا يعجبني هذا,ar
19567,Ich bin enttäuscht.,de
19568,Ich bin enttäuscht.,de
19569,"Nicht schlecht, aber nicht gut.",de
19570,Could be better.,en
19571,لا يعجبني هذا,ar
19572,What a beautiful day!,en
19573,Ich bin enttäuscht.,de
19574,Worst day ever.,en
19575,What a beautiful day!,en
19576,"Nicht schlecht, aber nicht gut.",de
19577,This is terrible...,en
19578,مقبول لكنه ليس الأفضل,ar
19579,Worst day ever.,en
19580,What a beautiful day!,en
19581,This is terrible...,en
19582,Absolutely fantastic experience!,en
19583,Ich bin enttäuscht.,de
19584,Worst day ever.,en
19585,مقبول لكنه ليس الأفضل,ar
19586,Worst day ever.,en
19587,I am so tired of this nonsense.,en
19588,لا يعجبني هذا,ar
19589,Worst day ever.,en
19590,Absolutely fantastic experience!,en
19591,Worst day ever.,en
19592,Worst day ever.,en
19593,Ich bin enttäuscht.,de
19594,مقبول لكنه ليس الأفضل,ar
19595,I am so tired of this nonsense.,en
19596,Ich bin enttäuscht.,de
19597,لا يعجبني هذا,ar
19598,बहुत ही अच्छा प्रदर्शन!,hi
19599,اليوم كان رائعًا,ar
19600,बहुत ही अच्छा प्रदर्शन!,hi
19601,I am so tired of this nonsense.,en
19602,मैं इससे खुश नहीं हूँ।,hi
19603,Worst day ever.,en
19604,यह ठीक था।,hi
19605,Could be better.,en
19606,Das war unglaublich!,de
19607,Could be better.,en
19608,What a beautiful day!,en
19609,Worst day ever.,en
19610,خوب بود اما می‌توانست بهتر باشد,fa
19611,"Nicht schlecht, aber nicht gut.",de
19612,این بهترین روز من بود,fa
19613,Absolutely fantastic experience!,en
19614,اليوم كان رائعًا,ar
19615,I am so tired of this nonsense.,en
19616,I am so tired of this nonsense.,en
19617,Das war unglaublich!,de
19618,من خیلی ناراحتم,fa
19619,I love this!,en
19620,لا يعجبني هذا,ar
19621,यह ठीक था।,hi
19622,What a beautiful day!,en
19623,اليوم كان رائعًا,ar
19624,यह ठीक था।,hi
19625,این بهترین روز من بود,fa
19626,این بهترین روز من بود,fa
19627,What a beautiful day!,en
19628,اليوم كان رائعًا,ar
19629,Could be better.,en
19630,I am so tired of this nonsense.,en
19631,لا يعجبني هذا,ar
19632,"Nicht schlecht, aber nicht gut.",de
19633,Could be better.,en
19634,What a beautiful day!,en
19635,من خیلی ناراحتم,fa
19636,Could be better.,en
19637,مقبول لكنه ليس الأفضل,ar
19638,This is terrible...,en
19639,لا يعجبني هذا,ar
19640,Ich bin enttäuscht.,de
19641,This is terrible...,en
19642,What a beautiful day!,en
19643,"Nicht schlecht, aber nicht gut.",de
19644,Ich bin enttäuscht.,de
19645,I love this!,en
19646,مقبول لكنه ليس الأفضل,ar
19647,لا يعجبني هذا,ar
19648,خوب بود اما می‌توانست بهتر باشد,fa
19649,Worst day ever.,en
19650,What a beautiful day!,en
19651,Absolutely fantastic experience!,en
19652,اليوم كان رائعًا,ar
19653,What a beautiful day!,en
19654,What a beautiful day!,en
19655,Das war unglaublich!,de
19656,यह ठीक था।,hi
19657,Worst day ever.,en
19658,I love this!,en
19659,Could be better.,en
19660,Das war unglaublich!,de
19661,اليوم كان رائعًا,ar
19662,لا يعجبني هذا,ar
19663,What a beautiful day!,en
19664,मैं इससे खुश नहीं हूँ।,hi
19665,لا يعجبني هذا,ar
19666,"Nicht schlecht, aber nicht gut.",de
19667,Could be better.,en
19668,خوب بود اما می‌توانست بهتر باشد,fa
19669,اليوم كان رائعًا,ar
19670,"Nicht schlecht, aber nicht gut.",de
19671,I love this!,en
19672,बहुत ही अच्छा प्रदर्शन!,hi
19673,من خیلی ناراحتم,fa
19674,Could be better.,en
19675,I love this!,en
19676,यह ठीक था।,hi
19677,من خیلی ناراحتم,fa
19678,What a beautiful day!,en
19679,Could be better.,en
19680,Ich bin enttäuscht.,de
19681,This is terrible...,en
19682,Das war unglaublich!,de
19683,बहुत ही अच्छा प्रदर्शन!,hi
19684,I am so tired of this nonsense.,en
19685,Worst day ever.,en
19686,यह ठीक था।,hi
19687,"Nicht schlecht, aber nicht gut.",de
19688,من خیلی ناراحتم,fa
19689,Absolutely fantastic experience!,en
19690,I love this!,en
19691,यह ठीक था।,hi
19692,Ich bin enttäuscht.,de
19693,Worst day ever.,en
19694,This is terrible...,en
19695,لا يعجبني هذا,ar
19696,خوب بود اما می‌توانست بهتر باشد,fa
19697,मैं इससे खुश नहीं हूँ।,hi
19698,من خیلی ناراحتم,fa
19699,"Nicht schlecht, aber nicht gut.",de
19700,اليوم كان رائعًا,ar
19701,I am so tired of this nonsense.,en
19702,I love this!,en
19703,Worst day ever.,en
19704,Worst day ever.,en
19705,"Nicht schlecht, aber nicht gut.",de
19706,Das war unglaublich!,de
19707,Worst day ever.,en
19708,Ich bin enttäuscht.,de
19709,I am so tired of this nonsense.,en
19710,من خیلی ناراحتم,fa
19711,این بهترین روز من بود,fa
19712,बहुत ही अच्छा प्रदर्शन!,hi
19713,What a beautiful day!,en
19714,Could be better.,en
19715,خوب بود اما می‌توانست بهتر باشد,fa
19716,مقبول لكنه ليس الأفضل,ar
19717,اليوم كان رائعًا,ar
19718,This is terrible...,en
19719,من خیلی ناراحتم,fa
19720,Ich bin enttäuscht.,de
19721,What a beautiful day!,en
19722,What a beautiful day!,en
19723,Could be better.,en
19724,اليوم كان رائعًا,ar
19725,यह ठीक था।,hi
19726,Das war unglaublich!,de
19727,مقبول لكنه ليس الأفضل,ar
19728,مقبول لكنه ليس الأفضل,ar
19729,Absolutely fantastic experience!,en
19730,مقبول لكنه ليس الأفضل,ar
19731,I am so tired of this nonsense.,en
19732,Das war unglaublich!,de
19733,Worst day ever.,en
19734,This is terrible...,en
19735,این بهترین روز من بود,fa
19736,Ich bin enttäuscht.,de
19737,This is terrible...,en
19738,"Nicht schlecht, aber nicht gut.",de
19739,Das war unglaublich!,de
19740,I love this!,en
19741,Absolutely fantastic experience!,en
19742,मैं इससे खुश नहीं हूँ।,hi
19743,I am so tired of this nonsense.,en
19744,I am so tired of this nonsense.,en
19745,مقبول لكنه ليس الأفضل,ar
19746,مقبول لكنه ليس الأفضل,ar
19747,What a beautiful day!,en
19748,این بهترین روز من بود,fa
19749,Absolutely fantastic experience!,en
19750,من خیلی ناراحتم,fa
19751,Absolutely fantastic experience!,en
19752,من خیلی ناراحتم,fa
19753,Worst day ever.,en
19754,این بهترین روز من بود,fa
19755,من خیلی ناراحتم,fa
19756,यह ठीक था।,hi
19757,این بهترین روز من بود,fa
19758,"Nicht schlecht, aber nicht gut.",de
19759,यह ठीक था।,hi
19760,اليوم كان رائعًا,ar
19761,این بهترین روز من بود,fa
19762,यह ठीक था।,hi
19763,مقبول لكنه ليس الأفضل,ar
19764,اليوم كان رائعًا,ar
19765,Absolutely fantastic experience!,en
19766,This is terrible...,en
19767,Das war unglaublich!,de
19768,اليوم كان رائعًا,ar
19769,Worst day ever.,en
19770,बहुत ही अच्छा प्रदर्शन!,hi
19771,Absolutely fantastic experience!,en
19772,This is terrible...,en
19773,Absolutely fantastic experience!,en
19774,Das war unglaublich!,de
19775,من خیلی ناراحتم,fa
19776,Worst day ever.,en
19777,Das war unglaublich!,de
19778,مقبول لكنه ليس الأفضل,ar
19779,यह ठीक था।,hi
19780,این بهترین روز من بود,fa
19781,यह ठीक था।,hi
19782,"Nicht schlecht, aber nicht gut.",de
19783,Absolutely fantastic experience!,en
19784,این بهترین روز من بود,fa
19785,I love this!,en
19786,"Nicht schlecht, aber nicht gut.",de
19787,This is terrible...,en
19788,मैं इससे खुश नहीं हूँ।,hi
19789,Ich bin enttäuscht.,de
19790,यह ठीक था।,hi
19791,Could be better.,en
19792,मैं इससे खुश नहीं हूँ।,hi
19793,اليوم كان رائعًا,ar
19794,Could be better.,en
19795,बहुत ही अच्छा प्रदर्शन!,hi
19796,لا يعجبني هذا,ar
19797,मैं इससे खुश नहीं हूँ।,hi
19798,Ich bin enttäuscht.,de
19799,این بهترین روز من بود,fa
19800,مقبول لكنه ليس الأفضل,ar
19801,Could be better.,en
19802,"Nicht schlecht, aber nicht gut.",de
19803,बहुत ही अच्छा प्रदर्शन!,hi
19804,مقبول لكنه ليس الأفضل,ar
19805,Absolutely fantastic experience!,en
19806,Worst day ever.,en
19807,Could be better.,en
19808,مقبول لكنه ليس الأفضل,ar
19809,"Nicht schlecht, aber nicht gut.",de
19810,यह ठीक था।,hi
19811,Absolutely fantastic experience!,en
19812,I am so tired of this nonsense.,en
19813,Could be better.,en
19814,اليوم كان رائعًا,ar
19815,"Nicht schlecht, aber nicht gut.",de
19816,यह ठीक था।,hi
19817,Absolutely fantastic experience!,en
19818,Absolutely fantastic experience!,en
19819,Absolutely fantastic experience!,en
19820,اليوم كان رائعًا,ar
19821,Das war unglaublich!,de
19822,اليوم كان رائعًا,ar
19823,Ich bin enttäuscht.,de
19824,Absolutely fantastic experience!,en
19825,Worst day ever.,en
19826,مقبول لكنه ليس الأفضل,ar
19827,مقبول لكنه ليس الأفضل,ar
19828,What a beautiful day!,en
19829,من خیلی ناراحتم,fa
19830,Ich bin enttäuscht.,de
19831,मैं इससे खुश नहीं हूँ।,hi
19832,اليوم كان رائعًا,ar
19833,Could be better.,en
19834,मैं इससे खुश नहीं हूँ।,hi
19835,This is terrible...,en
19836,Ich bin enttäuscht.,de
19837,बहुत ही अच्छा प्रदर्शन!,hi
19838,मैं इससे खुश नहीं हूँ।,hi
19839,Absolutely fantastic experience!,en
19840,Ich bin enttäuscht.,de
19841,Worst day ever.,en
19842,यह ठीक था।,hi
19843,Worst day ever.,en
19844,This is terrible...,en
19845,لا يعجبني هذا,ar
19846,Das war unglaublich!,de
19847,I am so tired of this nonsense.,en
19848,I love this!,en
19849,مقبول لكنه ليس الأفضل,ar
19850,What a beautiful day!,en
19851,Absolutely fantastic experience!,en
19852,This is terrible...,en
19853,"Nicht schlecht, aber nicht gut.",de
19854,यह ठीक था।,hi
19855,Das war unglaublich!,de
19856,बहुत ही अच्छा प्रदर्शन!,hi
19857,این بهترین روز من بود,fa
19858,मैं इससे खुश नहीं हूँ।,hi
19859,This is terrible...,en
19860,बहुत ही अच्छा प्रदर्शन!,hi
19861,I love this!,en
19862,اليوم كان رائعًا,ar
19863,این بهترین روز من بود,fa
19864,"Nicht schlecht, aber nicht gut.",de
19865,बहुत ही अच्छा प्रदर्शन!,hi
19866,What a beautiful day!,en
19867,मैं इससे खुश नहीं हूँ।,hi
19868,لا يعجبني هذا,ar
19869,Absolutely fantastic experience!,en
19870,मैं इससे खुश नहीं हूँ।,hi
19871,Ich bin enttäuscht.,de
19872,मैं इससे खुश नहीं हूँ।,hi
19873,اليوم كان رائعًا,ar
19874,لا يعجبني هذا,ar
19875,لا يعجبني هذا,ar
19876,Das war unglaublich!,de
19877,Absolutely fantastic experience!,en
19878,مقبول لكنه ليس الأفضل,ar
19879,What a beautiful day!,en
19880,Worst day ever.,en
19881,من خیلی ناراحتم,fa
19882,Worst day ever.,en
19883,What a beautiful day!,en
19884,من خیلی ناراحتم,fa
19885,لا يعجبني هذا,ar
19886,This is terrible...,en
19887,خوب بود اما می‌توانست بهتر باشد,fa
19888,این بهترین روز من بود,fa
19889,Absolutely fantastic experience!,en
19890,मैं इससे खुश नहीं हूँ।,hi
19891,لا يعجبني هذا,ar
19892,Could be better.,en
19893,من خیلی ناراحتم,fa
19894,मैं इससे खुश नहीं हूँ।,hi
19895,لا يعجبني هذا,ar
19896,این بهترین روز من بود,fa
19897,من خیلی ناراحتم,fa
19898,Das war unglaublich!,de
19899,لا يعجبني هذا,ar
19900,Worst day ever.,en
19901,बहुत ही अच्छा प्रदर्शन!,hi
19902,This is terrible...,en
19903,Ich bin enttäuscht.,de
19904,این بهترین روز من بود,fa
19905,Das war unglaublich!,de
19906,Ich bin enttäuscht.,de
19907,این بهترین روز من بود,fa
19908,خوب بود اما می‌توانست بهتر باشد,fa
19909,मैं इससे खुश नहीं हूँ।,hi
19910,मैं इससे खुश नहीं हूँ।,hi
19911,मैं इससे खुश नहीं हूँ।,hi
19912,Ich bin enttäuscht.,de
19913,I love this!,en
19914,مقبول لكنه ليس الأفضل,ar
19915,This is terrible...,en
19916,Absolutely fantastic experience!,en
19917,مقبول لكنه ليس الأفضل,ar
19918,مقبول لكنه ليس الأفضل,ar
19919,मैं इससे खुश नहीं हूँ।,hi
19920,Absolutely fantastic experience!,en
19921,"Nicht schlecht, aber nicht gut.",de
19922,من خیلی ناراحتم,fa
19923,اليوم كان رائعًا,ar
19924,مقبول لكنه ليس الأفضل,ar
19925,مقبول لكنه ليس الأفضل,ar
19926,I love this!,en
19927,Ich bin enttäuscht.,de
19928,Das war unglaublich!,de
19929,Ich bin enttäuscht.,de
19930,این بهترین روز من بود,fa
19931,مقبول لكنه ليس الأفضل,ar
19932,बहुत ही अच्छा प्रदर्शन!,hi
19933,Ich bin enttäuscht.,de
19934,این بهترین روز من بود,fa
19935,لا يعجبني هذا,ar
19936,خوب بود اما می‌توانست بهتر باشد,fa
19937,Das war unglaublich!,de
19938,خوب بود اما می‌توانست بهتر باشد,fa
19939,Worst day ever.,en
19940,I am so tired of this nonsense.,en
19941,اليوم كان رائعًا,ar
19942,बहुत ही अच्छा प्रदर्शन!,hi
19943,Could be better.,en
19944,"Nicht schlecht, aber nicht gut.",de
19945,"Nicht schlecht, aber nicht gut.",de
19946,मैं इससे खुश नहीं हूँ।,hi
19947,Das war unglaublich!,de
19948,اليوم كان رائعًا,ar
19949,Das war unglaublich!,de
19950,اليوم كان رائعًا,ar
19951,"Nicht schlecht, aber nicht gut.",de
19952,"Nicht schlecht, aber nicht gut.",de
19953,من خیلی ناراحتم,fa
19954,I am so tired of this nonsense.,en
19955,Worst day ever.,en
19956,मैं इससे खुश नहीं हूँ।,hi
19957,اليوم كان رائعًا,ar
19958,Could be better.,en
19959,बहुत ही अच्छा प्रदर्शन!,hi
19960,बहुत ही अच्छा प्रदर्शन!,hi
19961,I love this!,en
19962,مقبول لكنه ليس الأفضل,ar
19963,خوب بود اما می‌توانست بهتر باشد,fa
19964,Das war unglaublich!,de
19965,Das war unglaublich!,de
19966,مقبول لكنه ليس الأفضل,ar
19967,Worst day ever.,en
19968,لا يعجبني هذا,ar
19969,اليوم كان رائعًا,ar
19970,बहुत ही अच्छा प्रदर्शन!,hi
19971,من خیلی ناراحتم,fa
19972,I love this!,en
19973,Absolutely fantastic experience!,en
19974,मैं इससे खुश नहीं हूँ।,hi
19975,What a beautiful day!,en
19976,Ich bin enttäuscht.,de
19977,مقبول لكنه ليس الأفضل,ar
19978,यह ठीक था।,hi
19979,این بهترین روز من بود,fa
19980,Ich bin enttäuscht.,de
19981,من خیلی ناراحتم,fa
19982,Could be better.,en
19983,Absolutely fantastic experience!,en
19984,Das war unglaublich!,de
19985,Absolutely fantastic experience!,en
19986,बहुत ही अच्छा प्रदर्शन!,hi
19987,I am so tired of this nonsense.,en
19988,Das war unglaublich!,de
19989,این بهترین روز من بود,fa
19990,اليوم كان رائعًا,ar
19991,مقبول لكنه ليس الأفضل,ar
19992,Worst day ever.,en
19993,Ich bin enttäuscht.,de
19994,Could be better.,en
19995,خوب بود اما می‌توانست بهتر باشد,fa
19996,لا يعجبني هذا,ar
19997,Absolutely fantastic experience!,en
19998,مقبول لكنه ليس الأفضل,ar
19999,من خیلی ناراحتم,fa